run,elapsed_ms,window_title,focus_resolvable,is_password
1,2,"Delima-AutoLogin - Antigravity IDE - README.md",true,false
1,163,"Delima-AutoLogin - Antigravity IDE - README.md",true,false
1,280,"Untitled - Google Chrome",true,false
1,409,"Untitled - Google Chrome",true,false
1,519,"Untitled - Google Chrome",true,false
1,625,"DELIMa 3.0 Digital Educational Learning Initiative Malaysia - Google Chrome",true,false
1,740,"DELIMa 3.0 Digital Educational Learning Initiative Malaysia - Google Chrome",true,false
1,847,"DELIMa 3.0 Digital Educational Learning Initiative Malaysia - Google Chrome",true,false
1,949,"DELIMa 3.0 Digital Educational Learning Initiative Malaysia - Google Chrome",true,false
1,1056,"DELIMa 3.0 Digital Educational Learning Initiative Malaysia - Google Chrome",true,false
1,1164,"DELIMa 3.0 Digital Educational Learning Initiative Malaysia - Google Chrome",true,false
1,1275,"DELIMa 3.0 Digital Educational Learning Initiative Malaysia - Google Chrome",true,false
1,1380,"DELIMa 3.0 Digital Educational Learning Initiative Malaysia - Google Chrome",true,false
1,1482,"DELIMa 3.0 Digital Educational Learning Initiative Malaysia - Google Chrome",true,false
1,1595,"DELIMa 3.0 Digital Educational Learning Initiative Malaysia - Google Chrome",true,false
1,1709,"DELIMa 3.0 Digital Educational Learning Initiative Malaysia - Google Chrome",true,false
1,1822,"DELIMa 3.0 Digital Educational Learning Initiative Malaysia - Google Chrome",true,false
1,1934,"DELIMa 3.0 Digital Educational Learning Initiative Malaysia - Google Chrome",true,false
1,2042,"DELIMa 3.0 Digital Educational Learning Initiative Malaysia - Google Chrome",true,false
1,2145,"DELIMa 3.0 Digital Educational Learning Initiative Malaysia - Google Chrome",true,false
1,2262,"DELIMa 3.0 Digital Educational Learning Initiative Malaysia - Google Chrome",true,false
1,2369,"DELIMa 3.0 Digital Educational Learning Initiative Malaysia - Google Chrome",true,false
1,2483,"DELIMa 3.0 Digital Educational Learning Initiative Malaysia - Google Chrome",true,false
1,2592,"DELIMa 3.0 Digital Educational Learning Initiative Malaysia - Google Chrome",true,false
1,2701,"DELIMa 3.0 Digital Educational Learning Initiative Malaysia - Google Chrome",true,false
1,2813,"DELIMa 3.0 Digital Educational Learning Initiative Malaysia - Google Chrome",true,false
1,2918,"DELIMa 3.0 Digital Educational Learning Initiative Malaysia - Google Chrome",true,false
1,3029,"DELIMa 3.0 Digital Educational Learning Initiative Malaysia - Google Chrome",true,false
1,3137,"DELIMa 3.0 Digital Educational Learning Initiative Malaysia - Google Chrome",true,false
1,3242,"DELIMa 3.0 Digital Educational Learning Initiative Malaysia - Google Chrome",true,false
1,3345,"DELIMa 3.0 Digital Educational Learning Initiative Malaysia - Google Chrome",true,false
1,3455,"DELIMa 3.0 Digital Educational Learning Initiative Malaysia - Google Chrome",true,false
1,3563,"DELIMa 3.0 Digital Educational Learning Initiative Malaysia - Google Chrome",true,false
1,3667,"Delima-AutoLogin - Antigravity IDE - README.md",true,false
1,3774,"Delima-AutoLogin - Antigravity IDE - README.md",true,false
1,3884,"Delima-AutoLogin - Antigravity IDE - README.md",true,false
1,3990,"Delima-AutoLogin - Antigravity IDE - README.md",true,false
1,4104,"Delima-AutoLogin - Antigravity IDE - README.md",true,false
1,4220,"Delima-AutoLogin - Antigravity IDE - README.md",true,false
1,4326,"Delima-AutoLogin - Antigravity IDE - README.md",true,false
1,4439,"Delima-AutoLogin - Antigravity IDE - README.md",true,false
1,4552,"Delima-AutoLogin - Antigravity IDE - README.md",true,false
1,4655,"Delima-AutoLogin - Antigravity IDE - README.md",true,false
1,4764,"Delima-AutoLogin - Antigravity IDE - README.md",true,false
1,4867,"Delima-AutoLogin - Antigravity IDE - README.md",true,false
1,4969,"Delima-AutoLogin - Antigravity IDE - README.md",true,false
1,5083,"Delima-AutoLogin - Antigravity IDE - README.md",true,false
1,5185,"Delima-AutoLogin - Antigravity IDE - README.md",true,false
1,5290,"Delima-AutoLogin - Antigravity IDE - README.md",true,false
1,5398,"Delima-AutoLogin - Antigravity IDE - README.md",true,false
1,5501,"Delima-AutoLogin - Antigravity IDE - README.md",true,false
1,5609,"Delima-AutoLogin - Antigravity IDE - README.md",true,false
1,5711,"Delima-AutoLogin - Antigravity IDE - README.md",true,false
1,5815,"Delima-AutoLogin - Antigravity IDE - README.md",true,false
1,5917,"Delima-AutoLogin - Antigravity IDE - README.md",true,false
1,6022,"Delima-AutoLogin - Antigravity IDE - README.md",true,false
1,6136,"Delima-AutoLogin - Antigravity IDE - README.md",true,false
1,6239,"Delima-AutoLogin - Antigravity IDE - README.md",true,false
1,6350,"Delima-AutoLogin - Antigravity IDE - README.md",true,false
1,6462,"Delima-AutoLogin - Antigravity IDE - README.md",true,false
1,6568,"Delima-AutoLogin - Antigravity IDE - README.md",true,false
1,6678,"Delima-AutoLogin - Antigravity IDE - README.md",true,false
1,6792,"Delima-AutoLogin - Antigravity IDE - README.md",true,false
1,6907,"Delima-AutoLogin - Antigravity IDE - README.md",true,false
1,7020,"Delima-AutoLogin - Antigravity IDE - README.md",true,false
1,7127,"Delima-AutoLogin - Antigravity IDE - README.md",true,false
1,7232,"Delima-AutoLogin - Antigravity IDE - README.md",true,false
1,7334,"Delima-AutoLogin - Antigravity IDE - README.md",true,false
1,7439,"Delima-AutoLogin - Antigravity IDE - README.md",true,false
1,7553,"Delima-AutoLogin - Antigravity IDE - README.md",true,false
1,7662,"Delima-AutoLogin - Antigravity IDE - README.md",true,false
1,7776,"Delima-AutoLogin - Antigravity IDE - README.md",true,false
1,7880,"Delima-AutoLogin - Antigravity IDE - README.md",true,false
1,7986,"Delima-AutoLogin - Antigravity IDE - README.md",true,false
1,8091,"Delima-AutoLogin - Antigravity IDE - README.md",true,false
1,8193,"Delima-AutoLogin - Antigravity IDE - README.md",true,false
1,8296,"Delima-AutoLogin - Antigravity IDE - README.md",true,false
1,8406,"Delima-AutoLogin - Antigravity IDE - README.md",true,false
1,8512,"Delima-AutoLogin - Antigravity IDE - README.md",true,false
1,8621,"Delima-AutoLogin - Antigravity IDE - README.md",true,false
1,8730,"Delima-AutoLogin - Antigravity IDE - README.md",true,false
1,8844,"Delima-AutoLogin - Antigravity IDE - README.md",true,false
1,8946,"Delima-AutoLogin - Antigravity IDE - README.md",true,false
1,9051,"Delima-AutoLogin - Antigravity IDE - README.md",true,false
1,9158,"Delima-AutoLogin - Antigravity IDE - README.md",true,false
1,9271,"Delima-AutoLogin - Antigravity IDE - README.md",true,false
1,9379,"Delima-AutoLogin - Antigravity IDE - README.md",true,false
1,9492,"Delima-AutoLogin - Antigravity IDE - README.md",true,false
1,9596,"Delima-AutoLogin - Antigravity IDE - README.md",true,false
1,9702,"Delima-AutoLogin - Antigravity IDE - README.md",true,false
1,9806,"Delima-AutoLogin - Antigravity IDE - README.md",true,false
1,9919,"Delima-AutoLogin - Antigravity IDE - README.md",true,false
1,10021,"Delima-AutoLogin - Antigravity IDE - README.md",true,false
1,10127,"Delima-AutoLogin - Antigravity IDE - README.md",true,false
1,10233,"Delima-AutoLogin - Antigravity IDE - README.md",true,false
1,10344,"Delima-AutoLogin - Antigravity IDE - README.md",true,false
1,10448,"Delima-AutoLogin - Antigravity IDE - README.md",true,false
1,10550,"Delima-AutoLogin - Antigravity IDE - README.md",true,false
1,10658,"Delima-AutoLogin - Antigravity IDE - README.md",true,false
1,10762,"Delima-AutoLogin - Antigravity IDE - README.md",true,false
1,10876,"Delima-AutoLogin - Antigravity IDE - README.md",true,false
1,10982,"Delima-AutoLogin - Antigravity IDE - README.md",true,false
1,11091,"Delima-AutoLogin - Antigravity IDE - README.md",true,false
1,11196,"Delima-AutoLogin - Antigravity IDE - README.md",true,false
1,11301,"Delima-AutoLogin - Antigravity IDE - README.md",true,false
1,11407,"Delima-AutoLogin - Antigravity IDE - README.md",true,false
1,11512,"Delima-AutoLogin - Antigravity IDE - README.md",true,false
1,11626,"Delima-AutoLogin - Antigravity IDE - README.md",true,false
1,11737,"Delima-AutoLogin - Antigravity IDE - README.md",true,false
1,11846,"Delima-AutoLogin - Antigravity IDE - README.md",true,false
1,11959,"Delima-AutoLogin - Antigravity IDE - README.md",true,false
1,12062,"Delima-AutoLogin - Antigravity IDE - README.md",true,false
1,12177,"Delima-AutoLogin - Antigravity IDE - README.md",true,false
1,12279,"Delima-AutoLogin - Antigravity IDE - README.md",true,false
1,12395,"Delima-AutoLogin - Antigravity IDE - README.md",true,false
1,12511,"Delima-AutoLogin - Antigravity IDE - README.md",true,false
1,12615,"Delima-AutoLogin - Antigravity IDE - README.md",true,false
1,12730,"Delima-AutoLogin - Antigravity IDE - README.md",true,false
1,12846,"Delima-AutoLogin - Antigravity IDE - README.md",true,false
1,12961,"Delima-AutoLogin - Antigravity IDE - README.md",true,false
1,13065,"Delima-AutoLogin - Antigravity IDE - README.md",true,false
1,13181,"Delima-AutoLogin - Antigravity IDE - README.md",true,false
1,13287,"Delima-AutoLogin - Antigravity IDE - README.md",true,false
1,13399,"Delima-AutoLogin - Antigravity IDE - README.md",true,false
1,13501,"Delima-AutoLogin - Antigravity IDE - README.md",true,false
1,13607,"Delima-AutoLogin - Antigravity IDE - README.md",true,false
1,13713,"Delima-AutoLogin - Antigravity IDE - README.md",true,false
1,13816,"Delima-AutoLogin - Antigravity IDE - README.md",true,false
1,13930,"Delima-AutoLogin - Antigravity IDE - README.md",true,false
1,14041,"Delima-AutoLogin - Antigravity IDE - README.md",true,false
1,14148,"Delima-AutoLogin - Antigravity IDE - README.md",true,false
1,14261,"Delima-AutoLogin - Antigravity IDE - README.md",true,false
1,14367,"Delima-AutoLogin - Antigravity IDE - README.md",true,false
1,14474,"Delima-AutoLogin - Antigravity IDE - README.md",true,false
1,14577,"Delima-AutoLogin - Antigravity IDE - README.md",true,false
1,14686,"Delima-AutoLogin - Antigravity IDE - README.md",true,false
1,14797,"Delima-AutoLogin - Antigravity IDE - README.md",true,false
1,14907,"Delima-AutoLogin - Antigravity IDE - README.md",true,false
1,15011,"Delima-AutoLogin - Antigravity IDE - README.md",true,false
1,15122,"Delima-AutoLogin - Antigravity IDE - README.md",true,false
1,15228,"Delima-AutoLogin - Antigravity IDE - README.md",true,false
1,15332,"Delima-AutoLogin - Antigravity IDE - README.md",true,false
1,15438,"Delima-AutoLogin - Antigravity IDE - README.md",true,false
1,15540,"Delima-AutoLogin - Antigravity IDE - README.md",true,false
1,15646,"Delima-AutoLogin - Antigravity IDE - README.md",true,false
1,15761,"Delima-AutoLogin - Antigravity IDE - README.md",true,false
1,15863,"Delima-AutoLogin - Antigravity IDE - README.md",true,false
1,15967,"Delima-AutoLogin - Antigravity IDE - README.md",true,false
1,16081,"Delima-AutoLogin - Antigravity IDE - README.md",true,false
1,16198,"Delima-AutoLogin - Antigravity IDE - README.md",true,false
1,16313,"Delima-AutoLogin - Antigravity IDE - README.md",true,false
1,16428,"Delima-AutoLogin - Antigravity IDE - README.md",true,false
1,16534,"Delima-AutoLogin - Antigravity IDE - README.md",true,false
1,16647,"Delima-AutoLogin - Antigravity IDE - README.md",true,false
1,16753,"Delima-AutoLogin - Antigravity IDE - README.md",true,false
1,16866,"Delima-AutoLogin - Antigravity IDE - README.md",true,false
1,16968,"Delima-AutoLogin - Antigravity IDE - README.md",true,false
1,17075,"Delima-AutoLogin - Antigravity IDE - README.md",true,false
1,17187,"Delima-AutoLogin - Antigravity IDE - README.md",true,false
1,17292,"Delima-AutoLogin - Antigravity IDE - README.md",true,false
1,17402,"Delima-AutoLogin - Antigravity IDE - README.md",true,false
1,17511,"Delima-AutoLogin - Antigravity IDE - README.md",true,false
1,17625,"Delima-AutoLogin - Antigravity IDE - README.md",true,false
1,17730,"Delima-AutoLogin - Antigravity IDE - README.md",true,false
1,17838,"Delima-AutoLogin - Antigravity IDE - README.md",true,false
1,17948,"Delima-AutoLogin - Antigravity IDE - README.md",true,false
1,18056,"Delima-AutoLogin - Antigravity IDE - README.md",true,false
1,18161,"Delima-AutoLogin - Antigravity IDE - README.md",true,false
1,18271,"Delima-AutoLogin - Antigravity IDE - README.md",true,false
1,18376,"Delima-AutoLogin - Antigravity IDE - README.md",true,false
1,18482,"Delima-AutoLogin - Antigravity IDE - README.md",true,false
1,18596,"Delima-AutoLogin - Antigravity IDE - README.md",true,false
1,18704,"Delima-AutoLogin - Antigravity IDE - README.md",true,false
1,18811,"Delima-AutoLogin - Antigravity IDE - README.md",true,false
1,18917,"Delima-AutoLogin - Antigravity IDE - README.md",true,false
1,19023,"Delima-AutoLogin - Antigravity IDE - README.md",true,false
1,19136,"Delima-AutoLogin - Antigravity IDE - README.md",true,false
1,19242,"Delima-AutoLogin - Antigravity IDE - README.md",true,false
1,19350,"Delima-AutoLogin - Antigravity IDE - README.md",true,false
1,19465,"Delima-AutoLogin - Antigravity IDE - README.md",true,false
1,19581,"Delima-AutoLogin - Antigravity IDE - README.md",true,false
1,19692,"Delima-AutoLogin - Antigravity IDE - README.md",true,false
1,19807,"Delima-AutoLogin - Antigravity IDE - README.md",true,false
1,19915,"Delima-AutoLogin - Antigravity IDE - README.md",true,false
1,20017,"Delima-AutoLogin - Antigravity IDE - README.md",true,false
1,20130,"Delima-AutoLogin - Antigravity IDE - README.md",true,false
1,20241,"Delima-AutoLogin - Antigravity IDE - README.md",true,false
1,20348,"Delima-AutoLogin - Antigravity IDE - README.md",true,false
1,20457,"Delima-AutoLogin - Antigravity IDE - README.md",true,false
1,20560,"Delima-AutoLogin - Antigravity IDE - README.md",true,false
1,20670,"Delima-AutoLogin - Antigravity IDE - README.md",true,false
1,20782,"Delima-AutoLogin - Antigravity IDE - README.md",true,false
1,20893,"Delima-AutoLogin - Antigravity IDE - README.md",true,false
1,20996,"Delima-AutoLogin - Antigravity IDE - README.md",true,false
1,21106,"Delima-AutoLogin - Antigravity IDE - README.md",true,false
1,21209,"Delima-AutoLogin - Antigravity IDE - README.md",true,false
1,21311,"Delima-AutoLogin - Antigravity IDE - README.md",true,false
1,21417,"Delima-AutoLogin - Antigravity IDE - README.md",true,false
1,21519,"Delima-AutoLogin - Antigravity IDE - README.md",true,false
1,21630,"Delima-AutoLogin - Antigravity IDE - README.md",true,false
1,21742,"Delima-AutoLogin - Antigravity IDE - README.md",true,false
1,21854,"Delima-AutoLogin - Antigravity IDE - README.md",true,false
1,21962,"Delima-AutoLogin - Antigravity IDE - README.md",true,false
1,22066,"Delima-AutoLogin - Antigravity IDE - README.md",true,false
1,22170,"Delima-AutoLogin - Antigravity IDE - README.md",true,false
1,22281,"Delima-AutoLogin - Antigravity IDE - README.md",true,false
1,22392,"Delima-AutoLogin - Antigravity IDE - README.md",true,false
1,22508,"Delima-AutoLogin - Antigravity IDE - README.md",true,false
1,22610,"Delima-AutoLogin - Antigravity IDE - README.md",true,false
1,22726,"Delima-AutoLogin - Antigravity IDE - README.md",true,false
1,22837,"Delima-AutoLogin - Antigravity IDE - README.md",true,false
1,22952,"Delima-AutoLogin - Antigravity IDE - README.md",true,false
1,23068,"Delima-AutoLogin - Antigravity IDE - README.md",true,false
1,23180,"Delima-AutoLogin - Antigravity IDE - README.md",true,false
1,23287,"Delima-AutoLogin - Antigravity IDE - README.md",true,false
1,23391,"Delima-AutoLogin - Antigravity IDE - README.md",true,false
1,23496,"Delima-AutoLogin - Antigravity IDE - README.md",true,false
1,23602,"Delima-AutoLogin - Antigravity IDE - README.md",true,false
1,23705,"Delima-AutoLogin - Antigravity IDE - README.md",true,false
1,23813,"Delima-AutoLogin - Antigravity IDE - README.md",true,false
1,23926,"Delima-AutoLogin - Antigravity IDE - README.md",true,false
1,24031,"DELIMa 3.0 Digital Educational Learning Initiative Malaysia - Google Chrome",true,false
1,24138,"DELIMa 3.0 Digital Educational Learning Initiative Malaysia - Google Chrome",true,false
1,24248,"DELIMa 3.0 Digital Educational Learning Initiative Malaysia - Google Chrome",true,false
1,24354,"DELIMa 3.0 Digital Educational Learning Initiative Malaysia - Google Chrome",true,false
1,24461,"DELIMa 3.0 Digital Educational Learning Initiative Malaysia - Google Chrome",true,false
1,24575,"DELIMa 3.0 Digital Educational Learning Initiative Malaysia - Google Chrome",true,false
1,24682,"DELIMa 3.0 Digital Educational Learning Initiative Malaysia - Google Chrome",true,false
1,24788,"DELIMa 3.0 Digital Educational Learning Initiative Malaysia - Google Chrome",true,false
1,24904,"DELIMa 3.0 Digital Educational Learning Initiative Malaysia - Google Chrome",true,false
1,25014,"DELIMa 3.0 Digital Educational Learning Initiative Malaysia - Google Chrome",true,false
1,25126,"DELIMa 3.0 Digital Educational Learning Initiative Malaysia - Google Chrome",true,false
1,25228,"DELIMa 3.0 Digital Educational Learning Initiative Malaysia - Google Chrome",true,false
1,25333,"DELIMa 3.0 Digital Educational Learning Initiative Malaysia - Google Chrome",true,false
1,25437,"DELIMa 3.0 Digital Educational Learning Initiative Malaysia - Google Chrome",true,false
1,25541,"DELIMa 3.0 Digital Educational Learning Initiative Malaysia - Google Chrome",true,false
1,25654,"DELIMa 3.0 Digital Educational Learning Initiative Malaysia - Google Chrome",true,false
1,25773,"DELIMa 3.0 Digital Educational Learning Initiative Malaysia - Google Chrome",true,false
1,25903,"DELIMa 3.0 Digital Educational Learning Initiative Malaysia - Google Chrome",true,false
1,26006,"DELIMa 3.0 Digital Educational Learning Initiative Malaysia - Google Chrome",true,false
1,26113,"DELIMa 3.0 Digital Educational Learning Initiative Malaysia - Google Chrome",true,false
1,26225,"DELIMa 3.0 Digital Educational Learning Initiative Malaysia - Google Chrome",true,false
1,26331,"DELIMa 3.0 Digital Educational Learning Initiative Malaysia - Google Chrome",true,false
1,26447,"DELIMa 3.0 Digital Educational Learning Initiative Malaysia - Google Chrome",true,false
1,26550,"DELIMa 3.0 Digital Educational Learning Initiative Malaysia - Google Chrome",true,false
1,26656,"DELIMa 3.0 Digital Educational Learning Initiative Malaysia - Google Chrome",true,false
1,26764,"DELIMa 3.0 Digital Educational Learning Initiative Malaysia - Google Chrome",true,false
1,26879,"Sign in - Google Accounts - Google Chrome",true,false
1,26984,"Sign in - Google Accounts - Google Chrome",true,false
1,27288,"Sign in - Google Accounts - Google Chrome",true,false
1,27395,"Sign in - Google Accounts - Google Chrome",true,false
1,27503,"Sign in - Google Accounts - Google Chrome",true,false
1,27608,"Sign in - Google Accounts - Google Chrome",true,false
1,27713,"Sign in - Google Accounts - Google Chrome",true,false
1,27816,"Sign in - Google Accounts - Google Chrome",true,false
1,27920,"Sign in - Google Accounts - Google Chrome",true,false
1,28026,"Sign in - Google Accounts - Google Chrome",true,false
1,28134,"Sign in - Google Accounts - Google Chrome",true,false
1,28239,"Sign in - Google Accounts - Google Chrome",true,false
1,28341,"Sign in - Google Accounts - Google Chrome",true,false
1,28447,"Sign in - Google Accounts - Google Chrome",true,false
1,28553,"Sign in - Google Accounts - Google Chrome",true,false
1,28663,"Sign in - Google Accounts - Google Chrome",true,false
1,28776,"Sign in - Google Accounts - Google Chrome",true,false
1,28884,"Sign in - Google Accounts - Google Chrome",true,false
1,28988,"Sign in - Google Accounts - Google Chrome",true,false
1,29104,"Sign in - Google Accounts - Google Chrome",true,false
1,29220,"Sign in - Google Accounts - Google Chrome",true,false
1,29334,"Sign in - Google Accounts - Google Chrome",true,false
1,29442,"Sign in - Google Accounts - Google Chrome",true,false
1,29551,"Sign in - Google Accounts - Google Chrome",true,false
1,29657,"Sign in - Google Accounts - Google Chrome",true,false
1,29761,"Sign in - Google Accounts - Google Chrome",true,false
1,29867,"Sign in - Google Accounts - Google Chrome",true,false
1,29975,"Sign in - Google Accounts - Google Chrome",true,false
1,30090,"Sign in - Google Accounts - Google Chrome",true,false
1,30202,"Sign in - Google Accounts - Google Chrome",true,false
1,30305,"Sign in - Google Accounts - Google Chrome",true,false
1,30408,"Sign in - Google Accounts - Google Chrome",true,false
1,30510,"Sign in - Google Accounts - Google Chrome",true,false
1,30616,"Sign in - Google Accounts - Google Chrome",true,false
1,30718,"Sign in - Google Accounts - Google Chrome",true,false
1,30831,"Sign in - Google Accounts - Google Chrome",true,false
1,30936,"Sign in - Google Accounts - Google Chrome",true,false
1,31040,"Sign in - Google Accounts - Google Chrome",true,false
1,31146,"Sign in - Google Accounts - Google Chrome",true,false
1,31258,"Sign in - Google Accounts - Google Chrome",true,false
1,31361,"Sign in - Google Accounts - Google Chrome",true,false
1,31468,"Sign in - Google Accounts - Google Chrome",true,false
1,31575,"Sign in - Google Accounts - Google Chrome",true,false
1,31681,"Sign in - Google Accounts - Google Chrome",true,false
1,31785,"Sign in - Google Accounts - Google Chrome",true,false
1,31889,"Sign in - Google Accounts - Google Chrome",true,false
1,31996,"Sign in - Google Accounts - Google Chrome",true,false
1,32110,"Sign in - Google Accounts - Google Chrome",true,false
1,32221,"Sign in - Google Accounts - Google Chrome",true,false
1,32331,"Sign in - Google Accounts - Google Chrome",true,false
1,32435,"Sign in - Google Accounts - Google Chrome",true,false
1,32538,"Sign in - Google Accounts - Google Chrome",true,false
1,32646,"Sign in - Google Accounts - Google Chrome",true,false
1,32759,"Sign in - Google Accounts - Google Chrome",true,false
1,32865,"Sign in - Google Accounts - Google Chrome",true,false
1,32971,"Sign in - Google Accounts - Google Chrome",true,false
1,33075,"Sign in - Google Accounts - Google Chrome",true,false
1,33190,"",true,false
1,33299,"",true,false
1,33409,"",true,false
1,33515,"",true,false
1,33623,"",true,false
1,33727,"",true,false
1,33832,"",true,false
1,33941,"",true,false
1,34049,"",true,false
1,34156,"",true,false
1,34263,"",true,false
1,34372,"",true,false
1,34477,"",true,false
1,34581,"",true,false
1,34691,"",true,false
1,34799,"",true,false
1,34908,"",true,false
1,35017,"",true,false
1,35126,"",true,false
1,35237,"",true,false
1,35345,"",true,false
1,35452,"",true,false
1,35561,"",true,false
1,35669,"",true,false
1,35779,"",true,false
1,35888,"",true,false
1,35992,"",true,false
1,36097,"",true,false
1,36206,"",true,false
1,36314,"",true,false
1,36422,"",true,false
1,36533,"",true,false
1,36643,"Sign in - Google Accounts - Google Chrome",true,false
1,36751,"Sign in - Google Accounts - Google Chrome",true,false
1,36861,"Sign in - Google Accounts - Google Chrome",true,false
1,36966,"Sign in - Google Accounts - Google Chrome",true,false
1,37073,"Sign in - Google Accounts - Google Chrome",true,false
1,37182,"Sign in - Google Accounts - Google Chrome",true,false
1,37290,"Sign in - Google Accounts - Google Chrome",true,false
1,37399,"Sign in - Google Accounts - Google Chrome",true,false
1,37512,"Sign in - Google Accounts - Google Chrome",true,false
1,37620,"Sign in - Google Accounts - Google Chrome",true,false
1,37726,"Sign in - Google Accounts - Google Chrome",true,false
1,37837,"Sign in - Google Accounts - Google Chrome",true,false
1,37946,"Sign in - Google Accounts - Google Chrome",true,false
1,38054,"Sign in - Google Accounts - Google Chrome",true,false
1,38164,"Sign in - Google Accounts - Google Chrome",true,false
1,38272,"Sign in - Google Accounts - Google Chrome",true,false
1,38379,"Sign in - Google Accounts - Google Chrome",true,false
1,38487,"Sign in - Google Accounts - Google Chrome",true,false
1,38596,"Sign in - Google Accounts - Google Chrome",true,false
1,38704,"Sign in - Google Accounts - Google Chrome",true,false
1,38811,"",true,false
1,38918,"Delima-AutoLogin - Antigravity IDE - README.md",true,false
1,39026,"Delima-AutoLogin - Antigravity IDE - README.md",true,false
1,39132,"Delima-AutoLogin - Antigravity IDE - README.md",true,false
1,39241,"Delima-AutoLogin - Antigravity IDE - README.md",true,false
1,39351,"Delima-AutoLogin - Antigravity IDE - README.md",true,false
1,39461,"",true,false
1,39568,"",true,false
1,39678,"",true,false
1,39788,"",true,false
1,39912,"",true,false
1,40018,"",true,false
1,40127,"",true,false
1,40237,"",true,false
1,40344,"",true,false
1,40448,"",true,false
1,40558,"",true,false
1,40665,"",true,false
1,40772,"",true,false
1,40882,"",true,false
1,40992,"",true,false
1,41100,"",true,false
1,41206,"",true,false
1,41315,"",true,false
1,41429,"",true,false
1,41538,"Delima-AutoLogin - Antigravity IDE - README.md",true,false
1,41641,"Delima-AutoLogin - Antigravity IDE - README.md",true,false
1,41747,"Delima-AutoLogin - Antigravity IDE - README.md",true,false
1,41854,"",true,false
1,41970,"Hi RAJA MUHAMMAD AZRIEN BIN RAJA AZAMAN SHAH - Google Chrome",true,false
1,42082,"Hi RAJA MUHAMMAD AZRIEN BIN RAJA AZAMAN SHAH - Google Chrome",true,false
1,42185,"Hi RAJA MUHAMMAD AZRIEN BIN RAJA AZAMAN SHAH - Google Chrome",true,false
1,42293,"Hi RAJA MUHAMMAD AZRIEN BIN RAJA AZAMAN SHAH - Google Chrome",true,true
1,42403,"Hi RAJA MUHAMMAD AZRIEN BIN RAJA AZAMAN SHAH - Google Chrome",true,true
1,42519,"Hi RAJA MUHAMMAD AZRIEN BIN RAJA AZAMAN SHAH - Google Chrome",true,true
1,42626,"Hi RAJA MUHAMMAD AZRIEN BIN RAJA AZAMAN SHAH - Google Chrome",true,true
1,42732,"Hi RAJA MUHAMMAD AZRIEN BIN RAJA AZAMAN SHAH - Google Chrome",true,true
1,42838,"Hi RAJA MUHAMMAD AZRIEN BIN RAJA AZAMAN SHAH - Google Chrome",true,true
1,42952,"Hi RAJA MUHAMMAD AZRIEN BIN RAJA AZAMAN SHAH - Google Chrome",true,true
1,43062,"Hi RAJA MUHAMMAD AZRIEN BIN RAJA AZAMAN SHAH - Google Chrome",true,true
1,43169,"Hi RAJA MUHAMMAD AZRIEN BIN RAJA AZAMAN SHAH - Google Chrome",true,true
1,43275,"Hi RAJA MUHAMMAD AZRIEN BIN RAJA AZAMAN SHAH - Google Chrome",true,true
1,43380,"Hi RAJA MUHAMMAD AZRIEN BIN RAJA AZAMAN SHAH - Google Chrome",true,true
1,43486,"Hi RAJA MUHAMMAD AZRIEN BIN RAJA AZAMAN SHAH - Google Chrome",true,true
1,43600,"Hi RAJA MUHAMMAD AZRIEN BIN RAJA AZAMAN SHAH - Google Chrome",true,true
1,43704,"Hi RAJA MUHAMMAD AZRIEN BIN RAJA AZAMAN SHAH - Google Chrome",true,true
1,43820,"Hi RAJA MUHAMMAD AZRIEN BIN RAJA AZAMAN SHAH - Google Chrome",true,true
1,43932,"Hi RAJA MUHAMMAD AZRIEN BIN RAJA AZAMAN SHAH - Google Chrome",true,true
1,44038,"Hi RAJA MUHAMMAD AZRIEN BIN RAJA AZAMAN SHAH - Google Chrome",true,true
1,44141,"Hi RAJA MUHAMMAD AZRIEN BIN RAJA AZAMAN SHAH - Google Chrome",true,true
1,44246,"Hi RAJA MUHAMMAD AZRIEN BIN RAJA AZAMAN SHAH - Google Chrome",true,true
1,44349,"Hi RAJA MUHAMMAD AZRIEN BIN RAJA AZAMAN SHAH - Google Chrome",true,true
1,44462,"Hi RAJA MUHAMMAD AZRIEN BIN RAJA AZAMAN SHAH - Google Chrome",true,true
1,44569,"Hi RAJA MUHAMMAD AZRIEN BIN RAJA AZAMAN SHAH - Google Chrome",true,true
1,44676,"Hi RAJA MUHAMMAD AZRIEN BIN RAJA AZAMAN SHAH - Google Chrome",true,true
1,44780,"Hi RAJA MUHAMMAD AZRIEN BIN RAJA AZAMAN SHAH - Google Chrome",true,true
1,44896,"Hi RAJA MUHAMMAD AZRIEN BIN RAJA AZAMAN SHAH - Google Chrome",true,true
1,45003,"Hi RAJA MUHAMMAD AZRIEN BIN RAJA AZAMAN SHAH - Google Chrome",true,true
1,45119,"Hi RAJA MUHAMMAD AZRIEN BIN RAJA AZAMAN SHAH - Google Chrome",true,true
1,45222,"Hi RAJA MUHAMMAD AZRIEN BIN RAJA AZAMAN SHAH - Google Chrome",true,true
1,45333,"Hi RAJA MUHAMMAD AZRIEN BIN RAJA AZAMAN SHAH - Google Chrome",true,true
1,45441,"Hi RAJA MUHAMMAD AZRIEN BIN RAJA AZAMAN SHAH - Google Chrome",true,true
1,45554,"Hi RAJA MUHAMMAD AZRIEN BIN RAJA AZAMAN SHAH - Google Chrome",true,true
1,45661,"Hi RAJA MUHAMMAD AZRIEN BIN RAJA AZAMAN SHAH - Google Chrome",true,true
1,45775,"Hi RAJA MUHAMMAD AZRIEN BIN RAJA AZAMAN SHAH - Google Chrome",true,true
1,45882,"Hi RAJA MUHAMMAD AZRIEN BIN RAJA AZAMAN SHAH - Google Chrome",true,true
1,45988,"Hi RAJA MUHAMMAD AZRIEN BIN RAJA AZAMAN SHAH - Google Chrome",true,true
1,46103,"Hi RAJA MUHAMMAD AZRIEN BIN RAJA AZAMAN SHAH - Google Chrome",true,true
1,46206,"Hi RAJA MUHAMMAD AZRIEN BIN RAJA AZAMAN SHAH - Google Chrome",true,true
1,46309,"Hi RAJA MUHAMMAD AZRIEN BIN RAJA AZAMAN SHAH - Google Chrome",false,
2,0,"",true,false
2,111,"",true,false
2,219,"",true,false
2,326,"",true,false
2,429,"",true,false
2,533,"",true,false
2,636,"",true,false
2,749,"",true,false
2,855,"",true,false
2,962,"",true,false
2,1066,"",true,false
2,1169,"",true,false
2,1276,"",true,false
2,1385,"",true,false
2,1498,"",true,false
2,1610,"",true,false
2,1723,"DELIMa 3.0 Digital Educational Learning Initiative Malaysia - Google Chrome",true,false
2,1841,"DELIMa 3.0 Digital Educational Learning Initiative Malaysia - Google Chrome",true,false
2,1952,"DELIMa 3.0 Digital Educational Learning Initiative Malaysia - Google Chrome",true,false
2,2086,"Sign in - Google Accounts - Google Chrome",true,false
2,2189,"Sign in - Google Accounts - Google Chrome",true,false
2,2295,"Sign in - Google Accounts - Google Chrome",true,false
2,2403,"Sign in - Google Accounts - Google Chrome",true,false
2,2663,"Sign in - Google Accounts - Google Chrome",true,false
2,2777,"Sign in - Google Accounts - Google Chrome",true,false
2,2896,"Sign in - Google Accounts - Google Chrome",true,false
2,2999,"Sign in - Google Accounts - Google Chrome",true,false
2,3110,"Sign in - Google Accounts - Google Chrome",true,false
2,3219,"Sign in - Google Accounts - Google Chrome",true,false
2,3329,"Sign in - Google Accounts - Google Chrome",true,false
2,3436,"Sign in - Google Accounts - Google Chrome",true,false
2,3545,"Sign in - Google Accounts - Google Chrome",true,false
2,3650,"Sign in - Google Accounts - Google Chrome",true,false
2,3755,"Sign in - Google Accounts - Google Chrome",true,false
2,3858,"Sign in - Google Accounts - Google Chrome",true,false
2,3967,"Sign in - Google Accounts - Google Chrome",true,false
2,4071,"Sign in - Google Accounts - Google Chrome",true,false
2,4177,"Sign in - Google Accounts - Google Chrome",true,false
2,4291,"Sign in - Google Accounts - Google Chrome",true,false
2,4394,"Sign in - Google Accounts - Google Chrome",true,false
2,4501,"Sign in - Google Accounts - Google Chrome",true,false
2,4605,"Sign in - Google Accounts - Google Chrome",true,false
2,4712,"Sign in - Google Accounts - Google Chrome",true,false
2,4817,"Sign in - Google Accounts - Google Chrome",true,false
2,4927,"Sign in - Google Accounts - Google Chrome",true,false
2,5031,"Sign in - Google Accounts - Google Chrome",true,false
2,5141,"Sign in - Google Accounts - Google Chrome",true,false
2,5255,"Sign in - Google Accounts - Google Chrome",true,false
2,5360,"Sign in - Google Accounts - Google Chrome",true,false
2,5473,"Sign in - Google Accounts - Google Chrome",true,false
2,5581,"Sign in - Google Accounts - Google Chrome",true,false
2,5684,"Sign in - Google Accounts - Google Chrome",true,false
2,5790,"Sign in - Google Accounts - Google Chrome",true,false
2,5892,"Sign in - Google Accounts - Google Chrome",true,false
2,5998,"Sign in - Google Accounts - Google Chrome",true,false
2,6110,"Hi RAJA MUHAMMAD AZRIEN BIN RAJA AZAMAN SHAH - Google Chrome",true,false
2,6227,"Hi RAJA MUHAMMAD AZRIEN BIN RAJA AZAMAN SHAH - Google Chrome",true,false
2,6339,"Hi RAJA MUHAMMAD AZRIEN BIN RAJA AZAMAN SHAH - Google Chrome",true,true
2,6445,"Hi RAJA MUHAMMAD AZRIEN BIN RAJA AZAMAN SHAH - Google Chrome",true,true
2,6553,"Hi RAJA MUHAMMAD AZRIEN BIN RAJA AZAMAN SHAH - Google Chrome",true,true
2,6660,"Hi RAJA MUHAMMAD AZRIEN BIN RAJA AZAMAN SHAH - Google Chrome",true,true
2,6767,"Hi RAJA MUHAMMAD AZRIEN BIN RAJA AZAMAN SHAH - Google Chrome",true,true
2,6874,"Hi RAJA MUHAMMAD AZRIEN BIN RAJA AZAMAN SHAH - Google Chrome",true,true
2,6982,"Hi RAJA MUHAMMAD AZRIEN BIN RAJA AZAMAN SHAH - Google Chrome",true,true
2,7088,"Hi RAJA MUHAMMAD AZRIEN BIN RAJA AZAMAN SHAH - Google Chrome",true,true
2,7199,"Hi RAJA MUHAMMAD AZRIEN BIN RAJA AZAMAN SHAH - Google Chrome",true,true
2,7304,"Hi RAJA MUHAMMAD AZRIEN BIN RAJA AZAMAN SHAH - Google Chrome",true,true
2,7420,"Hi RAJA MUHAMMAD AZRIEN BIN RAJA AZAMAN SHAH - Google Chrome",true,true
2,7527,"Hi RAJA MUHAMMAD AZRIEN BIN RAJA AZAMAN SHAH - Google Chrome",true,true
2,7641,"Hi RAJA MUHAMMAD AZRIEN BIN RAJA AZAMAN SHAH - Google Chrome",true,true
2,7749,"Hi RAJA MUHAMMAD AZRIEN BIN RAJA AZAMAN SHAH - Google Chrome",true,true
2,7864,"Hi RAJA MUHAMMAD AZRIEN BIN RAJA AZAMAN SHAH - Google Chrome",true,true
2,7968,"Hi RAJA MUHAMMAD AZRIEN BIN RAJA AZAMAN SHAH - Google Chrome",true,true
2,8075,"Hi RAJA MUHAMMAD AZRIEN BIN RAJA AZAMAN SHAH - Google Chrome",true,true
2,8181,"Hi RAJA MUHAMMAD AZRIEN BIN RAJA AZAMAN SHAH - Google Chrome",true,true
2,8294,"Hi RAJA MUHAMMAD AZRIEN BIN RAJA AZAMAN SHAH - Google Chrome",true,true
2,8403,"Hi RAJA MUHAMMAD AZRIEN BIN RAJA AZAMAN SHAH - Google Chrome",true,true
2,8512,"Hi RAJA MUHAMMAD AZRIEN BIN RAJA AZAMAN SHAH - Google Chrome",true,true
2,8621,"Hi RAJA MUHAMMAD AZRIEN BIN RAJA AZAMAN SHAH - Google Chrome",true,true
2,8727,"Hi RAJA MUHAMMAD AZRIEN BIN RAJA AZAMAN SHAH - Google Chrome",true,true
2,8831,"Hi RAJA MUHAMMAD AZRIEN BIN RAJA AZAMAN SHAH - Google Chrome",true,true
2,8937,"Hi RAJA MUHAMMAD AZRIEN BIN RAJA AZAMAN SHAH - Google Chrome",true,true
2,9041,"Hi RAJA MUHAMMAD AZRIEN BIN RAJA AZAMAN SHAH - Google Chrome",true,true
2,9145,"Hi RAJA MUHAMMAD AZRIEN BIN RAJA AZAMAN SHAH - Google Chrome",true,true
2,9247,"Hi RAJA MUHAMMAD AZRIEN BIN RAJA AZAMAN SHAH - Google Chrome",true,true
2,9358,"",true,false
3,0,"",true,false
3,104,"",true,false
3,218,"",true,false
3,322,"",true,false
3,426,"",true,false
3,538,"",true,false
3,641,"",true,false
3,744,"",true,false
3,856,"",true,false
3,958,"",true,false
3,1064,"",true,false
3,1169,"",true,false
3,1280,"",true,false
3,1393,"",true,false
3,1501,"",true,false
3,1609,"",true,false
3,1713,"Translate this page?",true,false
3,1822,"Translate this page?",true,false
3,1924,"Translate this page?",true,false
3,2038,"DELIMa 3.0 Digital Educational Learning Initiative Malaysia - Google Chrome",true,false
3,2152,"DELIMa 3.0 Digital Educational Learning Initiative Malaysia - Google Chrome",true,false
3,2266,"DELIMa 3.0 Digital Educational Learning Initiative Malaysia - Google Chrome",true,false
3,2381,"DELIMa 3.0 Digital Educational Learning Initiative Malaysia - Google Chrome",true,false
3,2496,"DELIMa 3.0 Digital Educational Learning Initiative Malaysia - Google Chrome",true,false
3,2626,"accounts.google.com/v3/signin/identifier?opparams=%253F&dsh=S35245260%3A1787293948519695&client_id=950472034074-acj262jqk6trve8i4ndsudqeokvh5pef.apps.googleusercontent.com&o2v=2&redirect_uri=https%3A%2F%2Fd3.delima.edu.my%2Fauthentication%2Fcode&response_type=code&scope=openid+email+profile&service=lso&state=ac94f1646c10c3a90bfb70fa29e3fd3f&flowName=GeneralOAuthFlow&continue=https%3A%2F%2Faccounts.google.com%2Fsignin%2Foauth%2Fv3%2Fconsent%3Fauthuser%3Dunknown%26part%3DAJi8hAMP7-eBez6gMEeCIS3_LTJ65GmnTxjVVlgglMlFzuai_kkPvOSwRu-RrElPs151ZeZtcmc9oT-C5OvRkscMsJR8ysTQ5o-BD7ZJ3A6JBFvsyGRbiG7E94VqsSarg1E64du9iwnomf5SWQtxxfbds7cHO700OFjO1D5B1Rqtopb3xRhXZaysk0hxdtal0KYt-FzRRmy51gDueOn-o7EtAJRbvUrE1T49XR1TDyWESGIKAryPVW8dMYesvP0Bq9k7LYVbhurMRky-AGq8PktA2YqwH558Q4MqAjx0GoYDj_YDtksHJQsSagb9Cn5Wa2PrcDOv4Lf2d56hpzv7W8hWTuHFZFwyh3sNk_dyYn5Pcyke-qd3Rf7HP7lf8K-_7BAx2wG9c5oGMdIgCbRDhMl1OMlWPFfZ2Md6zEqwlD-PtW2OEq3uF2DOGPrvbLnQQ_VatFqEkfHe9rsKDp3fuFdoOEcPANuQmg%26flowName%3DGeneralOAuthFlow%26as%3DS35245260%253A178729394851969",true,false
3,2731,"accounts.google.com/v3/signin/identifier?opparams=%253F&dsh=S35245260%3A1787293948519695&client_id=950472034074-acj262jqk6trve8i4ndsudqeokvh5pef.apps.googleusercontent.com&o2v=2&redirect_uri=https%3A%2F%2Fd3.delima.edu.my%2Fauthentication%2Fcode&response_type=code&scope=openid+email+profile&service=lso&state=ac94f1646c10c3a90bfb70fa29e3fd3f&flowName=GeneralOAuthFlow&continue=https%3A%2F%2Faccounts.google.com%2Fsignin%2Foauth%2Fv3%2Fconsent%3Fauthuser%3Dunknown%26part%3DAJi8hAMP7-eBez6gMEeCIS3_LTJ65GmnTxjVVlgglMlFzuai_kkPvOSwRu-RrElPs151ZeZtcmc9oT-C5OvRkscMsJR8ysTQ5o-BD7ZJ3A6JBFvsyGRbiG7E94VqsSarg1E64du9iwnomf5SWQtxxfbds7cHO700OFjO1D5B1Rqtopb3xRhXZaysk0hxdtal0KYt-FzRRmy51gDueOn-o7EtAJRbvUrE1T49XR1TDyWESGIKAryPVW8dMYesvP0Bq9k7LYVbhurMRky-AGq8PktA2YqwH558Q4MqAjx0GoYDj_YDtksHJQsSagb9Cn5Wa2PrcDOv4Lf2d56hpzv7W8hWTuHFZFwyh3sNk_dyYn5Pcyke-qd3Rf7HP7lf8K-_7BAx2wG9c5oGMdIgCbRDhMl1OMlWPFfZ2Md6zEqwlD-PtW2OEq3uF2DOGPrvbLnQQ_VatFqEkfHe9rsKDp3fuFdoOEcPANuQmg%26flowName%3DGeneralOAuthFlow%26as%3DS35245260%253A178729394851969",true,false
3,2839,"Sign in - Google Accounts - Google Chrome",true,false
3,3152,"Sign in - Google Accounts - Google Chrome",true,false
3,3264,"Sign in - Google Accounts - Google Chrome",true,false
3,3370,"Sign in - Google Accounts - Google Chrome",true,false
3,3481,"Sign in - Google Accounts - Google Chrome",true,false
3,3588,"Sign in - Google Accounts - Google Chrome",true,false
3,3694,"Sign in - Google Accounts - Google Chrome",true,false
3,3801,"Sign in - Google Accounts - Google Chrome",true,false
3,3914,"Sign in - Google Accounts - Google Chrome",true,false
3,4025,"Sign in - Google Accounts - Google Chrome",true,false
3,4130,"Sign in - Google Accounts - Google Chrome",true,false
3,4245,"Sign in - Google Accounts - Google Chrome",true,false
3,4349,"Sign in - Google Accounts - Google Chrome",true,false
3,4459,"Sign in - Google Accounts - Google Chrome",true,false
3,4563,"Sign in - Google Accounts - Google Chrome",true,false
3,4665,"Sign in - Google Accounts - Google Chrome",true,false
3,4769,"Sign in - Google Accounts - Google Chrome",true,false
3,4872,"Sign in - Google Accounts - Google Chrome",true,false
3,4979,"Sign in - Google Accounts - Google Chrome",true,false
3,5096,"Sign in - Google Accounts - Google Chrome",true,false
3,5201,"Sign in - Google Accounts - Google Chrome",true,false
3,5313,"Sign in - Google Accounts - Google Chrome",true,false
3,5422,"Sign in - Google Accounts - Google Chrome",true,false
3,5539,"Sign in - Google Accounts - Google Chrome",true,false
3,5651,"Sign in - Google Accounts - Google Chrome",true,false
3,5763,"Sign in - Google Accounts - Google Chrome",true,false
3,5876,"Sign in - Google Accounts - Google Chrome",true,false
3,5993,"Sign in - Google Accounts - Google Chrome",true,false
3,6095,"Hi RAJA MUHAMMAD AZRIEN BIN RAJA AZAMAN SHAH - Google Chrome",true,false
3,6212,"Hi RAJA MUHAMMAD AZRIEN BIN RAJA AZAMAN SHAH - Google Chrome",true,false
3,6329,"Hi RAJA MUHAMMAD AZRIEN BIN RAJA AZAMAN SHAH - Google Chrome",true,true
3,6444,"Hi RAJA MUHAMMAD AZRIEN BIN RAJA AZAMAN SHAH - Google Chrome",true,true
3,6554,"Hi RAJA MUHAMMAD AZRIEN BIN RAJA AZAMAN SHAH - Google Chrome",true,true
3,6662,"Hi RAJA MUHAMMAD AZRIEN BIN RAJA AZAMAN SHAH - Google Chrome",true,true
3,6769,"Hi RAJA MUHAMMAD AZRIEN BIN RAJA AZAMAN SHAH - Google Chrome",true,true
3,6875,"Hi RAJA MUHAMMAD AZRIEN BIN RAJA AZAMAN SHAH - Google Chrome",true,true
3,6985,"Hi RAJA MUHAMMAD AZRIEN BIN RAJA AZAMAN SHAH - Google Chrome",true,true
3,7092,"Hi RAJA MUHAMMAD AZRIEN BIN RAJA AZAMAN SHAH - Google Chrome",true,true
3,7195,"Hi RAJA MUHAMMAD AZRIEN BIN RAJA AZAMAN SHAH - Google Chrome",true,true
3,7297,"Hi RAJA MUHAMMAD AZRIEN BIN RAJA AZAMAN SHAH - Google Chrome",true,true
3,7404,"Hi RAJA MUHAMMAD AZRIEN BIN RAJA AZAMAN SHAH - Google Chrome",true,true
3,7513,"Hi RAJA MUHAMMAD AZRIEN BIN RAJA AZAMAN SHAH - Google Chrome",true,true
3,7620,"Hi RAJA MUHAMMAD AZRIEN BIN RAJA AZAMAN SHAH - Google Chrome",true,true
3,7732,"Hi RAJA MUHAMMAD AZRIEN BIN RAJA AZAMAN SHAH - Google Chrome",true,true
3,7848,"Hi RAJA MUHAMMAD AZRIEN BIN RAJA AZAMAN SHAH - Google Chrome",true,true
3,7963,"Hi RAJA MUHAMMAD AZRIEN BIN RAJA AZAMAN SHAH - Google Chrome",true,true
3,8066,"Hi RAJA MUHAMMAD AZRIEN BIN RAJA AZAMAN SHAH - Google Chrome",true,true
3,8172,"Hi RAJA MUHAMMAD AZRIEN BIN RAJA AZAMAN SHAH - Google Chrome",true,true
3,8280,"Hi RAJA MUHAMMAD AZRIEN BIN RAJA AZAMAN SHAH - Google Chrome",true,true
3,8446,"Hi RAJA MUHAMMAD AZRIEN BIN RAJA AZAMAN SHAH - Google Chrome",true,true
3,8549,"Hi RAJA MUHAMMAD AZRIEN BIN RAJA AZAMAN SHAH - Google Chrome",true,true
3,8663,"Hi RAJA MUHAMMAD AZRIEN BIN RAJA AZAMAN SHAH - Google Chrome",true,true
3,8773,"Hi RAJA MUHAMMAD AZRIEN BIN RAJA AZAMAN SHAH - Google Chrome",true,true
3,8879,"Hi RAJA MUHAMMAD AZRIEN BIN RAJA AZAMAN SHAH - Google Chrome",true,true
3,8984,"Hi RAJA MUHAMMAD AZRIEN BIN RAJA AZAMAN SHAH - Google Chrome",true,true
3,9090,"Hi RAJA MUHAMMAD AZRIEN BIN RAJA AZAMAN SHAH - Google Chrome",true,true
3,9204,"Delima-AutoLogin - Antigravity IDE - README.md",true,false
4,0,"Delima-AutoLogin - Antigravity IDE - README.md",true,false
4,116,"Delima-AutoLogin - Antigravity IDE - README.md",true,false
4,223,"Untitled - Google Chrome",true,false
4,358,"Untitled - Google Chrome",true,false
4,481,"Untitled - Google Chrome",true,false
4,593,"DELIMa 3.0 Digital Educational Learning Initiative Malaysia - Google Chrome",true,false
4,702,"DELIMa 3.0 Digital Educational Learning Initiative Malaysia - Google Chrome",true,false
4,816,"DELIMa 3.0 Digital Educational Learning Initiative Malaysia - Google Chrome",true,false
4,942,"DELIMa 3.0 Digital Educational Learning Initiative Malaysia - Google Chrome",true,false
4,1049,"DELIMa 3.0 Digital Educational Learning Initiative Malaysia - Google Chrome",true,false
4,1156,"DELIMa 3.0 Digital Educational Learning Initiative Malaysia - Google Chrome",true,false
4,1264,"DELIMa 3.0 Digital Educational Learning Initiative Malaysia - Google Chrome",true,false
4,1378,"DELIMa 3.0 Digital Educational Learning Initiative Malaysia - Google Chrome",true,false
4,1488,"DELIMa 3.0 Digital Educational Learning Initiative Malaysia - Google Chrome",true,false
4,1594,"Translate this page?",true,false
4,1708,"Translate this page?",true,false
4,1822,"Translate this page?",true,false
4,1935,"DELIMa 3.0 Digital Educational Learning Initiative Malaysia - Google Chrome",true,false
4,2051,"DELIMa 3.0 Digital Educational Learning Initiative Malaysia - Google Chrome",true,false
4,2158,"DELIMa 3.0 Digital Educational Learning Initiative Malaysia - Google Chrome",true,false
4,2264,"DELIMa 3.0 Digital Educational Learning Initiative Malaysia - Google Chrome",true,false
4,2377,"DELIMa 3.0 Digital Educational Learning Initiative Malaysia - Google Chrome",true,false
4,2480,"DELIMa 3.0 Digital Educational Learning Initiative Malaysia - Google Chrome",true,false
4,2595,"DELIMa 3.0 Digital Educational Learning Initiative Malaysia - Google Chrome",true,false
4,2707,"DELIMa 3.0 Digital Educational Learning Initiative Malaysia - Google Chrome",true,false
4,2811,"DELIMa 3.0 Digital Educational Learning Initiative Malaysia - Google Chrome",true,false
4,2913,"DELIMa 3.0 Digital Educational Learning Initiative Malaysia - Google Chrome",true,false
4,3018,"DELIMa 3.0 Digital Educational Learning Initiative Malaysia - Google Chrome",true,false
4,3122,"DELIMa 3.0 Digital Educational Learning Initiative Malaysia - Google Chrome",true,false
4,3239,"DELIMa 3.0 Digital Educational Learning Initiative Malaysia - Google Chrome",true,false
4,3358,"DELIMa 3.0 Digital Educational Learning Initiative Malaysia - Google Chrome",true,false
4,3466,"accounts.google.com/v3/signin/identifier?opparams=%253F&dsh=S-785848223%3A1787293958288659&client_id=950472034074-acj262jqk6trve8i4ndsudqeokvh5pef.apps.googleusercontent.com&o2v=2&redirect_uri=https%3A%2F%2Fd3.delima.edu.my%2Fauthentication%2Fcode&response_type=code&scope=openid+email+profile&service=lso&state=7185d54537c576787e9a1884ef2c4fec&flowName=GeneralOAuthFlow&continue=https%3A%2F%2Faccounts.google.com%2Fsignin%2Foauth%2Fconsent%3Fauthuser%3Dunknown%26part%3DAJi8hAOY4eC9gGiWvbtknUHGgZKz_jkKqCTznJqZUgJb89E1tE5LhJ1lwDXLhAKIOe7giBQ7LIO2L_-bTRPFlurmzLG4ZCxYo7gycBwCibGUnWI3aUYKbSkwBjSIlisYploY_jni1_somXhPiguGg_S3klhjrW9tRNbiD-9H1rIqUXWRiV3m7RKNc0WM1F2vlGqtld0V_can9FisokxcIrY0Mt2WzBWfudqGGoIYdy0_3bcG_ZzZ5liwI60W6pFquw4YpBB9bp86B4_pxMs1iRSFgO7UdqAwWzEZ5ZZex_gGRiF8zQoFpZq1Dw9B_INt9Oc0a3tXDYTRAx5FZnslWr3SBBkRI9b-GTejsFzwZ0uZRBYAy7ZOXUSvSN990Fz71-yoy6Z-6fFBtLj29fYvufxQznQxYSlit1SvANh1Gho9aPeP-nGrlMzqWfdQb9I_hg2B7eNYr0mawUfjKRwUXYGnDAytWeuP2g%26flowName%3DGeneralOAuthFlow%26as%3DS-785848223%253A1787293958288659",true,false
4,3573,"accounts.google.com/v3/signin/identifier?opparams=%253F&dsh=S-785848223%3A1787293958288659&client_id=950472034074-acj262jqk6trve8i4ndsudqeokvh5pef.apps.googleusercontent.com&o2v=2&redirect_uri=https%3A%2F%2Fd3.delima.edu.my%2Fauthentication%2Fcode&response_type=code&scope=openid+email+profile&service=lso&state=7185d54537c576787e9a1884ef2c4fec&flowName=GeneralOAuthFlow&continue=https%3A%2F%2Faccounts.google.com%2Fsignin%2Foauth%2Fconsent%3Fauthuser%3Dunknown%26part%3DAJi8hAOY4eC9gGiWvbtknUHGgZKz_jkKqCTznJqZUgJb89E1tE5LhJ1lwDXLhAKIOe7giBQ7LIO2L_-bTRPFlurmzLG4ZCxYo7gycBwCibGUnWI3aUYKbSkwBjSIlisYploY_jni1_somXhPiguGg_S3klhjrW9tRNbiD-9H1rIqUXWRiV3m7RKNc0WM1F2vlGqtld0V_can9FisokxcIrY0Mt2WzBWfudqGGoIYdy0_3bcG_ZzZ5liwI60W6pFquw4YpBB9bp86B4_pxMs1iRSFgO7UdqAwWzEZ5ZZex_gGRiF8zQoFpZq1Dw9B_INt9Oc0a3tXDYTRAx5FZnslWr3SBBkRI9b-GTejsFzwZ0uZRBYAy7ZOXUSvSN990Fz71-yoy6Z-6fFBtLj29fYvufxQznQxYSlit1SvANh1Gho9aPeP-nGrlMzqWfdQb9I_hg2B7eNYr0mawUfjKRwUXYGnDAytWeuP2g%26flowName%3DGeneralOAuthFlow%26as%3DS-785848223%253A1787293958288659",true,false
4,3676,"accounts.google.com/v3/signin/identifier?opparams=%253F&dsh=S-785848223%3A1787293958288659&client_id=950472034074-acj262jqk6trve8i4ndsudqeokvh5pef.apps.googleusercontent.com&o2v=2&redirect_uri=https%3A%2F%2Fd3.delima.edu.my%2Fauthentication%2Fcode&response_type=code&scope=openid+email+profile&service=lso&state=7185d54537c576787e9a1884ef2c4fec&flowName=GeneralOAuthFlow&continue=https%3A%2F%2Faccounts.google.com%2Fsignin%2Foauth%2Fconsent%3Fauthuser%3Dunknown%26part%3DAJi8hAOY4eC9gGiWvbtknUHGgZKz_jkKqCTznJqZUgJb89E1tE5LhJ1lwDXLhAKIOe7giBQ7LIO2L_-bTRPFlurmzLG4ZCxYo7gycBwCibGUnWI3aUYKbSkwBjSIlisYploY_jni1_somXhPiguGg_S3klhjrW9tRNbiD-9H1rIqUXWRiV3m7RKNc0WM1F2vlGqtld0V_can9FisokxcIrY0Mt2WzBWfudqGGoIYdy0_3bcG_ZzZ5liwI60W6pFquw4YpBB9bp86B4_pxMs1iRSFgO7UdqAwWzEZ5ZZex_gGRiF8zQoFpZq1Dw9B_INt9Oc0a3tXDYTRAx5FZnslWr3SBBkRI9b-GTejsFzwZ0uZRBYAy7ZOXUSvSN990Fz71-yoy6Z-6fFBtLj29fYvufxQznQxYSlit1SvANh1Gho9aPeP-nGrlMzqWfdQb9I_hg2B7eNYr0mawUfjKRwUXYGnDAytWeuP2g%26flowName%3DGeneralOAuthFlow%26as%3DS-785848223%253A1787293958288659",true,false
4,3793,"accounts.google.com/v3/signin/identifier?opparams=%253F&dsh=S-785848223%3A1787293958288659&client_id=950472034074-acj262jqk6trve8i4ndsudqeokvh5pef.apps.googleusercontent.com&o2v=2&redirect_uri=https%3A%2F%2Fd3.delima.edu.my%2Fauthentication%2Fcode&response_type=code&scope=openid+email+profile&service=lso&state=7185d54537c576787e9a1884ef2c4fec&flowName=GeneralOAuthFlow&continue=https%3A%2F%2Faccounts.google.com%2Fsignin%2Foauth%2Fconsent%3Fauthuser%3Dunknown%26part%3DAJi8hAOY4eC9gGiWvbtknUHGgZKz_jkKqCTznJqZUgJb89E1tE5LhJ1lwDXLhAKIOe7giBQ7LIO2L_-bTRPFlurmzLG4ZCxYo7gycBwCibGUnWI3aUYKbSkwBjSIlisYploY_jni1_somXhPiguGg_S3klhjrW9tRNbiD-9H1rIqUXWRiV3m7RKNc0WM1F2vlGqtld0V_can9FisokxcIrY0Mt2WzBWfudqGGoIYdy0_3bcG_ZzZ5liwI60W6pFquw4YpBB9bp86B4_pxMs1iRSFgO7UdqAwWzEZ5ZZex_gGRiF8zQoFpZq1Dw9B_INt9Oc0a3tXDYTRAx5FZnslWr3SBBkRI9b-GTejsFzwZ0uZRBYAy7ZOXUSvSN990Fz71-yoy6Z-6fFBtLj29fYvufxQznQxYSlit1SvANh1Gho9aPeP-nGrlMzqWfdQb9I_hg2B7eNYr0mawUfjKRwUXYGnDAytWeuP2g%26flowName%3DGeneralOAuthFlow%26as%3DS-785848223%253A1787293958288659",true,false
4,3909,"accounts.google.com/v3/signin/identifier?opparams=%253F&dsh=S-785848223%3A1787293958288659&client_id=950472034074-acj262jqk6trve8i4ndsudqeokvh5pef.apps.googleusercontent.com&o2v=2&redirect_uri=https%3A%2F%2Fd3.delima.edu.my%2Fauthentication%2Fcode&response_type=code&scope=openid+email+profile&service=lso&state=7185d54537c576787e9a1884ef2c4fec&flowName=GeneralOAuthFlow&continue=https%3A%2F%2Faccounts.google.com%2Fsignin%2Foauth%2Fconsent%3Fauthuser%3Dunknown%26part%3DAJi8hAOY4eC9gGiWvbtknUHGgZKz_jkKqCTznJqZUgJb89E1tE5LhJ1lwDXLhAKIOe7giBQ7LIO2L_-bTRPFlurmzLG4ZCxYo7gycBwCibGUnWI3aUYKbSkwBjSIlisYploY_jni1_somXhPiguGg_S3klhjrW9tRNbiD-9H1rIqUXWRiV3m7RKNc0WM1F2vlGqtld0V_can9FisokxcIrY0Mt2WzBWfudqGGoIYdy0_3bcG_ZzZ5liwI60W6pFquw4YpBB9bp86B4_pxMs1iRSFgO7UdqAwWzEZ5ZZex_gGRiF8zQoFpZq1Dw9B_INt9Oc0a3tXDYTRAx5FZnslWr3SBBkRI9b-GTejsFzwZ0uZRBYAy7ZOXUSvSN990Fz71-yoy6Z-6fFBtLj29fYvufxQznQxYSlit1SvANh1Gho9aPeP-nGrlMzqWfdQb9I_hg2B7eNYr0mawUfjKRwUXYGnDAytWeuP2g%26flowName%3DGeneralOAuthFlow%26as%3DS-785848223%253A1787293958288659",true,false
4,4013,"accounts.google.com/v3/signin/identifier?opparams=%253F&dsh=S-785848223%3A1787293958288659&client_id=950472034074-acj262jqk6trve8i4ndsudqeokvh5pef.apps.googleusercontent.com&o2v=2&redirect_uri=https%3A%2F%2Fd3.delima.edu.my%2Fauthentication%2Fcode&response_type=code&scope=openid+email+profile&service=lso&state=7185d54537c576787e9a1884ef2c4fec&flowName=GeneralOAuthFlow&continue=https%3A%2F%2Faccounts.google.com%2Fsignin%2Foauth%2Fconsent%3Fauthuser%3Dunknown%26part%3DAJi8hAOY4eC9gGiWvbtknUHGgZKz_jkKqCTznJqZUgJb89E1tE5LhJ1lwDXLhAKIOe7giBQ7LIO2L_-bTRPFlurmzLG4ZCxYo7gycBwCibGUnWI3aUYKbSkwBjSIlisYploY_jni1_somXhPiguGg_S3klhjrW9tRNbiD-9H1rIqUXWRiV3m7RKNc0WM1F2vlGqtld0V_can9FisokxcIrY0Mt2WzBWfudqGGoIYdy0_3bcG_ZzZ5liwI60W6pFquw4YpBB9bp86B4_pxMs1iRSFgO7UdqAwWzEZ5ZZex_gGRiF8zQoFpZq1Dw9B_INt9Oc0a3tXDYTRAx5FZnslWr3SBBkRI9b-GTejsFzwZ0uZRBYAy7ZOXUSvSN990Fz71-yoy6Z-6fFBtLj29fYvufxQznQxYSlit1SvANh1Gho9aPeP-nGrlMzqWfdQb9I_hg2B7eNYr0mawUfjKRwUXYGnDAytWeuP2g%26flowName%3DGeneralOAuthFlow%26as%3DS-785848223%253A1787293958288659",true,false
4,4122,"accounts.google.com/v3/signin/identifier?opparams=%253F&dsh=S-785848223%3A1787293958288659&client_id=950472034074-acj262jqk6trve8i4ndsudqeokvh5pef.apps.googleusercontent.com&o2v=2&redirect_uri=https%3A%2F%2Fd3.delima.edu.my%2Fauthentication%2Fcode&response_type=code&scope=openid+email+profile&service=lso&state=7185d54537c576787e9a1884ef2c4fec&flowName=GeneralOAuthFlow&continue=https%3A%2F%2Faccounts.google.com%2Fsignin%2Foauth%2Fconsent%3Fauthuser%3Dunknown%26part%3DAJi8hAOY4eC9gGiWvbtknUHGgZKz_jkKqCTznJqZUgJb89E1tE5LhJ1lwDXLhAKIOe7giBQ7LIO2L_-bTRPFlurmzLG4ZCxYo7gycBwCibGUnWI3aUYKbSkwBjSIlisYploY_jni1_somXhPiguGg_S3klhjrW9tRNbiD-9H1rIqUXWRiV3m7RKNc0WM1F2vlGqtld0V_can9FisokxcIrY0Mt2WzBWfudqGGoIYdy0_3bcG_ZzZ5liwI60W6pFquw4YpBB9bp86B4_pxMs1iRSFgO7UdqAwWzEZ5ZZex_gGRiF8zQoFpZq1Dw9B_INt9Oc0a3tXDYTRAx5FZnslWr3SBBkRI9b-GTejsFzwZ0uZRBYAy7ZOXUSvSN990Fz71-yoy6Z-6fFBtLj29fYvufxQznQxYSlit1SvANh1Gho9aPeP-nGrlMzqWfdQb9I_hg2B7eNYr0mawUfjKRwUXYGnDAytWeuP2g%26flowName%3DGeneralOAuthFlow%26as%3DS-785848223%253A1787293958288659",true,false
4,4227,"accounts.google.com/v3/signin/identifier?opparams=%253F&dsh=S-785848223%3A1787293958288659&client_id=950472034074-acj262jqk6trve8i4ndsudqeokvh5pef.apps.googleusercontent.com&o2v=2&redirect_uri=https%3A%2F%2Fd3.delima.edu.my%2Fauthentication%2Fcode&response_type=code&scope=openid+email+profile&service=lso&state=7185d54537c576787e9a1884ef2c4fec&flowName=GeneralOAuthFlow&continue=https%3A%2F%2Faccounts.google.com%2Fsignin%2Foauth%2Fconsent%3Fauthuser%3Dunknown%26part%3DAJi8hAOY4eC9gGiWvbtknUHGgZKz_jkKqCTznJqZUgJb89E1tE5LhJ1lwDXLhAKIOe7giBQ7LIO2L_-bTRPFlurmzLG4ZCxYo7gycBwCibGUnWI3aUYKbSkwBjSIlisYploY_jni1_somXhPiguGg_S3klhjrW9tRNbiD-9H1rIqUXWRiV3m7RKNc0WM1F2vlGqtld0V_can9FisokxcIrY0Mt2WzBWfudqGGoIYdy0_3bcG_ZzZ5liwI60W6pFquw4YpBB9bp86B4_pxMs1iRSFgO7UdqAwWzEZ5ZZex_gGRiF8zQoFpZq1Dw9B_INt9Oc0a3tXDYTRAx5FZnslWr3SBBkRI9b-GTejsFzwZ0uZRBYAy7ZOXUSvSN990Fz71-yoy6Z-6fFBtLj29fYvufxQznQxYSlit1SvANh1Gho9aPeP-nGrlMzqWfdQb9I_hg2B7eNYr0mawUfjKRwUXYGnDAytWeuP2g%26flowName%3DGeneralOAuthFlow%26as%3DS-785848223%253A1787293958288659",true,false
4,4343,"accounts.google.com/v3/signin/identifier?opparams=%253F&dsh=S-785848223%3A1787293958288659&client_id=950472034074-acj262jqk6trve8i4ndsudqeokvh5pef.apps.googleusercontent.com&o2v=2&redirect_uri=https%3A%2F%2Fd3.delima.edu.my%2Fauthentication%2Fcode&response_type=code&scope=openid+email+profile&service=lso&state=7185d54537c576787e9a1884ef2c4fec&flowName=GeneralOAuthFlow&continue=https%3A%2F%2Faccounts.google.com%2Fsignin%2Foauth%2Fconsent%3Fauthuser%3Dunknown%26part%3DAJi8hAOY4eC9gGiWvbtknUHGgZKz_jkKqCTznJqZUgJb89E1tE5LhJ1lwDXLhAKIOe7giBQ7LIO2L_-bTRPFlurmzLG4ZCxYo7gycBwCibGUnWI3aUYKbSkwBjSIlisYploY_jni1_somXhPiguGg_S3klhjrW9tRNbiD-9H1rIqUXWRiV3m7RKNc0WM1F2vlGqtld0V_can9FisokxcIrY0Mt2WzBWfudqGGoIYdy0_3bcG_ZzZ5liwI60W6pFquw4YpBB9bp86B4_pxMs1iRSFgO7UdqAwWzEZ5ZZex_gGRiF8zQoFpZq1Dw9B_INt9Oc0a3tXDYTRAx5FZnslWr3SBBkRI9b-GTejsFzwZ0uZRBYAy7ZOXUSvSN990Fz71-yoy6Z-6fFBtLj29fYvufxQznQxYSlit1SvANh1Gho9aPeP-nGrlMzqWfdQb9I_hg2B7eNYr0mawUfjKRwUXYGnDAytWeuP2g%26flowName%3DGeneralOAuthFlow%26as%3DS-785848223%253A1787293958288659",true,false
4,4458,"accounts.google.com/v3/signin/identifier?opparams=%253F&dsh=S-785848223%3A1787293958288659&client_id=950472034074-acj262jqk6trve8i4ndsudqeokvh5pef.apps.googleusercontent.com&o2v=2&redirect_uri=https%3A%2F%2Fd3.delima.edu.my%2Fauthentication%2Fcode&response_type=code&scope=openid+email+profile&service=lso&state=7185d54537c576787e9a1884ef2c4fec&flowName=GeneralOAuthFlow&continue=https%3A%2F%2Faccounts.google.com%2Fsignin%2Foauth%2Fconsent%3Fauthuser%3Dunknown%26part%3DAJi8hAOY4eC9gGiWvbtknUHGgZKz_jkKqCTznJqZUgJb89E1tE5LhJ1lwDXLhAKIOe7giBQ7LIO2L_-bTRPFlurmzLG4ZCxYo7gycBwCibGUnWI3aUYKbSkwBjSIlisYploY_jni1_somXhPiguGg_S3klhjrW9tRNbiD-9H1rIqUXWRiV3m7RKNc0WM1F2vlGqtld0V_can9FisokxcIrY0Mt2WzBWfudqGGoIYdy0_3bcG_ZzZ5liwI60W6pFquw4YpBB9bp86B4_pxMs1iRSFgO7UdqAwWzEZ5ZZex_gGRiF8zQoFpZq1Dw9B_INt9Oc0a3tXDYTRAx5FZnslWr3SBBkRI9b-GTejsFzwZ0uZRBYAy7ZOXUSvSN990Fz71-yoy6Z-6fFBtLj29fYvufxQznQxYSlit1SvANh1Gho9aPeP-nGrlMzqWfdQb9I_hg2B7eNYr0mawUfjKRwUXYGnDAytWeuP2g%26flowName%3DGeneralOAuthFlow%26as%3DS-785848223%253A1787293958288659",true,false
4,4573,"accounts.google.com/v3/signin/identifier?opparams=%253F&dsh=S-785848223%3A1787293958288659&client_id=950472034074-acj262jqk6trve8i4ndsudqeokvh5pef.apps.googleusercontent.com&o2v=2&redirect_uri=https%3A%2F%2Fd3.delima.edu.my%2Fauthentication%2Fcode&response_type=code&scope=openid+email+profile&service=lso&state=7185d54537c576787e9a1884ef2c4fec&flowName=GeneralOAuthFlow&continue=https%3A%2F%2Faccounts.google.com%2Fsignin%2Foauth%2Fconsent%3Fauthuser%3Dunknown%26part%3DAJi8hAOY4eC9gGiWvbtknUHGgZKz_jkKqCTznJqZUgJb89E1tE5LhJ1lwDXLhAKIOe7giBQ7LIO2L_-bTRPFlurmzLG4ZCxYo7gycBwCibGUnWI3aUYKbSkwBjSIlisYploY_jni1_somXhPiguGg_S3klhjrW9tRNbiD-9H1rIqUXWRiV3m7RKNc0WM1F2vlGqtld0V_can9FisokxcIrY0Mt2WzBWfudqGGoIYdy0_3bcG_ZzZ5liwI60W6pFquw4YpBB9bp86B4_pxMs1iRSFgO7UdqAwWzEZ5ZZex_gGRiF8zQoFpZq1Dw9B_INt9Oc0a3tXDYTRAx5FZnslWr3SBBkRI9b-GTejsFzwZ0uZRBYAy7ZOXUSvSN990Fz71-yoy6Z-6fFBtLj29fYvufxQznQxYSlit1SvANh1Gho9aPeP-nGrlMzqWfdQb9I_hg2B7eNYr0mawUfjKRwUXYGnDAytWeuP2g%26flowName%3DGeneralOAuthFlow%26as%3DS-785848223%253A1787293958288659",true,false
4,4678,"accounts.google.com/v3/signin/identifier?opparams=%253F&dsh=S-785848223%3A1787293958288659&client_id=950472034074-acj262jqk6trve8i4ndsudqeokvh5pef.apps.googleusercontent.com&o2v=2&redirect_uri=https%3A%2F%2Fd3.delima.edu.my%2Fauthentication%2Fcode&response_type=code&scope=openid+email+profile&service=lso&state=7185d54537c576787e9a1884ef2c4fec&flowName=GeneralOAuthFlow&continue=https%3A%2F%2Faccounts.google.com%2Fsignin%2Foauth%2Fconsent%3Fauthuser%3Dunknown%26part%3DAJi8hAOY4eC9gGiWvbtknUHGgZKz_jkKqCTznJqZUgJb89E1tE5LhJ1lwDXLhAKIOe7giBQ7LIO2L_-bTRPFlurmzLG4ZCxYo7gycBwCibGUnWI3aUYKbSkwBjSIlisYploY_jni1_somXhPiguGg_S3klhjrW9tRNbiD-9H1rIqUXWRiV3m7RKNc0WM1F2vlGqtld0V_can9FisokxcIrY0Mt2WzBWfudqGGoIYdy0_3bcG_ZzZ5liwI60W6pFquw4YpBB9bp86B4_pxMs1iRSFgO7UdqAwWzEZ5ZZex_gGRiF8zQoFpZq1Dw9B_INt9Oc0a3tXDYTRAx5FZnslWr3SBBkRI9b-GTejsFzwZ0uZRBYAy7ZOXUSvSN990Fz71-yoy6Z-6fFBtLj29fYvufxQznQxYSlit1SvANh1Gho9aPeP-nGrlMzqWfdQb9I_hg2B7eNYr0mawUfjKRwUXYGnDAytWeuP2g%26flowName%3DGeneralOAuthFlow%26as%3DS-785848223%253A1787293958288659",true,false
4,4785,"accounts.google.com/v3/signin/identifier?opparams=%253F&dsh=S-785848223%3A1787293958288659&client_id=950472034074-acj262jqk6trve8i4ndsudqeokvh5pef.apps.googleusercontent.com&o2v=2&redirect_uri=https%3A%2F%2Fd3.delima.edu.my%2Fauthentication%2Fcode&response_type=code&scope=openid+email+profile&service=lso&state=7185d54537c576787e9a1884ef2c4fec&flowName=GeneralOAuthFlow&continue=https%3A%2F%2Faccounts.google.com%2Fsignin%2Foauth%2Fconsent%3Fauthuser%3Dunknown%26part%3DAJi8hAOY4eC9gGiWvbtknUHGgZKz_jkKqCTznJqZUgJb89E1tE5LhJ1lwDXLhAKIOe7giBQ7LIO2L_-bTRPFlurmzLG4ZCxYo7gycBwCibGUnWI3aUYKbSkwBjSIlisYploY_jni1_somXhPiguGg_S3klhjrW9tRNbiD-9H1rIqUXWRiV3m7RKNc0WM1F2vlGqtld0V_can9FisokxcIrY0Mt2WzBWfudqGGoIYdy0_3bcG_ZzZ5liwI60W6pFquw4YpBB9bp86B4_pxMs1iRSFgO7UdqAwWzEZ5ZZex_gGRiF8zQoFpZq1Dw9B_INt9Oc0a3tXDYTRAx5FZnslWr3SBBkRI9b-GTejsFzwZ0uZRBYAy7ZOXUSvSN990Fz71-yoy6Z-6fFBtLj29fYvufxQznQxYSlit1SvANh1Gho9aPeP-nGrlMzqWfdQb9I_hg2B7eNYr0mawUfjKRwUXYGnDAytWeuP2g%26flowName%3DGeneralOAuthFlow%26as%3DS-785848223%253A1787293958288659",true,false
4,4893,"accounts.google.com/v3/signin/identifier?opparams=%253F&dsh=S-785848223%3A1787293958288659&client_id=950472034074-acj262jqk6trve8i4ndsudqeokvh5pef.apps.googleusercontent.com&o2v=2&redirect_uri=https%3A%2F%2Fd3.delima.edu.my%2Fauthentication%2Fcode&response_type=code&scope=openid+email+profile&service=lso&state=7185d54537c576787e9a1884ef2c4fec&flowName=GeneralOAuthFlow&continue=https%3A%2F%2Faccounts.google.com%2Fsignin%2Foauth%2Fconsent%3Fauthuser%3Dunknown%26part%3DAJi8hAOY4eC9gGiWvbtknUHGgZKz_jkKqCTznJqZUgJb89E1tE5LhJ1lwDXLhAKIOe7giBQ7LIO2L_-bTRPFlurmzLG4ZCxYo7gycBwCibGUnWI3aUYKbSkwBjSIlisYploY_jni1_somXhPiguGg_S3klhjrW9tRNbiD-9H1rIqUXWRiV3m7RKNc0WM1F2vlGqtld0V_can9FisokxcIrY0Mt2WzBWfudqGGoIYdy0_3bcG_ZzZ5liwI60W6pFquw4YpBB9bp86B4_pxMs1iRSFgO7UdqAwWzEZ5ZZex_gGRiF8zQoFpZq1Dw9B_INt9Oc0a3tXDYTRAx5FZnslWr3SBBkRI9b-GTejsFzwZ0uZRBYAy7ZOXUSvSN990Fz71-yoy6Z-6fFBtLj29fYvufxQznQxYSlit1SvANh1Gho9aPeP-nGrlMzqWfdQb9I_hg2B7eNYr0mawUfjKRwUXYGnDAytWeuP2g%26flowName%3DGeneralOAuthFlow%26as%3DS-785848223%253A1787293958288659",true,false
4,5002,"accounts.google.com/v3/signin/identifier?opparams=%253F&dsh=S-785848223%3A1787293958288659&client_id=950472034074-acj262jqk6trve8i4ndsudqeokvh5pef.apps.googleusercontent.com&o2v=2&redirect_uri=https%3A%2F%2Fd3.delima.edu.my%2Fauthentication%2Fcode&response_type=code&scope=openid+email+profile&service=lso&state=7185d54537c576787e9a1884ef2c4fec&flowName=GeneralOAuthFlow&continue=https%3A%2F%2Faccounts.google.com%2Fsignin%2Foauth%2Fconsent%3Fauthuser%3Dunknown%26part%3DAJi8hAOY4eC9gGiWvbtknUHGgZKz_jkKqCTznJqZUgJb89E1tE5LhJ1lwDXLhAKIOe7giBQ7LIO2L_-bTRPFlurmzLG4ZCxYo7gycBwCibGUnWI3aUYKbSkwBjSIlisYploY_jni1_somXhPiguGg_S3klhjrW9tRNbiD-9H1rIqUXWRiV3m7RKNc0WM1F2vlGqtld0V_can9FisokxcIrY0Mt2WzBWfudqGGoIYdy0_3bcG_ZzZ5liwI60W6pFquw4YpBB9bp86B4_pxMs1iRSFgO7UdqAwWzEZ5ZZex_gGRiF8zQoFpZq1Dw9B_INt9Oc0a3tXDYTRAx5FZnslWr3SBBkRI9b-GTejsFzwZ0uZRBYAy7ZOXUSvSN990Fz71-yoy6Z-6fFBtLj29fYvufxQznQxYSlit1SvANh1Gho9aPeP-nGrlMzqWfdQb9I_hg2B7eNYr0mawUfjKRwUXYGnDAytWeuP2g%26flowName%3DGeneralOAuthFlow%26as%3DS-785848223%253A1787293958288659",true,false
4,5108,"Sign in - Google Accounts - Google Chrome",true,false
4,5213,"Sign in - Google Accounts - Google Chrome",true,false
4,5322,"Sign in - Google Accounts - Google Chrome",true,false
4,5425,"Sign in - Google Accounts - Google Chrome",true,false
4,5528,"Sign in - Google Accounts - Google Chrome",true,false
4,5635,"Sign in - Google Accounts - Google Chrome",true,false
4,5895,"Sign in - Google Accounts - Google Chrome",true,false
4,6008,"Sign in - Google Accounts - Google Chrome",true,false
4,6123,"Sign in - Google Accounts - Google Chrome",true,false
4,6228,"Sign in - Google Accounts - Google Chrome",true,false
4,6333,"Sign in - Google Accounts - Google Chrome",true,false
4,6448,"Sign in - Google Accounts - Google Chrome",true,false
4,6553,"Sign in - Google Accounts - Google Chrome",true,false
4,6664,"Sign in - Google Accounts - Google Chrome",true,false
4,6779,"Sign in - Google Accounts - Google Chrome",true,false
4,6883,"Sign in - Google Accounts - Google Chrome",true,false
4,6999,"Sign in - Google Accounts - Google Chrome",true,false
4,7113,"Sign in - Google Accounts - Google Chrome",true,false
4,7217,"Sign in - Google Accounts - Google Chrome",true,false
4,7326,"Sign in - Google Accounts - Google Chrome",true,false
4,7427,"Sign in - Google Accounts - Google Chrome",true,false
4,7536,"Sign in - Google Accounts - Google Chrome",true,false
4,7643,"Sign in - Google Accounts - Google Chrome",true,false
4,7758,"Sign in - Google Accounts - Google Chrome",true,false
4,7872,"Sign in - Google Accounts - Google Chrome",true,false
4,7976,"Sign in - Google Accounts - Google Chrome",true,false
4,8088,"Sign in - Google Accounts - Google Chrome",true,false
4,8191,"Sign in - Google Accounts - Google Chrome",true,false
4,8301,"Sign in - Google Accounts - Google Chrome",true,false
4,8413,"Sign in - Google Accounts - Google Chrome",true,false
4,8516,"Sign in - Google Accounts - Google Chrome",true,false
4,8618,"Sign in - Google Accounts - Google Chrome",true,false
4,8722,"Sign in - Google Accounts - Google Chrome",true,false
4,8828,"Sign in - Google Accounts - Google Chrome",true,false
4,8943,"Sign in - Google Accounts - Google Chrome",true,false
4,9056,"Sign in - Google Accounts - Google Chrome",true,false
4,9164,"Sign in - Google Accounts - Google Chrome",true,false
4,9278,"Sign in - Google Accounts - Google Chrome",true,false
4,9380,"Sign in - Google Accounts - Google Chrome",true,false
4,9485,"Sign in - Google Accounts - Google Chrome",true,false
4,9592,"Sign in - Google Accounts - Google Chrome",true,false
4,9699,"Sign in - Google Accounts - Google Chrome",true,false
4,9813,"Sign in - Google Accounts - Google Chrome",true,false
4,9917,"Sign in - Google Accounts - Google Chrome",true,false
4,10023,"Sign in - Google Accounts - Google Chrome",true,false
4,10138,"Sign in - Google Accounts - Google Chrome",true,false
4,10252,"Hi RAJA MUHAMMAD AZRIEN BIN RAJA AZAMAN SHAH - Google Chrome",true,false
4,10363,"Hi RAJA MUHAMMAD AZRIEN BIN RAJA AZAMAN SHAH - Google Chrome",true,false
4,10478,"Hi RAJA MUHAMMAD AZRIEN BIN RAJA AZAMAN SHAH - Google Chrome",true,true
4,10581,"Hi RAJA MUHAMMAD AZRIEN BIN RAJA AZAMAN SHAH - Google Chrome",true,true
4,10688,"Hi RAJA MUHAMMAD AZRIEN BIN RAJA AZAMAN SHAH - Google Chrome",true,true
4,10796,"Hi RAJA MUHAMMAD AZRIEN BIN RAJA AZAMAN SHAH - Google Chrome",true,true
4,10901,"Hi RAJA MUHAMMAD AZRIEN BIN RAJA AZAMAN SHAH - Google Chrome",true,true
4,11010,"Hi RAJA MUHAMMAD AZRIEN BIN RAJA AZAMAN SHAH - Google Chrome",true,true
4,11116,"Hi RAJA MUHAMMAD AZRIEN BIN RAJA AZAMAN SHAH - Google Chrome",true,true
4,11223,"Hi RAJA MUHAMMAD AZRIEN BIN RAJA AZAMAN SHAH - Google Chrome",true,true
4,11328,"Hi RAJA MUHAMMAD AZRIEN BIN RAJA AZAMAN SHAH - Google Chrome",true,true
4,11431,"Hi RAJA MUHAMMAD AZRIEN BIN RAJA AZAMAN SHAH - Google Chrome",true,true
4,11542,"Hi RAJA MUHAMMAD AZRIEN BIN RAJA AZAMAN SHAH - Google Chrome",true,true
4,11655,"Hi RAJA MUHAMMAD AZRIEN BIN RAJA AZAMAN SHAH - Google Chrome",true,true
4,11758,"Hi RAJA MUHAMMAD AZRIEN BIN RAJA AZAMAN SHAH - Google Chrome",true,true
4,11862,"Hi RAJA MUHAMMAD AZRIEN BIN RAJA AZAMAN SHAH - Google Chrome",true,true
4,11976,"Hi RAJA MUHAMMAD AZRIEN BIN RAJA AZAMAN SHAH - Google Chrome",true,true
4,12079,"Hi RAJA MUHAMMAD AZRIEN BIN RAJA AZAMAN SHAH - Google Chrome",true,true
4,12189,"Hi RAJA MUHAMMAD AZRIEN BIN RAJA AZAMAN SHAH - Google Chrome",true,true
4,12302,"Hi RAJA MUHAMMAD AZRIEN BIN RAJA AZAMAN SHAH - Google Chrome",true,true
4,12412,"Hi RAJA MUHAMMAD AZRIEN BIN RAJA AZAMAN SHAH - Google Chrome",true,true
4,12522,"Hi RAJA MUHAMMAD AZRIEN BIN RAJA AZAMAN SHAH - Google Chrome",true,true
4,12627,"Hi RAJA MUHAMMAD AZRIEN BIN RAJA AZAMAN SHAH - Google Chrome",true,true
4,12739,"Hi RAJA MUHAMMAD AZRIEN BIN RAJA AZAMAN SHAH - Google Chrome",true,true
4,12847,"Hi RAJA MUHAMMAD AZRIEN BIN RAJA AZAMAN SHAH - Google Chrome",true,true
4,12956,"Hi RAJA MUHAMMAD AZRIEN BIN RAJA AZAMAN SHAH - Google Chrome",true,true
4,13069,"Hi RAJA MUHAMMAD AZRIEN BIN RAJA AZAMAN SHAH - Google Chrome",true,true
4,13174,"Hi RAJA MUHAMMAD AZRIEN BIN RAJA AZAMAN SHAH - Google Chrome",true,true
4,13282,"Hi RAJA MUHAMMAD AZRIEN BIN RAJA AZAMAN SHAH - Google Chrome",true,true
4,13384,"Hi RAJA MUHAMMAD AZRIEN BIN RAJA AZAMAN SHAH - Google Chrome",false,
5,0,"Delima-AutoLogin - Antigravity IDE - README.md",true,false
5,117,"Delima-AutoLogin - Antigravity IDE - README.md",true,false
5,224,"Untitled - Google Chrome",true,false
5,368,"Untitled - Google Chrome",true,false
5,473,"Untitled - Google Chrome",true,false
5,584,"DELIMa 3.0 Digital Educational Learning Initiative Malaysia - Google Chrome",true,false
5,698,"DELIMa 3.0 Digital Educational Learning Initiative Malaysia - Google Chrome",true,false
5,814,"DELIMa 3.0 Digital Educational Learning Initiative Malaysia - Google Chrome",true,false
5,919,"DELIMa 3.0 Digital Educational Learning Initiative Malaysia - Google Chrome",true,false
5,1024,"DELIMa 3.0 Digital Educational Learning Initiative Malaysia - Google Chrome",true,false
5,1126,"DELIMa 3.0 Digital Educational Learning Initiative Malaysia - Google Chrome",true,false
5,1234,"DELIMa 3.0 Digital Educational Learning Initiative Malaysia - Google Chrome",true,false
5,1342,"DELIMa 3.0 Digital Educational Learning Initiative Malaysia - Google Chrome",true,false
5,1454,"DELIMa 3.0 Digital Educational Learning Initiative Malaysia - Google Chrome",true,false
5,1567,"DELIMa 3.0 Digital Educational Learning Initiative Malaysia - Google Chrome",true,false
5,1675,"Translate this page?",true,false
5,1788,"Translate this page?",true,false
5,1893,"Translate this page?",true,false
5,2004,"DELIMa 3.0 Digital Educational Learning Initiative Malaysia - Google Chrome",true,false
5,2115,"DELIMa 3.0 Digital Educational Learning Initiative Malaysia - Google Chrome",true,false
5,2217,"DELIMa 3.0 Digital Educational Learning Initiative Malaysia - Google Chrome",true,false
5,2323,"DELIMa 3.0 Digital Educational Learning Initiative Malaysia - Google Chrome",true,false
5,2425,"DELIMa 3.0 Digital Educational Learning Initiative Malaysia - Google Chrome",true,false
5,2528,"DELIMa 3.0 Digital Educational Learning Initiative Malaysia - Google Chrome",true,false
5,2657,"Sign in - Google Accounts - Google Chrome",true,false
5,2766,"Sign in - Google Accounts - Google Chrome",true,false
5,2880,"Sign in - Google Accounts - Google Chrome",true,false
5,3226,"Sign in - Google Accounts - Google Chrome",true,false
5,3330,"Sign in - Google Accounts - Google Chrome",true,false
5,3435,"Sign in - Google Accounts - Google Chrome",true,false
5,3541,"Sign in - Google Accounts - Google Chrome",true,false
5,3646,"Sign in - Google Accounts - Google Chrome",true,false
5,3748,"Sign in - Google Accounts - Google Chrome",true,false
5,3851,"Sign in - Google Accounts - Google Chrome",true,false
5,3955,"Sign in - Google Accounts - Google Chrome",true,false
5,4058,"Sign in - Google Accounts - Google Chrome",true,false
5,4170,"Sign in - Google Accounts - Google Chrome",true,false
5,4278,"Sign in - Google Accounts - Google Chrome",true,false
5,4380,"Sign in - Google Accounts - Google Chrome",true,false
5,4484,"Sign in - Google Accounts - Google Chrome",true,false
5,4590,"Sign in - Google Accounts - Google Chrome",true,false
5,4703,"Sign in - Google Accounts - Google Chrome",true,false
5,4806,"Sign in - Google Accounts - Google Chrome",true,false
5,4920,"Sign in - Google Accounts - Google Chrome",true,false
5,5026,"Sign in - Google Accounts - Google Chrome",true,false
5,5138,"Sign in - Google Accounts - Google Chrome",true,false
5,5243,"Sign in - Google Accounts - Google Chrome",true,false
5,5345,"Sign in - Google Accounts - Google Chrome",true,false
5,5454,"Sign in - Google Accounts - Google Chrome",true,false
5,5567,"Sign in - Google Accounts - Google Chrome",true,false
5,5682,"Sign in - Google Accounts - Google Chrome",true,false
5,5784,"Sign in - Google Accounts - Google Chrome",true,false
5,5893,"Sign in - Google Accounts - Google Chrome",true,false
5,5995,"Sign in - Google Accounts - Google Chrome",true,false
5,6102,"Sign in - Google Accounts - Google Chrome",true,false
5,6217,"Sign in - Google Accounts - Google Chrome",true,false
5,6331,"Sign in - Google Accounts - Google Chrome",true,false
5,6434,"Hi RAJA MUHAMMAD AZRIEN BIN RAJA AZAMAN SHAH - Google Chrome",true,false
5,6537,"Hi RAJA MUHAMMAD AZRIEN BIN RAJA AZAMAN SHAH - Google Chrome",true,true
5,6647,"Hi RAJA MUHAMMAD AZRIEN BIN RAJA AZAMAN SHAH - Google Chrome",true,true
5,6761,"Hi RAJA MUHAMMAD AZRIEN BIN RAJA AZAMAN SHAH - Google Chrome",true,true
5,6866,"Hi RAJA MUHAMMAD AZRIEN BIN RAJA AZAMAN SHAH - Google Chrome",true,true
5,6973,"Hi RAJA MUHAMMAD AZRIEN BIN RAJA AZAMAN SHAH - Google Chrome",true,true
5,7074,"Hi RAJA MUHAMMAD AZRIEN BIN RAJA AZAMAN SHAH - Google Chrome",true,true
5,7191,"Hi RAJA MUHAMMAD AZRIEN BIN RAJA AZAMAN SHAH - Google Chrome",true,true
5,7296,"Hi RAJA MUHAMMAD AZRIEN BIN RAJA AZAMAN SHAH - Google Chrome",true,true
5,7411,"Hi RAJA MUHAMMAD AZRIEN BIN RAJA AZAMAN SHAH - Google Chrome",true,true
5,7519,"Hi RAJA MUHAMMAD AZRIEN BIN RAJA AZAMAN SHAH - Google Chrome",true,true
5,7634,"Hi RAJA MUHAMMAD AZRIEN BIN RAJA AZAMAN SHAH - Google Chrome",true,true
5,7747,"Hi RAJA MUHAMMAD AZRIEN BIN RAJA AZAMAN SHAH - Google Chrome",true,true
5,7860,"Hi RAJA MUHAMMAD AZRIEN BIN RAJA AZAMAN SHAH - Google Chrome",true,true
5,7964,"Delima-AutoLogin - Antigravity IDE - README.md",true,false
5,8072,"Delima-AutoLogin - Antigravity IDE - README.md",true,false
5,8175,"Delima-AutoLogin - Antigravity IDE - README.md",true,false
5,8279,"Delima-AutoLogin - Antigravity IDE - README.md",true,false
5,8391,"Delima-AutoLogin - Antigravity IDE - README.md",true,false
5,8502,"Delima-AutoLogin - Antigravity IDE - README.md",true,false
5,8615,"Delima-AutoLogin - Antigravity IDE - README.md",true,false
5,8720,"Delima-AutoLogin - Antigravity IDE - README.md",true,false
5,8826,"Delima-AutoLogin - Antigravity IDE - README.md",true,false
5,8929,"Delima-AutoLogin - Antigravity IDE - README.md",true,false
5,9038,"Delima-AutoLogin - Antigravity IDE - README.md",true,false
5,9141,"Delima-AutoLogin - Antigravity IDE - README.md",true,false
5,9259,"Delima-AutoLogin - Antigravity IDE - README.md",true,false
5,9361,"Delima-AutoLogin - Antigravity IDE - README.md",true,false
5,9465,"Delima-AutoLogin - Antigravity IDE - README.md",true,false
5,9578,"Delima-AutoLogin - Antigravity IDE - README.md",true,false
5,9683,"Delima-AutoLogin - Antigravity IDE - README.md",true,false
5,9790,"Delima-AutoLogin - Antigravity IDE - README.md",true,false
5,9894,"Delima-AutoLogin - Antigravity IDE - README.md",true,false
5,10006,"Delima-AutoLogin - Antigravity IDE - README.md",true,false
5,10108,"Delima-AutoLogin - Antigravity IDE - README.md",true,false
5,10225,"Delima-AutoLogin - Antigravity IDE - README.md",true,false
5,10329,"",true,false
5,10433,"Hi RAJA MUHAMMAD AZRIEN BIN RAJA AZAMAN SHAH - Google Chrome",true,true
5,10540,"Hi RAJA MUHAMMAD AZRIEN BIN RAJA AZAMAN SHAH - Google Chrome",true,true
5,10647,"Hi RAJA MUHAMMAD AZRIEN BIN RAJA AZAMAN SHAH - Google Chrome",true,true
5,10762,"Hi RAJA MUHAMMAD AZRIEN BIN RAJA AZAMAN SHAH - Google Chrome",true,true
5,10867,"Hi RAJA MUHAMMAD AZRIEN BIN RAJA AZAMAN SHAH - Google Chrome",true,true
5,10977,"Hi RAJA MUHAMMAD AZRIEN BIN RAJA AZAMAN SHAH - Google Chrome",true,true
5,11084,"Hi RAJA MUHAMMAD AZRIEN BIN RAJA AZAMAN SHAH - Google Chrome",true,true
5,11191,"Hi RAJA MUHAMMAD AZRIEN BIN RAJA AZAMAN SHAH - Google Chrome",true,true
5,11299,"",true,false
6,0,"",true,false
6,105,"",true,false
6,222,"",true,false
6,330,"",true,false
6,443,"",true,false
6,547,"",true,false
6,650,"",true,false
6,753,"",true,false
6,858,"",true,false
6,967,"",true,false
6,1070,"",true,false
6,1174,"",true,false
6,1291,"",true,false
6,1403,"",true,false
6,1507,"",true,false
6,1616,"",true,false
6,1721,"",true,false
6,1836,"",true,false
6,1939,"",true,false
6,2056,"",true,false
6,2164,"Translate this page?",true,false
6,2274,"Translate this page?",true,false
6,2381,"DELIMa 3.0 Digital Educational Learning Initiative Malaysia - Google Chrome",true,false
6,2503,"DELIMa 3.0 Digital Educational Learning Initiative Malaysia - Google Chrome",true,false
6,2606,"DELIMa 3.0 Digital Educational Learning Initiative Malaysia - Google Chrome",true,false
6,2717,"DELIMa 3.0 Digital Educational Learning Initiative Malaysia - Google Chrome",true,false
6,2829,"DELIMa 3.0 Digital Educational Learning Initiative Malaysia - Google Chrome",true,false
6,2935,"DELIMa 3.0 Digital Educational Learning Initiative Malaysia - Google Chrome",true,false
6,3040,"DELIMa 3.0 Digital Educational Learning Initiative Malaysia - Google Chrome",true,false
6,3155,"DELIMa 3.0 Digital Educational Learning Initiative Malaysia - Google Chrome",true,false
6,3268,"DELIMa 3.0 Digital Educational Learning Initiative Malaysia - Google Chrome",true,false
6,3401,"Sign in - Google Accounts - Google Chrome",true,false
6,3516,"Sign in - Google Accounts - Google Chrome",true,false
6,3620,"Sign in - Google Accounts - Google Chrome",true,false
6,3954,"Sign in - Google Accounts - Google Chrome",true,false
6,4068,"Sign in - Google Accounts - Google Chrome",true,false
6,4177,"Sign in - Google Accounts - Google Chrome",true,false
6,4283,"Sign in - Google Accounts - Google Chrome",true,false
6,4393,"Sign in - Google Accounts - Google Chrome",true,false
6,4507,"Sign in - Google Accounts - Google Chrome",true,false
6,4610,"Sign in - Google Accounts - Google Chrome",true,false
6,4721,"Sign in - Google Accounts - Google Chrome",true,false
6,4825,"Sign in - Google Accounts - Google Chrome",true,false
6,4929,"Sign in - Google Accounts - Google Chrome",true,false
6,5047,"Sign in - Google Accounts - Google Chrome",true,false
6,5155,"Sign in - Google Accounts - Google Chrome",true,false
6,5260,"Sign in - Google Accounts - Google Chrome",true,false
6,5374,"Sign in - Google Accounts - Google Chrome",true,false
6,5480,"Sign in - Google Accounts - Google Chrome",true,false
6,5585,"Sign in - Google Accounts - Google Chrome",true,false
6,5691,"Sign in - Google Accounts - Google Chrome",true,false
6,5797,"Sign in - Google Accounts - Google Chrome",true,false
6,5910,"Sign in - Google Accounts - Google Chrome",true,false
6,6022,"Sign in - Google Accounts - Google Chrome",true,false
6,6130,"Sign in - Google Accounts - Google Chrome",true,false
6,6243,"Hi RAJA MUHAMMAD AZRIEN BIN RAJA AZAMAN SHAH - Google Chrome",true,false
6,6350,"Hi RAJA MUHAMMAD AZRIEN BIN RAJA AZAMAN SHAH - Google Chrome",true,false
6,6452,"Hi RAJA MUHAMMAD AZRIEN BIN RAJA AZAMAN SHAH - Google Chrome",true,false
6,6557,"Hi RAJA MUHAMMAD AZRIEN BIN RAJA AZAMAN SHAH - Google Chrome",true,true
6,6660,"Hi RAJA MUHAMMAD AZRIEN BIN RAJA AZAMAN SHAH - Google Chrome",true,true
6,6776,"Hi RAJA MUHAMMAD AZRIEN BIN RAJA AZAMAN SHAH - Google Chrome",true,true
6,6883,"Hi RAJA MUHAMMAD AZRIEN BIN RAJA AZAMAN SHAH - Google Chrome",true,true
6,6991,"Hi RAJA MUHAMMAD AZRIEN BIN RAJA AZAMAN SHAH - Google Chrome",true,true
6,7099,"Hi RAJA MUHAMMAD AZRIEN BIN RAJA AZAMAN SHAH - Google Chrome",true,true
6,7207,"Hi RAJA MUHAMMAD AZRIEN BIN RAJA AZAMAN SHAH - Google Chrome",true,true
6,7315,"Hi RAJA MUHAMMAD AZRIEN BIN RAJA AZAMAN SHAH - Google Chrome",true,true
6,7423,"Hi RAJA MUHAMMAD AZRIEN BIN RAJA AZAMAN SHAH - Google Chrome",true,true
6,7527,"Hi RAJA MUHAMMAD AZRIEN BIN RAJA AZAMAN SHAH - Google Chrome",true,true
6,7633,"Hi RAJA MUHAMMAD AZRIEN BIN RAJA AZAMAN SHAH - Google Chrome",true,true
6,7735,"Hi RAJA MUHAMMAD AZRIEN BIN RAJA AZAMAN SHAH - Google Chrome",true,true
6,7842,"Hi RAJA MUHAMMAD AZRIEN BIN RAJA AZAMAN SHAH - Google Chrome",true,true
6,7949,"Hi RAJA MUHAMMAD AZRIEN BIN RAJA AZAMAN SHAH - Google Chrome",true,true
6,8065,"Hi RAJA MUHAMMAD AZRIEN BIN RAJA AZAMAN SHAH - Google Chrome",true,true
6,8172,"Hi RAJA MUHAMMAD AZRIEN BIN RAJA AZAMAN SHAH - Google Chrome",true,true
6,8285,"Hi RAJA MUHAMMAD AZRIEN BIN RAJA AZAMAN SHAH - Google Chrome",true,true
6,8395,"Hi RAJA MUHAMMAD AZRIEN BIN RAJA AZAMAN SHAH - Google Chrome",true,true
6,8509,"Hi RAJA MUHAMMAD AZRIEN BIN RAJA AZAMAN SHAH - Google Chrome",true,true
6,8620,"Hi RAJA MUHAMMAD AZRIEN BIN RAJA AZAMAN SHAH - Google Chrome",true,true
6,8730,"Hi RAJA MUHAMMAD AZRIEN BIN RAJA AZAMAN SHAH - Google Chrome",true,true
6,8835,"Hi RAJA MUHAMMAD AZRIEN BIN RAJA AZAMAN SHAH - Google Chrome",true,true
6,8944,"Hi RAJA MUHAMMAD AZRIEN BIN RAJA AZAMAN SHAH - Google Chrome",true,true
6,9050,"Hi RAJA MUHAMMAD AZRIEN BIN RAJA AZAMAN SHAH - Google Chrome",true,true
6,9160,"Hi RAJA MUHAMMAD AZRIEN BIN RAJA AZAMAN SHAH - Google Chrome",true,true
6,9275,"Hi RAJA MUHAMMAD AZRIEN BIN RAJA AZAMAN SHAH - Google Chrome",true,true
6,9382,"Hi RAJA MUHAMMAD AZRIEN BIN RAJA AZAMAN SHAH - Google Chrome",true,true
6,9488,"Hi RAJA MUHAMMAD AZRIEN BIN RAJA AZAMAN SHAH - Google Chrome",true,true
6,9597,"Hi RAJA MUHAMMAD AZRIEN BIN RAJA AZAMAN SHAH - Google Chrome",true,true
6,9701,"Hi RAJA MUHAMMAD AZRIEN BIN RAJA AZAMAN SHAH - Google Chrome",true,true
6,9806,"Hi RAJA MUHAMMAD AZRIEN BIN RAJA AZAMAN SHAH - Google Chrome",true,true
6,9914,"Hi RAJA MUHAMMAD AZRIEN BIN RAJA AZAMAN SHAH - Google Chrome",true,true
6,10029,"Hi RAJA MUHAMMAD AZRIEN BIN RAJA AZAMAN SHAH - Google Chrome",true,true
6,10139,"Hi RAJA MUHAMMAD AZRIEN BIN RAJA AZAMAN SHAH - Google Chrome",true,true
6,10248,"Hi RAJA MUHAMMAD AZRIEN BIN RAJA AZAMAN SHAH - Google Chrome",true,true
6,10355,"Hi RAJA MUHAMMAD AZRIEN BIN RAJA AZAMAN SHAH - Google Chrome",true,true
6,10466,"Hi RAJA MUHAMMAD AZRIEN BIN RAJA AZAMAN SHAH - Google Chrome",true,true
6,10569,"Hi RAJA MUHAMMAD AZRIEN BIN RAJA AZAMAN SHAH - Google Chrome",true,true
6,10685,"Hi RAJA MUHAMMAD AZRIEN BIN RAJA AZAMAN SHAH - Google Chrome",true,true
6,10794,"Hi RAJA MUHAMMAD AZRIEN BIN RAJA AZAMAN SHAH - Google Chrome",true,true
6,10898,"Hi RAJA MUHAMMAD AZRIEN BIN RAJA AZAMAN SHAH - Google Chrome",true,true
6,11015,"Hi RAJA MUHAMMAD AZRIEN BIN RAJA AZAMAN SHAH - Google Chrome",true,true
6,11119,"Hi RAJA MUHAMMAD AZRIEN BIN RAJA AZAMAN SHAH - Google Chrome",true,true
6,11231,"Hi RAJA MUHAMMAD AZRIEN BIN RAJA AZAMAN SHAH - Google Chrome",true,true
6,11339,"Hi RAJA MUHAMMAD AZRIEN BIN RAJA AZAMAN SHAH - Google Chrome",true,true
6,11446,"Hi RAJA MUHAMMAD AZRIEN BIN RAJA AZAMAN SHAH - Google Chrome",true,true
6,11549,"Hi RAJA MUHAMMAD AZRIEN BIN RAJA AZAMAN SHAH - Google Chrome",true,true
6,11654,"Hi RAJA MUHAMMAD AZRIEN BIN RAJA AZAMAN SHAH - Google Chrome",true,true
6,11765,"Hi RAJA MUHAMMAD AZRIEN BIN RAJA AZAMAN SHAH - Google Chrome",true,true
6,11869,"Hi RAJA MUHAMMAD AZRIEN BIN RAJA AZAMAN SHAH - Google Chrome",true,true
6,11972,"Hi RAJA MUHAMMAD AZRIEN BIN RAJA AZAMAN SHAH - Google Chrome",true,true
6,12074,"Hi RAJA MUHAMMAD AZRIEN BIN RAJA AZAMAN SHAH - Google Chrome",true,true
6,12190,"Hi RAJA MUHAMMAD AZRIEN BIN RAJA AZAMAN SHAH - Google Chrome",true,true
6,12301,"Hi RAJA MUHAMMAD AZRIEN BIN RAJA AZAMAN SHAH - Google Chrome",true,true
6,12405,"Hi RAJA MUHAMMAD AZRIEN BIN RAJA AZAMAN SHAH - Google Chrome",true,true
6,12514,"Hi RAJA MUHAMMAD AZRIEN BIN RAJA AZAMAN SHAH - Google Chrome",true,true
6,12617,"Hi RAJA MUHAMMAD AZRIEN BIN RAJA AZAMAN SHAH - Google Chrome",true,true
6,12721,"Hi RAJA MUHAMMAD AZRIEN BIN RAJA AZAMAN SHAH - Google Chrome",true,true
6,12837,"Hi RAJA MUHAMMAD AZRIEN BIN RAJA AZAMAN SHAH - Google Chrome",true,true
6,12950,"Hi RAJA MUHAMMAD AZRIEN BIN RAJA AZAMAN SHAH - Google Chrome",true,true
6,13062,"Hi RAJA MUHAMMAD AZRIEN BIN RAJA AZAMAN SHAH - Google Chrome",true,true
6,13169,"Hi RAJA MUHAMMAD AZRIEN BIN RAJA AZAMAN SHAH - Google Chrome",true,true
6,13272,"Hi RAJA MUHAMMAD AZRIEN BIN RAJA AZAMAN SHAH - Google Chrome",true,true
6,13385,"Hi RAJA MUHAMMAD AZRIEN BIN RAJA AZAMAN SHAH - Google Chrome",true,true
6,13500,"Hi RAJA MUHAMMAD AZRIEN BIN RAJA AZAMAN SHAH - Google Chrome",true,true
6,13607,"Hi RAJA MUHAMMAD AZRIEN BIN RAJA AZAMAN SHAH - Google Chrome",true,true
6,13718,"Delima-AutoLogin - Antigravity IDE - README.md",true,false
7,0,"Delima-AutoLogin - Antigravity IDE - README.md",true,false
7,113,"Delima-AutoLogin - Antigravity IDE - README.md",true,false
7,231,"Untitled - Google Chrome",true,false
7,351,"Untitled - Google Chrome",true,false
7,468,"Untitled - Google Chrome",true,false
7,573,"DELIMa 3.0 Digital Educational Learning Initiative Malaysia - Google Chrome",true,false
7,687,"DELIMa 3.0 Digital Educational Learning Initiative Malaysia - Google Chrome",true,false
7,804,"DELIMa 3.0 Digital Educational Learning Initiative Malaysia - Google Chrome",true,false
7,914,"DELIMa 3.0 Digital Educational Learning Initiative Malaysia - Google Chrome",true,false
7,1022,"DELIMa 3.0 Digital Educational Learning Initiative Malaysia - Google Chrome",true,false
7,1136,"DELIMa 3.0 Digital Educational Learning Initiative Malaysia - Google Chrome",true,false
7,1238,"DELIMa 3.0 Digital Educational Learning Initiative Malaysia - Google Chrome",true,false
7,1346,"DELIMa 3.0 Digital Educational Learning Initiative Malaysia - Google Chrome",true,false
7,1461,"DELIMa 3.0 Digital Educational Learning Initiative Malaysia - Google Chrome",true,false
7,1566,"DELIMa 3.0 Digital Educational Learning Initiative Malaysia - Google Chrome",true,false
7,1670,"DELIMa 3.0 Digital Educational Learning Initiative Malaysia - Google Chrome",true,false
7,1776,"DELIMa 3.0 Digital Educational Learning Initiative Malaysia - Google Chrome",true,false
7,1887,"DELIMa 3.0 Digital Educational Learning Initiative Malaysia - Google Chrome",true,false
7,1994,"DELIMa 3.0 Digital Educational Learning Initiative Malaysia - Google Chrome",true,false
7,2105,"DELIMa 3.0 Digital Educational Learning Initiative Malaysia - Google Chrome",true,false
7,2210,"DELIMa 3.0 Digital Educational Learning Initiative Malaysia - Google Chrome",true,false
7,2316,"DELIMa 3.0 Digital Educational Learning Initiative Malaysia - Google Chrome",true,false
7,2433,"DELIMa 3.0 Digital Educational Learning Initiative Malaysia - Google Chrome",true,false
7,2547,"DELIMa 3.0 Digital Educational Learning Initiative Malaysia - Google Chrome",true,false
7,2663,"DELIMa 3.0 Digital Educational Learning Initiative Malaysia - Google Chrome",true,false
7,2776,"DELIMa 3.0 Digital Educational Learning Initiative Malaysia - Google Chrome",true,false
7,2890,"DELIMa 3.0 Digital Educational Learning Initiative Malaysia - Google Chrome",true,false
7,3006,"DELIMa 3.0 Digital Educational Learning Initiative Malaysia - Google Chrome",true,false
7,3110,"DELIMa 3.0 Digital Educational Learning Initiative Malaysia - Google Chrome",true,false
7,3221,"DELIMa 3.0 Digital Educational Learning Initiative Malaysia - Google Chrome",true,false
7,3326,"DELIMa 3.0 Digital Educational Learning Initiative Malaysia - Google Chrome",true,false
7,3440,"DELIMa 3.0 Digital Educational Learning Initiative Malaysia - Google Chrome",true,false
7,3544,"DELIMa 3.0 Digital Educational Learning Initiative Malaysia - Google Chrome",true,false
7,3656,"DELIMa 3.0 Digital Educational Learning Initiative Malaysia - Google Chrome",true,false
7,3766,"DELIMa 3.0 Digital Educational Learning Initiative Malaysia - Google Chrome",true,false
7,3874,"DELIMa 3.0 Digital Educational Learning Initiative Malaysia - Google Chrome",true,false
7,3981,"DELIMa 3.0 Digital Educational Learning Initiative Malaysia - Google Chrome",true,false
7,4085,"DELIMa 3.0 Digital Educational Learning Initiative Malaysia - Google Chrome",true,false
7,4198,"DELIMa 3.0 Digital Educational Learning Initiative Malaysia - Google Chrome",true,false
7,4305,"DELIMa 3.0 Digital Educational Learning Initiative Malaysia - Google Chrome",true,false
7,4412,"DELIMa 3.0 Digital Educational Learning Initiative Malaysia - Google Chrome",true,false
7,4514,"DELIMa 3.0 Digital Educational Learning Initiative Malaysia - Google Chrome",true,false
7,4617,"DELIMa 3.0 Digital Educational Learning Initiative Malaysia - Google Chrome",true,false
7,4722,"Translate this page?",true,false
7,4836,"Translate this page?",true,false
7,4940,"Translate this page?",true,false
7,5042,"DELIMa 3.0 Digital Educational Learning Initiative Malaysia - Google Chrome",true,false
7,5156,"DELIMa 3.0 Digital Educational Learning Initiative Malaysia - Google Chrome",true,false
7,5260,"DELIMa 3.0 Digital Educational Learning Initiative Malaysia - Google Chrome",true,false
7,5373,"DELIMa 3.0 Digital Educational Learning Initiative Malaysia - Google Chrome",true,false
7,5485,"DELIMa 3.0 Digital Educational Learning Initiative Malaysia - Google Chrome",true,false
7,5591,"DELIMa 3.0 Digital Educational Learning Initiative Malaysia - Google Chrome",true,false
7,5701,"DELIMa 3.0 Digital Educational Learning Initiative Malaysia - Google Chrome",true,false
7,5815,"DELIMa 3.0 Digital Educational Learning Initiative Malaysia - Google Chrome",true,false
7,5921,"DELIMa 3.0 Digital Educational Learning Initiative Malaysia - Google Chrome",true,false
7,6024,"DELIMa 3.0 Digital Educational Learning Initiative Malaysia - Google Chrome",true,false
7,6127,"DELIMa 3.0 Digital Educational Learning Initiative Malaysia - Google Chrome",true,false
7,6232,"DELIMa 3.0 Digital Educational Learning Initiative Malaysia - Google Chrome",true,false
7,6344,"DELIMa 3.0 Digital Educational Learning Initiative Malaysia - Google Chrome",true,false
7,6447,"DELIMa 3.0 Digital Educational Learning Initiative Malaysia - Google Chrome",true,false
7,6558,"DELIMa 3.0 Digital Educational Learning Initiative Malaysia - Google Chrome",true,false
7,6662,"DELIMa 3.0 Digital Educational Learning Initiative Malaysia - Google Chrome",true,false
7,6766,"DELIMa 3.0 Digital Educational Learning Initiative Malaysia - Google Chrome",true,false
7,6869,"DELIMa 3.0 Digital Educational Learning Initiative Malaysia - Google Chrome",true,false
7,6981,"DELIMa 3.0 Digital Educational Learning Initiative Malaysia - Google Chrome",true,false
7,7096,"DELIMa 3.0 Digital Educational Learning Initiative Malaysia - Google Chrome",true,false
7,7199,"DELIMa 3.0 Digital Educational Learning Initiative Malaysia - Google Chrome",true,false
7,7310,"DELIMa 3.0 Digital Educational Learning Initiative Malaysia - Google Chrome",true,false
7,7425,"DELIMa 3.0 Digital Educational Learning Initiative Malaysia - Google Chrome",true,false
7,7528,"DELIMa 3.0 Digital Educational Learning Initiative Malaysia - Google Chrome",true,false
7,7644,"DELIMa 3.0 Digital Educational Learning Initiative Malaysia - Google Chrome",true,false
7,7749,"DELIMa 3.0 Digital Educational Learning Initiative Malaysia - Google Chrome",true,false
7,7856,"DELIMa 3.0 Digital Educational Learning Initiative Malaysia - Google Chrome",true,false
7,7965,"DELIMa 3.0 Digital Educational Learning Initiative Malaysia - Google Chrome",true,false
7,8069,"DELIMa 3.0 Digital Educational Learning Initiative Malaysia - Google Chrome",true,false
7,8177,"DELIMa 3.0 Digital Educational Learning Initiative Malaysia - Google Chrome",true,false
7,8288,"DELIMa 3.0 Digital Educational Learning Initiative Malaysia - Google Chrome",true,false
7,8390,"DELIMa 3.0 Digital Educational Learning Initiative Malaysia - Google Chrome",true,false
7,8503,"DELIMa 3.0 Digital Educational Learning Initiative Malaysia - Google Chrome",true,false
7,8606,"DELIMa 3.0 Digital Educational Learning Initiative Malaysia - Google Chrome",true,false
7,8719,"DELIMa 3.0 Digital Educational Learning Initiative Malaysia - Google Chrome",true,false
7,8827,"DELIMa 3.0 Digital Educational Learning Initiative Malaysia - Google Chrome",true,false
7,8935,"DELIMa 3.0 Digital Educational Learning Initiative Malaysia - Google Chrome",true,false
7,9048,"DELIMa 3.0 Digital Educational Learning Initiative Malaysia - Google Chrome",true,false
7,9152,"DELIMa 3.0 Digital Educational Learning Initiative Malaysia - Google Chrome",true,false
7,9260,"DELIMa 3.0 Digital Educational Learning Initiative Malaysia - Google Chrome",true,false
7,9377,"DELIMa 3.0 Digital Educational Learning Initiative Malaysia - Google Chrome",true,false
7,9481,"DELIMa 3.0 Digital Educational Learning Initiative Malaysia - Google Chrome",true,false
7,9586,"DELIMa 3.0 Digital Educational Learning Initiative Malaysia - Google Chrome",true,false
7,9701,"DELIMa 3.0 Digital Educational Learning Initiative Malaysia - Google Chrome",true,false
7,9815,"DELIMa 3.0 Digital Educational Learning Initiative Malaysia - Google Chrome",true,false
7,9927,"DELIMa 3.0 Digital Educational Learning Initiative Malaysia - Google Chrome",true,false
7,10031,"DELIMa 3.0 Digital Educational Learning Initiative Malaysia - Google Chrome",true,false
7,10146,"DELIMa 3.0 Digital Educational Learning Initiative Malaysia - Google Chrome",true,false
7,10256,"DELIMa 3.0 Digital Educational Learning Initiative Malaysia - Google Chrome",true,false
7,10365,"DELIMa 3.0 Digital Educational Learning Initiative Malaysia - Google Chrome",true,false
7,10470,"DELIMa 3.0 Digital Educational Learning Initiative Malaysia - Google Chrome",true,false
7,10575,"DELIMa 3.0 Digital Educational Learning Initiative Malaysia - Google Chrome",true,false
7,10690,"DELIMa 3.0 Digital Educational Learning Initiative Malaysia - Google Chrome",true,false
7,10793,"DELIMa 3.0 Digital Educational Learning Initiative Malaysia - Google Chrome",true,false
7,10911,"DELIMa 3.0 Digital Educational Learning Initiative Malaysia - Google Chrome",true,false
7,11018,"DELIMa 3.0 Digital Educational Learning Initiative Malaysia - Google Chrome",true,false
7,11126,"DELIMa 3.0 Digital Educational Learning Initiative Malaysia - Google Chrome",true,false
7,11234,"DELIMa 3.0 Digital Educational Learning Initiative Malaysia - Google Chrome",true,false
7,11341,"DELIMa 3.0 Digital Educational Learning Initiative Malaysia - Google Chrome",true,false
7,11445,"DELIMa 3.0 Digital Educational Learning Initiative Malaysia - Google Chrome",true,false
7,11563,"DELIMa 3.0 Digital Educational Learning Initiative Malaysia - Google Chrome",true,false
7,11665,"DELIMa 3.0 Digital Educational Learning Initiative Malaysia - Google Chrome",true,false
7,11781,"DELIMa 3.0 Digital Educational Learning Initiative Malaysia - Google Chrome",true,false
7,11890,"DELIMa 3.0 Digital Educational Learning Initiative Malaysia - Google Chrome",true,false
7,11995,"DELIMa 3.0 Digital Educational Learning Initiative Malaysia - Google Chrome",true,false
7,12111,"DELIMa 3.0 Digital Educational Learning Initiative Malaysia - Google Chrome",true,false
7,12218,"DELIMa 3.0 Digital Educational Learning Initiative Malaysia - Google Chrome",true,false
7,12327,"DELIMa 3.0 Digital Educational Learning Initiative Malaysia - Google Chrome",true,false
7,12436,"DELIMa 3.0 Digital Educational Learning Initiative Malaysia - Google Chrome",true,false
7,12542,"DELIMa 3.0 Digital Educational Learning Initiative Malaysia - Google Chrome",true,false
7,12646,"DELIMa 3.0 Digital Educational Learning Initiative Malaysia - Google Chrome",true,false
7,12751,"DELIMa 3.0 Digital Educational Learning Initiative Malaysia - Google Chrome",true,false
7,12864,"DELIMa 3.0 Digital Educational Learning Initiative Malaysia - Google Chrome",true,false
7,12976,"DELIMa 3.0 Digital Educational Learning Initiative Malaysia - Google Chrome",true,false
7,13085,"DELIMa 3.0 Digital Educational Learning Initiative Malaysia - Google Chrome",true,false
7,13194,"DELIMa 3.0 Digital Educational Learning Initiative Malaysia - Google Chrome",true,false
7,13306,"DELIMa 3.0 Digital Educational Learning Initiative Malaysia - Google Chrome",true,false
7,13414,"DELIMa 3.0 Digital Educational Learning Initiative Malaysia - Google Chrome",true,false
7,13527,"DELIMa 3.0 Digital Educational Learning Initiative Malaysia - Google Chrome",true,false
7,13636,"DELIMa 3.0 Digital Educational Learning Initiative Malaysia - Google Chrome",true,false
7,13738,"DELIMa 3.0 Digital Educational Learning Initiative Malaysia - Google Chrome",true,false
7,13846,"DELIMa 3.0 Digital Educational Learning Initiative Malaysia - Google Chrome",true,false
7,13956,"DELIMa 3.0 Digital Educational Learning Initiative Malaysia - Google Chrome",true,false
7,14072,"DELIMa 3.0 Digital Educational Learning Initiative Malaysia - Google Chrome",true,false
7,14181,"DELIMa 3.0 Digital Educational Learning Initiative Malaysia - Google Chrome",true,false
7,14285,"DELIMa 3.0 Digital Educational Learning Initiative Malaysia - Google Chrome",true,false
7,14390,"DELIMa 3.0 Digital Educational Learning Initiative Malaysia - Google Chrome",true,false
7,14502,"DELIMa 3.0 Digital Educational Learning Initiative Malaysia - Google Chrome",true,false
7,14611,"DELIMa 3.0 Digital Educational Learning Initiative Malaysia - Google Chrome",true,false
7,14718,"DELIMa 3.0 Digital Educational Learning Initiative Malaysia - Google Chrome",true,false
7,14831,"DELIMa 3.0 Digital Educational Learning Initiative Malaysia - Google Chrome",true,false
7,14944,"DELIMa 3.0 Digital Educational Learning Initiative Malaysia - Google Chrome",true,false
7,15052,"DELIMa 3.0 Digital Educational Learning Initiative Malaysia - Google Chrome",true,false
7,15164,"DELIMa 3.0 Digital Educational Learning Initiative Malaysia - Google Chrome",true,false
7,15273,"DELIMa 3.0 Digital Educational Learning Initiative Malaysia - Google Chrome",true,false
7,15381,"DELIMa 3.0 Digital Educational Learning Initiative Malaysia - Google Chrome",true,false
7,15485,"DELIMa 3.0 Digital Educational Learning Initiative Malaysia - Google Chrome",true,false
7,15597,"DELIMa 3.0 Digital Educational Learning Initiative Malaysia - Google Chrome",true,false
7,15702,"DELIMa 3.0 Digital Educational Learning Initiative Malaysia - Google Chrome",true,false
7,15811,"DELIMa 3.0 Digital Educational Learning Initiative Malaysia - Google Chrome",true,false
7,15923,"DELIMa 3.0 Digital Educational Learning Initiative Malaysia - Google Chrome",true,false
7,16028,"DELIMa 3.0 Digital Educational Learning Initiative Malaysia - Google Chrome",true,false
7,16131,"DELIMa 3.0 Digital Educational Learning Initiative Malaysia - Google Chrome",true,false
7,16246,"DELIMa 3.0 Digital Educational Learning Initiative Malaysia - Google Chrome",true,false
7,16351,"DELIMa 3.0 Digital Educational Learning Initiative Malaysia - Google Chrome",true,false
7,16454,"DELIMa 3.0 Digital Educational Learning Initiative Malaysia - Google Chrome",true,false
7,16565,"DELIMa 3.0 Digital Educational Learning Initiative Malaysia - Google Chrome",true,false
7,16676,"DELIMa 3.0 Digital Educational Learning Initiative Malaysia - Google Chrome",true,false
7,16781,"DELIMa 3.0 Digital Educational Learning Initiative Malaysia - Google Chrome",true,false
7,16885,"DELIMa 3.0 Digital Educational Learning Initiative Malaysia - Google Chrome",true,false
7,16995,"DELIMa 3.0 Digital Educational Learning Initiative Malaysia - Google Chrome",true,false
7,17100,"DELIMa 3.0 Digital Educational Learning Initiative Malaysia - Google Chrome",true,false
7,17207,"DELIMa 3.0 Digital Educational Learning Initiative Malaysia - Google Chrome",true,false
7,17311,"DELIMa 3.0 Digital Educational Learning Initiative Malaysia - Google Chrome",true,false
7,17416,"DELIMa 3.0 Digital Educational Learning Initiative Malaysia - Google Chrome",true,false
7,17531,"DELIMa 3.0 Digital Educational Learning Initiative Malaysia - Google Chrome",true,false
7,17633,"DELIMa 3.0 Digital Educational Learning Initiative Malaysia - Google Chrome",true,false
7,17748,"DELIMa 3.0 Digital Educational Learning Initiative Malaysia - Google Chrome",true,false
7,17851,"DELIMa 3.0 Digital Educational Learning Initiative Malaysia - Google Chrome",true,false
7,17961,"DELIMa 3.0 Digital Educational Learning Initiative Malaysia - Google Chrome",true,false
7,18073,"DELIMa 3.0 Digital Educational Learning Initiative Malaysia - Google Chrome",true,false
7,18185,"DELIMa 3.0 Digital Educational Learning Initiative Malaysia - Google Chrome",true,false
7,18288,"DELIMa 3.0 Digital Educational Learning Initiative Malaysia - Google Chrome",true,false
7,18404,"DELIMa 3.0 Digital Educational Learning Initiative Malaysia - Google Chrome",true,false
7,18511,"DELIMa 3.0 Digital Educational Learning Initiative Malaysia - Google Chrome",true,false
7,18614,"DELIMa 3.0 Digital Educational Learning Initiative Malaysia - Google Chrome",true,false
7,18721,"DELIMa 3.0 Digital Educational Learning Initiative Malaysia - Google Chrome",true,false
7,18827,"DELIMa 3.0 Digital Educational Learning Initiative Malaysia - Google Chrome",true,false
7,18934,"DELIMa 3.0 Digital Educational Learning Initiative Malaysia - Google Chrome",true,false
7,19039,"DELIMa 3.0 Digital Educational Learning Initiative Malaysia - Google Chrome",true,false
7,19152,"DELIMa 3.0 Digital Educational Learning Initiative Malaysia - Google Chrome",true,false
7,19258,"DELIMa 3.0 Digital Educational Learning Initiative Malaysia - Google Chrome",true,false
7,19372,"DELIMa 3.0 Digital Educational Learning Initiative Malaysia - Google Chrome",true,false
7,19474,"DELIMa 3.0 Digital Educational Learning Initiative Malaysia - Google Chrome",true,false
7,19582,"DELIMa 3.0 Digital Educational Learning Initiative Malaysia - Google Chrome",true,false
7,19694,"DELIMa 3.0 Digital Educational Learning Initiative Malaysia - Google Chrome",true,false
7,19802,"DELIMa 3.0 Digital Educational Learning Initiative Malaysia - Google Chrome",true,false
7,19914,"DELIMa 3.0 Digital Educational Learning Initiative Malaysia - Google Chrome",true,false
7,20023,"DELIMa 3.0 Digital Educational Learning Initiative Malaysia - Google Chrome",true,false
7,20126,"DELIMa 3.0 Digital Educational Learning Initiative Malaysia - Google Chrome",true,false
7,20231,"DELIMa 3.0 Digital Educational Learning Initiative Malaysia - Google Chrome",true,false
7,20334,"DELIMa 3.0 Digital Educational Learning Initiative Malaysia - Google Chrome",true,false
7,20445,"DELIMa 3.0 Digital Educational Learning Initiative Malaysia - Google Chrome",true,false
7,20554,"DELIMa 3.0 Digital Educational Learning Initiative Malaysia - Google Chrome",true,false
7,20657,"DELIMa 3.0 Digital Educational Learning Initiative Malaysia - Google Chrome",true,false
7,20760,"DELIMa 3.0 Digital Educational Learning Initiative Malaysia - Google Chrome",true,false
7,20873,"DELIMa 3.0 Digital Educational Learning Initiative Malaysia - Google Chrome",true,false
7,20987,"DELIMa 3.0 Digital Educational Learning Initiative Malaysia - Google Chrome",true,false
7,21102,"DELIMa 3.0 Digital Educational Learning Initiative Malaysia - Google Chrome",true,false
7,21210,"DELIMa 3.0 Digital Educational Learning Initiative Malaysia - Google Chrome",true,false
7,21314,"DELIMa 3.0 Digital Educational Learning Initiative Malaysia - Google Chrome",true,false
7,21421,"Delima-AutoLogin - Antigravity IDE - README.md",true,false
8,0,"Delima-AutoLogin - Antigravity IDE - README.md",true,false
8,105,"Delima-AutoLogin - Antigravity IDE - README.md",true,false
8,207,"Untitled - Google Chrome",true,false
8,363,"Untitled - Google Chrome",true,false
8,480,"Untitled - Google Chrome",true,false
8,588,"DELIMa 3.0 Digital Educational Learning Initiative Malaysia - Google Chrome",true,false
8,700,"DELIMa 3.0 Digital Educational Learning Initiative Malaysia - Google Chrome",true,false
8,804,"DELIMa 3.0 Digital Educational Learning Initiative Malaysia - Google Chrome",true,false
8,906,"DELIMa 3.0 Digital Educational Learning Initiative Malaysia - Google Chrome",true,false
8,1017,"DELIMa 3.0 Digital Educational Learning Initiative Malaysia - Google Chrome",true,false
8,1121,"DELIMa 3.0 Digital Educational Learning Initiative Malaysia - Google Chrome",true,false
8,1230,"DELIMa 3.0 Digital Educational Learning Initiative Malaysia - Google Chrome",true,false
8,1343,"DELIMa 3.0 Digital Educational Learning Initiative Malaysia - Google Chrome",true,false
8,1455,"DELIMa 3.0 Digital Educational Learning Initiative Malaysia - Google Chrome",true,false
8,1565,"DELIMa 3.0 Digital Educational Learning Initiative Malaysia - Google Chrome",true,false
8,1676,"DELIMa 3.0 Digital Educational Learning Initiative Malaysia - Google Chrome",true,false
8,1789,"DELIMa 3.0 Digital Educational Learning Initiative Malaysia - Google Chrome",true,false
8,1895,"DELIMa 3.0 Digital Educational Learning Initiative Malaysia - Google Chrome",true,false
8,2007,"DELIMa 3.0 Digital Educational Learning Initiative Malaysia - Google Chrome",true,false
8,2110,"Translate this page?",true,false
8,2224,"Translate this page?",true,false
8,2336,"Translate this page?",true,false
8,2453,"DELIMa 3.0 Digital Educational Learning Initiative Malaysia - Google Chrome",true,false
8,2568,"DELIMa 3.0 Digital Educational Learning Initiative Malaysia - Google Chrome",true,false
8,2670,"DELIMa 3.0 Digital Educational Learning Initiative Malaysia - Google Chrome",true,false
8,2783,"DELIMa 3.0 Digital Educational Learning Initiative Malaysia - Google Chrome",true,false
8,2896,"DELIMa 3.0 Digital Educational Learning Initiative Malaysia - Google Chrome",true,false
8,3006,"DELIMa 3.0 Digital Educational Learning Initiative Malaysia - Google Chrome",true,false
8,3121,"DELIMa 3.0 Digital Educational Learning Initiative Malaysia - Google Chrome",true,false
8,3224,"DELIMa 3.0 Digital Educational Learning Initiative Malaysia - Google Chrome",true,false
8,3337,"DELIMa 3.0 Digital Educational Learning Initiative Malaysia - Google Chrome",true,false
8,3450,"DELIMa 3.0 Digital Educational Learning Initiative Malaysia - Google Chrome",true,false
8,3557,"DELIMa 3.0 Digital Educational Learning Initiative Malaysia - Google Chrome",true,false
8,3670,"DELIMa 3.0 Digital Educational Learning Initiative Malaysia - Google Chrome",true,false
8,3776,"DELIMa 3.0 Digital Educational Learning Initiative Malaysia - Google Chrome",true,false
8,3882,"DELIMa 3.0 Digital Educational Learning Initiative Malaysia - Google Chrome",true,false
8,3995,"DELIMa 3.0 Digital Educational Learning Initiative Malaysia - Google Chrome",true,false
8,4099,"DELIMa 3.0 Digital Educational Learning Initiative Malaysia - Google Chrome",true,false
8,4206,"DELIMa 3.0 Digital Educational Learning Initiative Malaysia - Google Chrome",true,false
8,4317,"DELIMa 3.0 Digital Educational Learning Initiative Malaysia - Google Chrome",true,false
8,4426,"DELIMa 3.0 Digital Educational Learning Initiative Malaysia - Google Chrome",true,false
8,4530,"DELIMa 3.0 Digital Educational Learning Initiative Malaysia - Google Chrome",true,false
8,4632,"DELIMa 3.0 Digital Educational Learning Initiative Malaysia - Google Chrome",true,false
8,4746,"DELIMa 3.0 Digital Educational Learning Initiative Malaysia - Google Chrome",true,false
8,4850,"DELIMa 3.0 Digital Educational Learning Initiative Malaysia - Google Chrome",true,false
8,4954,"DELIMa 3.0 Digital Educational Learning Initiative Malaysia - Google Chrome",true,false
8,5062,"DELIMa 3.0 Digital Educational Learning Initiative Malaysia - Google Chrome",true,false
8,5165,"DELIMa 3.0 Digital Educational Learning Initiative Malaysia - Google Chrome",true,false
8,5269,"DELIMa 3.0 Digital Educational Learning Initiative Malaysia - Google Chrome",true,false
8,5375,"DELIMa 3.0 Digital Educational Learning Initiative Malaysia - Google Chrome",true,false
8,5491,"DELIMa 3.0 Digital Educational Learning Initiative Malaysia - Google Chrome",true,false
8,5610,"DELIMa 3.0 Digital Educational Learning Initiative Malaysia - Google Chrome",true,false
8,5721,"DELIMa 3.0 Digital Educational Learning Initiative Malaysia - Google Chrome",true,false
8,5831,"DELIMa 3.0 Digital Educational Learning Initiative Malaysia - Google Chrome",true,false
8,5937,"DELIMa 3.0 Digital Educational Learning Initiative Malaysia - Google Chrome",true,false
8,6040,"DELIMa 3.0 Digital Educational Learning Initiative Malaysia - Google Chrome",true,false
8,6147,"DELIMa 3.0 Digital Educational Learning Initiative Malaysia - Google Chrome",true,false
8,6250,"DELIMa 3.0 Digital Educational Learning Initiative Malaysia - Google Chrome",true,false
8,6354,"DELIMa 3.0 Digital Educational Learning Initiative Malaysia - Google Chrome",true,false
8,6467,"DELIMa 3.0 Digital Educational Learning Initiative Malaysia - Google Chrome",true,false
8,6575,"DELIMa 3.0 Digital Educational Learning Initiative Malaysia - Google Chrome",true,false
8,6683,"DELIMa 3.0 Digital Educational Learning Initiative Malaysia - Google Chrome",true,false
8,6797,"DELIMa 3.0 Digital Educational Learning Initiative Malaysia - Google Chrome",true,false
8,6904,"DELIMa 3.0 Digital Educational Learning Initiative Malaysia - Google Chrome",true,false
8,7018,"accounts.google.com/v3/signin/identifier?opparams=%253F&dsh=S-148736476%3A1787294026500892&client_id=950472034074-acj262jqk6trve8i4ndsudqeokvh5pef.apps.googleusercontent.com&o2v=2&redirect_uri=https%3A%2F%2Fd3.delima.edu.my%2Fauthentication%2Fcode&response_type=code&scope=openid+email+profile&service=lso&state=a50663ea6d75f27e4bcc21c2b9cfd6f5&flowName=GeneralOAuthFlow&continue=https%3A%2F%2Faccounts.google.com%2Fsignin%2Foauth%2Fv3%2Fconsent%3Fauthuser%3Dunknown%26part%3DAJi8hAPGqxkZPMJUlUEINbg4Jao2iYGO_3J0yVwHx35ja6z53pq4ylFm1nfGN1gi2xgi9CJzFclzkCdxjnbsi_brRreo8gkhRFcR3KMQtvjSyl7PHkJze_gM4iVX4UT5EYqgGcUASYh8Jv32cgbBDMrNp0DhHK6YmzrBxRCByoUQIBF5niT8_rKSCpqPls_zTumYf9gdgoeesYNvfDu0cz2sVlFH9yg9QZGjwEWYQwyPBlt9ZGl9zOnyQPNi3ne8dCBSl-BJZzBno8xyjIu1jKrXMhevdgoZfGT0IY47n7uIfTOsuXmr0atSmYrSQ7J3Ncn9RlsOQSCPj-YglAgwgVLnSGZfuDZh2aYnmm2bSNKAEaMHDOlC8DEUd1TXJdqWwW11SXKjZ5FRAHqlzWbbIyYcQHzYJfhMFqZwhNfoTkWCVt_wmWVbdoim5uVE2uCXmKcX7aUPV4Ft4e_NyrFg_ME7680x7IBPpA%26flowName%3DGeneralOAuthFlow%26as%3DS-148736476%253A17872940265",true,false
8,7132,"accounts.google.com/v3/signin/identifier?opparams=%253F&dsh=S-148736476%3A1787294026500892&client_id=950472034074-acj262jqk6trve8i4ndsudqeokvh5pef.apps.googleusercontent.com&o2v=2&redirect_uri=https%3A%2F%2Fd3.delima.edu.my%2Fauthentication%2Fcode&response_type=code&scope=openid+email+profile&service=lso&state=a50663ea6d75f27e4bcc21c2b9cfd6f5&flowName=GeneralOAuthFlow&continue=https%3A%2F%2Faccounts.google.com%2Fsignin%2Foauth%2Fv3%2Fconsent%3Fauthuser%3Dunknown%26part%3DAJi8hAPGqxkZPMJUlUEINbg4Jao2iYGO_3J0yVwHx35ja6z53pq4ylFm1nfGN1gi2xgi9CJzFclzkCdxjnbsi_brRreo8gkhRFcR3KMQtvjSyl7PHkJze_gM4iVX4UT5EYqgGcUASYh8Jv32cgbBDMrNp0DhHK6YmzrBxRCByoUQIBF5niT8_rKSCpqPls_zTumYf9gdgoeesYNvfDu0cz2sVlFH9yg9QZGjwEWYQwyPBlt9ZGl9zOnyQPNi3ne8dCBSl-BJZzBno8xyjIu1jKrXMhevdgoZfGT0IY47n7uIfTOsuXmr0atSmYrSQ7J3Ncn9RlsOQSCPj-YglAgwgVLnSGZfuDZh2aYnmm2bSNKAEaMHDOlC8DEUd1TXJdqWwW11SXKjZ5FRAHqlzWbbIyYcQHzYJfhMFqZwhNfoTkWCVt_wmWVbdoim5uVE2uCXmKcX7aUPV4Ft4e_NyrFg_ME7680x7IBPpA%26flowName%3DGeneralOAuthFlow%26as%3DS-148736476%253A17872940265",true,false
8,7239,"Sign in - Google Accounts - Google Chrome",true,false
8,7346,"Sign in - Google Accounts - Google Chrome",true,false
8,7605,"Sign in - Google Accounts - Google Chrome",true,false
8,7713,"Sign in - Google Accounts - Google Chrome",true,false
8,7826,"Sign in - Google Accounts - Google Chrome",true,false
8,7947,"Sign in - Google Accounts - Google Chrome",true,false
8,8050,"Sign in - Google Accounts - Google Chrome",true,false
8,8165,"Sign in - Google Accounts - Google Chrome",true,false
8,8268,"Sign in - Google Accounts - Google Chrome",true,false
8,8380,"Sign in - Google Accounts - Google Chrome",true,false
8,8492,"Sign in - Google Accounts - Google Chrome",true,false
8,8604,"Sign in - Google Accounts - Google Chrome",true,false
8,8705,"Sign in - Google Accounts - Google Chrome",true,false
8,8812,"Sign in - Google Accounts - Google Chrome",true,false
8,8926,"Sign in - Google Accounts - Google Chrome",true,false
8,9033,"Sign in - Google Accounts - Google Chrome",true,false
8,9136,"Sign in - Google Accounts - Google Chrome",true,false
8,9239,"Sign in - Google Accounts - Google Chrome",true,false
8,9346,"Sign in - Google Accounts - Google Chrome",true,false
8,9460,"Sign in - Google Accounts - Google Chrome",true,false
8,9565,"Sign in - Google Accounts - Google Chrome",true,false
8,9670,"Sign in - Google Accounts - Google Chrome",true,false
8,9775,"Sign in - Google Accounts - Google Chrome",true,false
8,9880,"Sign in - Google Accounts - Google Chrome",true,false
8,9992,"Sign in - Google Accounts - Google Chrome",true,false
8,10106,"Sign in - Google Accounts - Google Chrome",true,false
8,10216,"Sign in - Google Accounts - Google Chrome",true,false
8,10322,"Sign in - Google Accounts - Google Chrome",true,false
8,10437,"Sign in - Google Accounts - Google Chrome",true,false
8,10551,"Sign in - Google Accounts - Google Chrome",true,false
8,10654,"Sign in - Google Accounts - Google Chrome",true,false
8,10761,"Sign in - Google Accounts - Google Chrome",true,false
8,10865,"Sign in - Google Accounts - Google Chrome",true,false
8,10978,"Sign in - Google Accounts - Google Chrome",true,false
8,11091,"Sign in - Google Accounts - Google Chrome",true,false
8,11197,"Welcome - Google Chrome",true,false
8,11310,"Welcome - Google Chrome",true,false
8,11424,"Welcome - Google Chrome",true,true
8,11531,"Welcome - Google Chrome",true,true
8,11646,"Welcome - Google Chrome",true,true
8,11756,"Welcome - Google Chrome",true,true
8,11920,"Delima-AutoLogin - Antigravity IDE - README.md",true,false
9,0,"Delima-AutoLogin - Antigravity IDE - README.md",true,false
9,110,"Delima-AutoLogin - Antigravity IDE - README.md",true,false
9,216,"Untitled - Google Chrome",true,false
9,350,"Untitled - Google Chrome",true,false
9,465,"Untitled - Google Chrome",true,false
9,583,"DELIMa 3.0 Digital Educational Learning Initiative Malaysia - Google Chrome",true,false
9,694,"DELIMa 3.0 Digital Educational Learning Initiative Malaysia - Google Chrome",true,false
9,802,"DELIMa 3.0 Digital Educational Learning Initiative Malaysia - Google Chrome",true,false
9,916,"DELIMa 3.0 Digital Educational Learning Initiative Malaysia - Google Chrome",true,false
9,1032,"DELIMa 3.0 Digital Educational Learning Initiative Malaysia - Google Chrome",true,false
9,1137,"DELIMa 3.0 Digital Educational Learning Initiative Malaysia - Google Chrome",true,false
9,1244,"DELIMa 3.0 Digital Educational Learning Initiative Malaysia - Google Chrome",true,false
9,1351,"DELIMa 3.0 Digital Educational Learning Initiative Malaysia - Google Chrome",true,false
9,1453,"DELIMa 3.0 Digital Educational Learning Initiative Malaysia - Google Chrome",true,false
9,1564,"DELIMa 3.0 Digital Educational Learning Initiative Malaysia - Google Chrome",true,false
9,1669,"DELIMa 3.0 Digital Educational Learning Initiative Malaysia - Google Chrome",true,false
9,1773,"DELIMa 3.0 Digital Educational Learning Initiative Malaysia - Google Chrome",true,false
9,1878,"DELIMa 3.0 Digital Educational Learning Initiative Malaysia - Google Chrome",true,false
9,1982,"DELIMa 3.0 Digital Educational Learning Initiative Malaysia - Google Chrome",true,false
9,2088,"DELIMa 3.0 Digital Educational Learning Initiative Malaysia - Google Chrome",true,false
9,2191,"Translate this page?",true,false
9,2306,"Translate this page?",true,false
9,2411,"Translate this page?",true,false
9,2524,"Translate this page?",true,false
9,2631,"DELIMa 3.0 Digital Educational Learning Initiative Malaysia - Google Chrome",true,false
9,2748,"DELIMa 3.0 Digital Educational Learning Initiative Malaysia - Google Chrome",true,false
9,2861,"DELIMa 3.0 Digital Educational Learning Initiative Malaysia - Google Chrome",true,false
9,2969,"DELIMa 3.0 Digital Educational Learning Initiative Malaysia - Google Chrome",true,false
9,3072,"accounts.google.com/v3/signin/identifier?opparams=%253F&dsh=S1898774035%3A1787294035425362&client_id=950472034074-acj262jqk6trve8i4ndsudqeokvh5pef.apps.googleusercontent.com&o2v=2&redirect_uri=https%3A%2F%2Fd3.delima.edu.my%2Fauthentication%2Fcode&response_type=code&scope=openid+email+profile&service=lso&state=0f9be1250b8adc0d41e6d5d2bc2d43e0&flowName=GeneralOAuthFlow&continue=https%3A%2F%2Faccounts.google.com%2Fsignin%2Foauth%2Fconsent%3Fauthuser%3Dunknown%26part%3DAJi8hAPbUhBSksqqluSFkvuDc2Bkx-NWf580KnYfXApOvi4i2jyR3R_g6m_tLwQV7Ng_gNVKrQGfuxeWLt-kFMyxgKIOSaKrs3Ot89rWvNOJ3dyRiTQGLKO77Bh733VGnv9GHUMUnOPP731rc8-Wkzfw3xajwTZ93lUSpzxKsiRzFxEiFO-mbwGW12WLpWFt_NTulLXBRWGog_G1UQloZfI30cQZFNdrRVTBol5IgTkO0wrWvR3l0WEehgSR3PzQb2fTnQYS5cpr54oECZef2HmkKXq9PCb_WdWRSC2xNbZFKvDHQmWrGjKoupG3JbyCuXpuAUPWwVaMyEvlkY9X7REg0DSCYxt_FrhMWWkkk1DhV1whyS-IG7H05aNh1Y55gL6Q9Rnm64wlAWGTe7FpQpDuUd5vnCKOpQ2Us106pVqAsIItFbVLNCo1krsFpcvFOi_-7pRIP5ntm6jhW1bm0CDdjK1sUbLtjQ%26flowName%3DGeneralOAuthFlow%26as%3DS1898774035%253A1787294035425362",true,false
9,3179,"accounts.google.com/v3/signin/identifier?opparams=%253F&dsh=S1898774035%3A1787294035425362&client_id=950472034074-acj262jqk6trve8i4ndsudqeokvh5pef.apps.googleusercontent.com&o2v=2&redirect_uri=https%3A%2F%2Fd3.delima.edu.my%2Fauthentication%2Fcode&response_type=code&scope=openid+email+profile&service=lso&state=0f9be1250b8adc0d41e6d5d2bc2d43e0&flowName=GeneralOAuthFlow&continue=https%3A%2F%2Faccounts.google.com%2Fsignin%2Foauth%2Fconsent%3Fauthuser%3Dunknown%26part%3DAJi8hAPbUhBSksqqluSFkvuDc2Bkx-NWf580KnYfXApOvi4i2jyR3R_g6m_tLwQV7Ng_gNVKrQGfuxeWLt-kFMyxgKIOSaKrs3Ot89rWvNOJ3dyRiTQGLKO77Bh733VGnv9GHUMUnOPP731rc8-Wkzfw3xajwTZ93lUSpzxKsiRzFxEiFO-mbwGW12WLpWFt_NTulLXBRWGog_G1UQloZfI30cQZFNdrRVTBol5IgTkO0wrWvR3l0WEehgSR3PzQb2fTnQYS5cpr54oECZef2HmkKXq9PCb_WdWRSC2xNbZFKvDHQmWrGjKoupG3JbyCuXpuAUPWwVaMyEvlkY9X7REg0DSCYxt_FrhMWWkkk1DhV1whyS-IG7H05aNh1Y55gL6Q9Rnm64wlAWGTe7FpQpDuUd5vnCKOpQ2Us106pVqAsIItFbVLNCo1krsFpcvFOi_-7pRIP5ntm6jhW1bm0CDdjK1sUbLtjQ%26flowName%3DGeneralOAuthFlow%26as%3DS1898774035%253A1787294035425362",true,false
9,3295,"Sign in - Google Accounts - Google Chrome",true,false
9,3625,"Sign in - Google Accounts - Google Chrome",true,false
9,3732,"Sign in - Google Accounts - Google Chrome",true,false
9,3845,"Sign in - Google Accounts - Google Chrome",true,false
9,3952,"Sign in - Google Accounts - Google Chrome",true,false
9,4055,"Sign in - Google Accounts - Google Chrome",true,false
9,4163,"Sign in - Google Accounts - Google Chrome",true,false
9,4278,"Sign in - Google Accounts - Google Chrome",true,false
9,4383,"Sign in - Google Accounts - Google Chrome",true,false
9,4491,"Sign in - Google Accounts - Google Chrome",true,false
9,4596,"Sign in - Google Accounts - Google Chrome",true,false
9,4698,"Sign in - Google Accounts - Google Chrome",true,false
9,4807,"Sign in - Google Accounts - Google Chrome",true,false
9,4923,"Sign in - Google Accounts - Google Chrome",true,false
9,5027,"Sign in - Google Accounts - Google Chrome",true,false
9,5135,"Sign in - Google Accounts - Google Chrome",true,false
9,5244,"Sign in - Google Accounts - Google Chrome",true,false
9,5353,"Sign in - Google Accounts - Google Chrome",true,false
9,5459,"Sign in - Google Accounts - Google Chrome",true,false
9,5564,"Sign in - Google Accounts - Google Chrome",true,false
9,5669,"Sign in - Google Accounts - Google Chrome",true,false
9,5775,"Sign in - Google Accounts - Google Chrome",true,false
9,5882,"Sign in - Google Accounts - Google Chrome",true,false
9,5999,"Sign in - Google Accounts - Google Chrome",true,false
9,6110,"Sign in - Google Accounts - Google Chrome",true,false
9,6219,"Hi RAJA MUHAMMAD AZRIEN BIN RAJA AZAMAN SHAH - Google Chrome",true,false
9,6332,"Hi RAJA MUHAMMAD AZRIEN BIN RAJA AZAMAN SHAH - Google Chrome",true,false
9,6449,"Hi RAJA MUHAMMAD AZRIEN BIN RAJA AZAMAN SHAH - Google Chrome",true,false
9,6558,"Hi RAJA MUHAMMAD AZRIEN BIN RAJA AZAMAN SHAH - Google Chrome",true,true
9,6662,"Hi RAJA MUHAMMAD AZRIEN BIN RAJA AZAMAN SHAH - Google Chrome",true,true
9,6773,"Hi RAJA MUHAMMAD AZRIEN BIN RAJA AZAMAN SHAH - Google Chrome",true,true
9,6876,"Hi RAJA MUHAMMAD AZRIEN BIN RAJA AZAMAN SHAH - Google Chrome",true,true
9,6989,"Hi RAJA MUHAMMAD AZRIEN BIN RAJA AZAMAN SHAH - Google Chrome",true,true
9,7094,"Hi RAJA MUHAMMAD AZRIEN BIN RAJA AZAMAN SHAH - Google Chrome",true,true
9,7203,"Hi RAJA MUHAMMAD AZRIEN BIN RAJA AZAMAN SHAH - Google Chrome",true,true
9,7311,"Hi RAJA MUHAMMAD AZRIEN BIN RAJA AZAMAN SHAH - Google Chrome",true,true
9,7415,"Hi RAJA MUHAMMAD AZRIEN BIN RAJA AZAMAN SHAH - Google Chrome",true,true
9,7524,"Hi RAJA MUHAMMAD AZRIEN BIN RAJA AZAMAN SHAH - Google Chrome",true,true
9,7628,"Hi RAJA MUHAMMAD AZRIEN BIN RAJA AZAMAN SHAH - Google Chrome",true,true
9,7734,"Hi RAJA MUHAMMAD AZRIEN BIN RAJA AZAMAN SHAH - Google Chrome",true,true
9,7843,"Hi RAJA MUHAMMAD AZRIEN BIN RAJA AZAMAN SHAH - Google Chrome",true,true
9,7958,"Hi RAJA MUHAMMAD AZRIEN BIN RAJA AZAMAN SHAH - Google Chrome",true,true
9,8069,"Hi RAJA MUHAMMAD AZRIEN BIN RAJA AZAMAN SHAH - Google Chrome",true,true
9,8186,"Delima-AutoLogin - Antigravity IDE - README.md",true,false
10,0,"Delima-AutoLogin - Antigravity IDE - README.md",true,false
10,109,"Delima-AutoLogin - Antigravity IDE - README.md",true,false
10,225,"Untitled - Google Chrome",true,false
10,363,"Untitled - Google Chrome",true,false
10,478,"Untitled - Google Chrome",true,false
10,594,"DELIMa 3.0 Digital Educational Learning Initiative Malaysia - Google Chrome",true,false
10,707,"DELIMa 3.0 Digital Educational Learning Initiative Malaysia - Google Chrome",true,false
10,820,"DELIMa 3.0 Digital Educational Learning Initiative Malaysia - Google Chrome",true,false
10,927,"DELIMa 3.0 Digital Educational Learning Initiative Malaysia - Google Chrome",true,false
10,1039,"DELIMa 3.0 Digital Educational Learning Initiative Malaysia - Google Chrome",true,false
10,1150,"DELIMa 3.0 Digital Educational Learning Initiative Malaysia - Google Chrome",true,false
10,1257,"DELIMa 3.0 Digital Educational Learning Initiative Malaysia - Google Chrome",true,false
10,1359,"DELIMa 3.0 Digital Educational Learning Initiative Malaysia - Google Chrome",true,false
10,1463,"DELIMa 3.0 Digital Educational Learning Initiative Malaysia - Google Chrome",true,false
10,1568,"DELIMa 3.0 Digital Educational Learning Initiative Malaysia - Google Chrome",true,false
10,1671,"DELIMa 3.0 Digital Educational Learning Initiative Malaysia - Google Chrome",true,false
10,1776,"DELIMa 3.0 Digital Educational Learning Initiative Malaysia - Google Chrome",true,false
10,1881,"DELIMa 3.0 Digital Educational Learning Initiative Malaysia - Google Chrome",true,false
10,1996,"DELIMa 3.0 Digital Educational Learning Initiative Malaysia - Google Chrome",true,false
10,2111,"Translate this page?",true,false
10,2213,"Translate this page?",true,false
10,2326,"Translate this page?",true,false
10,2435,"Translate this page?",true,false
10,2543,"Translate this page?",true,false
10,2647,"Translate this page?",true,false
10,2751,"Translate this page?",true,false
10,2863,"Translate this page?",true,false
10,2977,"Translate this page?",true,false
10,3089,"Translate this page?",true,false
10,3193,"Translate this page?",true,false
10,3308,"Translate this page?",true,false
10,3413,"Translate this page?",true,false
10,3519,"Translate this page?",true,false
10,3623,"Translate this page?",true,false
10,3732,"Translate this page?",true,false
10,3843,"Translate this page?",true,false
10,3961,"DELIMa 3.0 Digital Educational Learning Initiative Malaysia - Google Chrome",true,false
10,4076,"DELIMa 3.0 Digital Educational Learning Initiative Malaysia - Google Chrome",true,false
10,4182,"DELIMa 3.0 Digital Educational Learning Initiative Malaysia - Google Chrome",true,false
10,4289,"DELIMa 3.0 Digital Educational Learning Initiative Malaysia - Google Chrome",true,false
10,4396,"DELIMa 3.0 Digital Educational Learning Initiative Malaysia - Google Chrome",true,false
10,4502,"DELIMa 3.0 Digital Educational Learning Initiative Malaysia - Google Chrome",true,false
10,4618,"accounts.google.com/v3/signin/identifier?opparams=%253F&dsh=S1343742020%3A1787294046082411&client_id=950472034074-acj262jqk6trve8i4ndsudqeokvh5pef.apps.googleusercontent.com&o2v=2&redirect_uri=https%3A%2F%2Fd3.delima.edu.my%2Fauthentication%2Fcode&response_type=code&scope=openid+email+profile&service=lso&state=47d08c519b9acb0e397473c0f9a2768b&flowName=GeneralOAuthFlow&continue=https%3A%2F%2Faccounts.google.com%2Fsignin%2Foauth%2Fconsent%3Fauthuser%3Dunknown%26part%3DAJi8hAOvnxBpoTbkhfrekpYxc3xqHkKQDpRRsEFv-0_Soi4WCc95F1z7h2WQX_iYxKNBVjjA9f9zMt73g-5UFJvv4fwSyDVfYHoOE0CUosw3K8aouDJ3FOh6OfjDPa-X-E7wYDZhd6K_MCoHYOjoabphCbYdPmgWWLtxGiF93P1I0eaddXrjnScAHdqW-NjjY7NCm8DxbFc1MhUkXSnWmZP-knYpEBBEXcp_l_zUIOMp0IWVxC5kT54DDWPifnTEhoXAw52NCSBABLvfEE_tSAQHgeSrOd8jHbQiOsHqiHKX4t9biW9wi4HEE7gxBVcgGEfeXfk2bL9_6jwVX3DvmrDL2rhOkLctFk_zx1OYjotgvVv_qQYPCchj8_rj9j_rskiRCf_387cBK0l8PW5DVzervpvKYaDyMos8kB40JQCJd0doa-3hSWPpYXxXIaLjVCwLP1IM3ajqiZR5bkP9vId8adT96x0t7g%26flowName%3DGeneralOAuthFlow%26as%3DS1343742020%253A1787294046082411",true,false
10,4734,"accounts.google.com/v3/signin/identifier?opparams=%253F&dsh=S1343742020%3A1787294046082411&client_id=950472034074-acj262jqk6trve8i4ndsudqeokvh5pef.apps.googleusercontent.com&o2v=2&redirect_uri=https%3A%2F%2Fd3.delima.edu.my%2Fauthentication%2Fcode&response_type=code&scope=openid+email+profile&service=lso&state=47d08c519b9acb0e397473c0f9a2768b&flowName=GeneralOAuthFlow&continue=https%3A%2F%2Faccounts.google.com%2Fsignin%2Foauth%2Fconsent%3Fauthuser%3Dunknown%26part%3DAJi8hAOvnxBpoTbkhfrekpYxc3xqHkKQDpRRsEFv-0_Soi4WCc95F1z7h2WQX_iYxKNBVjjA9f9zMt73g-5UFJvv4fwSyDVfYHoOE0CUosw3K8aouDJ3FOh6OfjDPa-X-E7wYDZhd6K_MCoHYOjoabphCbYdPmgWWLtxGiF93P1I0eaddXrjnScAHdqW-NjjY7NCm8DxbFc1MhUkXSnWmZP-knYpEBBEXcp_l_zUIOMp0IWVxC5kT54DDWPifnTEhoXAw52NCSBABLvfEE_tSAQHgeSrOd8jHbQiOsHqiHKX4t9biW9wi4HEE7gxBVcgGEfeXfk2bL9_6jwVX3DvmrDL2rhOkLctFk_zx1OYjotgvVv_qQYPCchj8_rj9j_rskiRCf_387cBK0l8PW5DVzervpvKYaDyMos8kB40JQCJd0doa-3hSWPpYXxXIaLjVCwLP1IM3ajqiZR5bkP9vId8adT96x0t7g%26flowName%3DGeneralOAuthFlow%26as%3DS1343742020%253A1787294046082411",true,false
10,4836,"accounts.google.com/v3/signin/identifier?opparams=%253F&dsh=S1343742020%3A1787294046082411&client_id=950472034074-acj262jqk6trve8i4ndsudqeokvh5pef.apps.googleusercontent.com&o2v=2&redirect_uri=https%3A%2F%2Fd3.delima.edu.my%2Fauthentication%2Fcode&response_type=code&scope=openid+email+profile&service=lso&state=47d08c519b9acb0e397473c0f9a2768b&flowName=GeneralOAuthFlow&continue=https%3A%2F%2Faccounts.google.com%2Fsignin%2Foauth%2Fconsent%3Fauthuser%3Dunknown%26part%3DAJi8hAOvnxBpoTbkhfrekpYxc3xqHkKQDpRRsEFv-0_Soi4WCc95F1z7h2WQX_iYxKNBVjjA9f9zMt73g-5UFJvv4fwSyDVfYHoOE0CUosw3K8aouDJ3FOh6OfjDPa-X-E7wYDZhd6K_MCoHYOjoabphCbYdPmgWWLtxGiF93P1I0eaddXrjnScAHdqW-NjjY7NCm8DxbFc1MhUkXSnWmZP-knYpEBBEXcp_l_zUIOMp0IWVxC5kT54DDWPifnTEhoXAw52NCSBABLvfEE_tSAQHgeSrOd8jHbQiOsHqiHKX4t9biW9wi4HEE7gxBVcgGEfeXfk2bL9_6jwVX3DvmrDL2rhOkLctFk_zx1OYjotgvVv_qQYPCchj8_rj9j_rskiRCf_387cBK0l8PW5DVzervpvKYaDyMos8kB40JQCJd0doa-3hSWPpYXxXIaLjVCwLP1IM3ajqiZR5bkP9vId8adT96x0t7g%26flowName%3DGeneralOAuthFlow%26as%3DS1343742020%253A1787294046082411",true,false
10,4950,"Sign in - Google Accounts - Google Chrome",true,false
10,5059,"Sign in - Google Accounts - Google Chrome",true,false
10,5321,"Sign in - Google Accounts - Google Chrome",true,false
10,5432,"Sign in - Google Accounts - Google Chrome",true,false
10,5543,"Sign in - Google Accounts - Google Chrome",true,false
10,5648,"Sign in - Google Accounts - Google Chrome",true,false
10,5752,"Sign in - Google Accounts - Google Chrome",true,false
10,5857,"Sign in - Google Accounts - Google Chrome",true,false
10,5972,"Sign in - Google Accounts - Google Chrome",true,false
10,6086,"Sign in - Google Accounts - Google Chrome",true,false
10,6201,"Sign in - Google Accounts - Google Chrome",true,false
10,6313,"Sign in - Google Accounts - Google Chrome",true,false
10,6430,"Sign in - Google Accounts - Google Chrome",true,false
10,6545,"Sign in - Google Accounts - Google Chrome",true,false
10,6651,"Sign in - Google Accounts - Google Chrome",true,false
10,6758,"Sign in - Google Accounts - Google Chrome",true,false
10,6872,"Sign in - Google Accounts - Google Chrome",true,false
10,6974,"Sign in - Google Accounts - Google Chrome",true,false
10,7088,"Sign in - Google Accounts - Google Chrome",true,false
10,7197,"Sign in - Google Accounts - Google Chrome",true,false
10,7308,"Sign in - Google Accounts - Google Chrome",true,false
10,7413,"Hi RAJA MUHAMMAD AZRIEN BIN RAJA AZAMAN SHAH - Google Chrome",true,false
10,7523,"Hi RAJA MUHAMMAD AZRIEN BIN RAJA AZAMAN SHAH - Google Chrome",true,false
10,7626,"Hi RAJA MUHAMMAD AZRIEN BIN RAJA AZAMAN SHAH - Google Chrome",true,false
10,7735,"Hi RAJA MUHAMMAD AZRIEN BIN RAJA AZAMAN SHAH - Google Chrome",true,false
10,7847,"Hi RAJA MUHAMMAD AZRIEN BIN RAJA AZAMAN SHAH - Google Chrome",true,true
10,7953,"Hi RAJA MUHAMMAD AZRIEN BIN RAJA AZAMAN SHAH - Google Chrome",true,true
10,8057,"Hi RAJA MUHAMMAD AZRIEN BIN RAJA AZAMAN SHAH - Google Chrome",true,true
10,8304,"Hi RAJA MUHAMMAD AZRIEN BIN RAJA AZAMAN SHAH - Google Chrome",true,true
10,8407,"Hi RAJA MUHAMMAD AZRIEN BIN RAJA AZAMAN SHAH - Google Chrome",true,true
10,8517,"Hi RAJA MUHAMMAD AZRIEN BIN RAJA AZAMAN SHAH - Google Chrome",true,true
10,8623,"Hi RAJA MUHAMMAD AZRIEN BIN RAJA AZAMAN SHAH - Google Chrome",true,true
10,8730,"Delima-AutoLogin - Antigravity IDE - README.md",true,false
11,0,"Delima-AutoLogin - Antigravity IDE - README.md",true,false
11,106,"Delima-AutoLogin - Antigravity IDE - README.md",true,false
11,223,"Untitled - Google Chrome",true,false
11,352,"Untitled - Google Chrome",true,false
11,468,"Untitled - Google Chrome",true,false
11,582,"Untitled - Google Chrome",true,false
11,695,"DELIMa 3.0 Digital Educational Learning Initiative Malaysia - Google Chrome",true,false
11,802,"DELIMa 3.0 Digital Educational Learning Initiative Malaysia - Google Chrome",true,false
11,917,"DELIMa 3.0 Digital Educational Learning Initiative Malaysia - Google Chrome",true,false
11,1028,"DELIMa 3.0 Digital Educational Learning Initiative Malaysia - Google Chrome",true,false
11,1138,"DELIMa 3.0 Digital Educational Learning Initiative Malaysia - Google Chrome",true,false
11,1242,"DELIMa 3.0 Digital Educational Learning Initiative Malaysia - Google Chrome",true,false
11,1358,"DELIMa 3.0 Digital Educational Learning Initiative Malaysia - Google Chrome",true,false
11,1465,"DELIMa 3.0 Digital Educational Learning Initiative Malaysia - Google Chrome",true,false
11,1573,"DELIMa 3.0 Digital Educational Learning Initiative Malaysia - Google Chrome",true,false
11,1678,"DELIMa 3.0 Digital Educational Learning Initiative Malaysia - Google Chrome",true,false
11,1793,"DELIMa 3.0 Digital Educational Learning Initiative Malaysia - Google Chrome",true,false
11,1898,"Translate this page?",true,false
11,2004,"Translate this page?",true,false
11,2107,"Translate this page?",true,false
11,2216,"DELIMa 3.0 Digital Educational Learning Initiative Malaysia - Google Chrome",true,false
11,2318,"DELIMa 3.0 Digital Educational Learning Initiative Malaysia - Google Chrome",true,false
11,2425,"DELIMa 3.0 Digital Educational Learning Initiative Malaysia - Google Chrome",true,false
11,2527,"DELIMa 3.0 Digital Educational Learning Initiative Malaysia - Google Chrome",true,false
11,2641,"DELIMa 3.0 Digital Educational Learning Initiative Malaysia - Google Chrome",true,false
11,2752,"DELIMa 3.0 Digital Educational Learning Initiative Malaysia - Google Chrome",true,false
11,2866,"DELIMa 3.0 Digital Educational Learning Initiative Malaysia - Google Chrome",true,false
11,2973,"DELIMa 3.0 Digital Educational Learning Initiative Malaysia - Google Chrome",true,false
11,3078,"DELIMa 3.0 Digital Educational Learning Initiative Malaysia - Google Chrome",true,false
11,3190,"DELIMa 3.0 Digital Educational Learning Initiative Malaysia - Google Chrome",true,false
11,3305,"DELIMa 3.0 Digital Educational Learning Initiative Malaysia - Google Chrome",true,false
11,3417,"DELIMa 3.0 Digital Educational Learning Initiative Malaysia - Google Chrome",true,false
11,3519,"DELIMa 3.0 Digital Educational Learning Initiative Malaysia - Google Chrome",true,false
11,3627,"DELIMa 3.0 Digital Educational Learning Initiative Malaysia - Google Chrome",true,false
11,3733,"DELIMa 3.0 Digital Educational Learning Initiative Malaysia - Google Chrome",true,false
11,3840,"DELIMa 3.0 Digital Educational Learning Initiative Malaysia - Google Chrome",true,false
11,3956,"DELIMa 3.0 Digital Educational Learning Initiative Malaysia - Google Chrome",true,false
11,4061,"DELIMa 3.0 Digital Educational Learning Initiative Malaysia - Google Chrome",true,false
11,4167,"DELIMa 3.0 Digital Educational Learning Initiative Malaysia - Google Chrome",true,false
11,4270,"DELIMa 3.0 Digital Educational Learning Initiative Malaysia - Google Chrome",true,false
11,4381,"DELIMa 3.0 Digital Educational Learning Initiative Malaysia - Google Chrome",true,false
11,4488,"DELIMa 3.0 Digital Educational Learning Initiative Malaysia - Google Chrome",true,false
11,4597,"DELIMa 3.0 Digital Educational Learning Initiative Malaysia - Google Chrome",true,false
11,4708,"DELIMa 3.0 Digital Educational Learning Initiative Malaysia - Google Chrome",true,false
11,4820,"DELIMa 3.0 Digital Educational Learning Initiative Malaysia - Google Chrome",true,false
11,4928,"DELIMa 3.0 Digital Educational Learning Initiative Malaysia - Google Chrome",true,false
11,5034,"DELIMa 3.0 Digital Educational Learning Initiative Malaysia - Google Chrome",true,false
11,5137,"DELIMa 3.0 Digital Educational Learning Initiative Malaysia - Google Chrome",true,false
11,5245,"DELIMa 3.0 Digital Educational Learning Initiative Malaysia - Google Chrome",true,false
11,5349,"DELIMa 3.0 Digital Educational Learning Initiative Malaysia - Google Chrome",true,false
11,5456,"DELIMa 3.0 Digital Educational Learning Initiative Malaysia - Google Chrome",true,false
11,5566,"DELIMa 3.0 Digital Educational Learning Initiative Malaysia - Google Chrome",true,false
11,5672,"DELIMa 3.0 Digital Educational Learning Initiative Malaysia - Google Chrome",true,false
11,5785,"DELIMa 3.0 Digital Educational Learning Initiative Malaysia - Google Chrome",true,false
11,5888,"Sign in - Google Accounts - Google Chrome",true,false
11,5991,"Sign in - Google Accounts - Google Chrome",true,false
11,6302,"Sign in - Google Accounts - Google Chrome",true,false
11,6411,"Sign in - Google Accounts - Google Chrome",true,false
11,6519,"Sign in - Google Accounts - Google Chrome",true,false
11,6625,"Sign in - Google Accounts - Google Chrome",true,false
11,6732,"Sign in - Google Accounts - Google Chrome",true,false
11,6840,"Sign in - Google Accounts - Google Chrome",true,false
11,6947,"Sign in - Google Accounts - Google Chrome",true,false
11,7052,"Sign in - Google Accounts - Google Chrome",true,false
11,7165,"Sign in - Google Accounts - Google Chrome",true,false
11,7267,"Sign in - Google Accounts - Google Chrome",true,false
11,7382,"Sign in - Google Accounts - Google Chrome",true,false
11,7499,"Sign in - Google Accounts - Google Chrome",true,false
11,7602,"Sign in - Google Accounts - Google Chrome",true,false
11,7712,"Sign in - Google Accounts - Google Chrome",true,false
11,7815,"Sign in - Google Accounts - Google Chrome",true,false
11,7928,"Sign in - Google Accounts - Google Chrome",true,false
11,8032,"Sign in - Google Accounts - Google Chrome",true,false
11,8145,"Sign in - Google Accounts - Google Chrome",true,false
11,8257,"Sign in - Google Accounts - Google Chrome",true,false
11,8362,"Sign in - Google Accounts - Google Chrome",true,false
11,8468,"Sign in - Google Accounts - Google Chrome",true,false
11,8570,"Sign in - Google Accounts - Google Chrome",true,false
11,8672,"Sign in - Google Accounts - Google Chrome",true,false
11,8782,"Sign in - Google Accounts - Google Chrome",true,false
11,8886,"Sign in - Google Accounts - Google Chrome",true,false
11,8990,"Sign in - Google Accounts - Google Chrome",true,false
11,9102,"Sign in - Google Accounts - Google Chrome",true,false
11,9210,"Sign in - Google Accounts - Google Chrome",true,false
11,9327,"Welcome - Google Chrome",true,false
11,9432,"Welcome - Google Chrome",true,false
11,9545,"Welcome - Google Chrome",true,true
11,9648,"Welcome - Google Chrome",true,true
11,9761,"Welcome - Google Chrome",true,true
11,9867,"Welcome - Google Chrome",true,true
11,9972,"Welcome - Google Chrome",true,true
11,10080,"Welcome - Google Chrome",true,true
11,10281,"Welcome - Google Chrome",true,true
11,10385,"Welcome - Google Chrome",true,true
11,10493,"Welcome - Google Chrome",false,
12,0,"Delima-AutoLogin - Antigravity IDE - README.md",true,false
12,107,"Delima-AutoLogin - Antigravity IDE - README.md",true,false
12,212,"Untitled - Google Chrome",true,false
12,348,"Untitled - Google Chrome",true,false
12,452,"Untitled - Google Chrome",true,false
12,560,"DELIMa 3.0 Digital Educational Learning Initiative Malaysia - Google Chrome",true,false
12,669,"DELIMa 3.0 Digital Educational Learning Initiative Malaysia - Google Chrome",true,false
12,781,"DELIMa 3.0 Digital Educational Learning Initiative Malaysia - Google Chrome",true,false
12,909,"DELIMa 3.0 Digital Educational Learning Initiative Malaysia - Google Chrome",true,false
12,1021,"DELIMa 3.0 Digital Educational Learning Initiative Malaysia - Google Chrome",true,false
12,1128,"DELIMa 3.0 Digital Educational Learning Initiative Malaysia - Google Chrome",true,false
12,1241,"DELIMa 3.0 Digital Educational Learning Initiative Malaysia - Google Chrome",true,false
12,1344,"DELIMa 3.0 Digital Educational Learning Initiative Malaysia - Google Chrome",true,false
12,1450,"Translate this page?",true,false
12,1562,"Translate this page?",true,false
12,1665,"Translate this page?",true,false
12,1766,"DELIMa 3.0 Digital Educational Learning Initiative Malaysia - Google Chrome",true,false
12,1877,"DELIMa 3.0 Digital Educational Learning Initiative Malaysia - Google Chrome",true,false
12,1983,"DELIMa 3.0 Digital Educational Learning Initiative Malaysia - Google Chrome",true,false
12,2095,"DELIMa 3.0 Digital Educational Learning Initiative Malaysia - Google Chrome",true,false
12,2201,"accounts.google.com/v3/signin/identifier?opparams=%253F&dsh=S35245260%3A1787294064675187&client_id=950472034074-acj262jqk6trve8i4ndsudqeokvh5pef.apps.googleusercontent.com&o2v=2&redirect_uri=https%3A%2F%2Fd3.delima.edu.my%2Fauthentication%2Fcode&response_type=code&scope=openid+email+profile&service=lso&state=9ba1114dee8a9eb40be31de545c65364&flowName=GeneralOAuthFlow&continue=https%3A%2F%2Faccounts.google.com%2Fsignin%2Foauth%2Fconsent%3Fauthuser%3Dunknown%26part%3DAJi8hAPTQwyiTC7PDWHjRbd_-yajqVa27vFdqke5fShA3u8DuPUq03JfznHb0AlnTb7e5BJshtwosC8oHGcMF9MusJblxzP_zrkegYVd-txvpnvNT0S7Jv9I_q0_Ef4M-VExSxhlqeWYcNiP7ZDan1q9byssrbdcbsXVGR-uTbSce6li5W_JrHJfgJKrbxrUXNBjozhU40HLp7oDiTcrX5Im3pC4tRiA3ao2xs7yWcbTzF3PyXUbBgtZijifX-fzB1SzgruNnDKh1Nq7l-WWvf1Qj_p_WBmM5Oyw64dbNWFBrxoLG9O62EnY2KrxJuns1zsCkZrDtz-KaV5eI6sEs2fhkt1vjSrzM07rpkgCqbaEVEfju6FNMkc5DWZIcpCIbW3CYFNCmrRu_Q8nvGl0muV1073pKEjwh7j9SnJTVu6SXoueuajeyIRg42iWrgkb24jrxmfQOck20cPHMMzCZU_VpZ6b2-sHog%26flowName%3DGeneralOAuthFlow%26as%3DS35245260%253A1787294064675187%26c",true,false
12,2313,"accounts.google.com/v3/signin/identifier?opparams=%253F&dsh=S35245260%3A1787294064675187&client_id=950472034074-acj262jqk6trve8i4ndsudqeokvh5pef.apps.googleusercontent.com&o2v=2&redirect_uri=https%3A%2F%2Fd3.delima.edu.my%2Fauthentication%2Fcode&response_type=code&scope=openid+email+profile&service=lso&state=9ba1114dee8a9eb40be31de545c65364&flowName=GeneralOAuthFlow&continue=https%3A%2F%2Faccounts.google.com%2Fsignin%2Foauth%2Fconsent%3Fauthuser%3Dunknown%26part%3DAJi8hAPTQwyiTC7PDWHjRbd_-yajqVa27vFdqke5fShA3u8DuPUq03JfznHb0AlnTb7e5BJshtwosC8oHGcMF9MusJblxzP_zrkegYVd-txvpnvNT0S7Jv9I_q0_Ef4M-VExSxhlqeWYcNiP7ZDan1q9byssrbdcbsXVGR-uTbSce6li5W_JrHJfgJKrbxrUXNBjozhU40HLp7oDiTcrX5Im3pC4tRiA3ao2xs7yWcbTzF3PyXUbBgtZijifX-fzB1SzgruNnDKh1Nq7l-WWvf1Qj_p_WBmM5Oyw64dbNWFBrxoLG9O62EnY2KrxJuns1zsCkZrDtz-KaV5eI6sEs2fhkt1vjSrzM07rpkgCqbaEVEfju6FNMkc5DWZIcpCIbW3CYFNCmrRu_Q8nvGl0muV1073pKEjwh7j9SnJTVu6SXoueuajeyIRg42iWrgkb24jrxmfQOck20cPHMMzCZU_VpZ6b2-sHog%26flowName%3DGeneralOAuthFlow%26as%3DS35245260%253A1787294064675187%26c",true,false
12,2421,"Sign in - Google Accounts - Google Chrome",true,false
12,2526,"Sign in - Google Accounts - Google Chrome",true,false
12,2804,"Sign in - Google Accounts - Google Chrome",true,false
12,2927,"Sign in - Google Accounts - Google Chrome",true,false
12,3039,"Sign in - Google Accounts - Google Chrome",true,false
12,3149,"Sign in - Google Accounts - Google Chrome",true,false
12,3264,"Sign in - Google Accounts - Google Chrome",true,false
12,3366,"Sign in - Google Accounts - Google Chrome",true,false
12,3477,"Sign in - Google Accounts - Google Chrome",true,false
12,3592,"Sign in - Google Accounts - Google Chrome",true,false
12,3694,"Sign in - Google Accounts - Google Chrome",true,false
12,3807,"Sign in - Google Accounts - Google Chrome",true,false
12,3919,"Sign in - Google Accounts - Google Chrome",true,false
12,4028,"Sign in - Google Accounts - Google Chrome",true,false
12,4140,"Sign in - Google Accounts - Google Chrome",true,false
12,4249,"Sign in - Google Accounts - Google Chrome",true,false
12,4366,"Sign in - Google Accounts - Google Chrome",true,false
12,4481,"Sign in - Google Accounts - Google Chrome",true,false
12,4596,"Sign in - Google Accounts - Google Chrome",true,false
12,4700,"Sign in - Google Accounts - Google Chrome",true,false
12,4815,"Sign in - Google Accounts - Google Chrome",true,false
12,4920,"Sign in - Google Accounts - Google Chrome",true,false
12,5032,"Sign in - Google Accounts - Google Chrome",true,false
12,5144,"Sign in - Google Accounts - Google Chrome",true,false
12,5257,"Sign in - Google Accounts - Google Chrome",true,false
12,5371,"Sign in - Google Accounts - Google Chrome",true,false
12,5481,"Sign in - Google Accounts - Google Chrome",true,false
12,5590,"Sign in - Google Accounts - Google Chrome",true,false
12,5694,"Sign in - Google Accounts - Google Chrome",true,false
12,5804,"Sign in - Google Accounts - Google Chrome",true,false
12,5976,"Sign in - Google Accounts - Google Chrome",true,false
12,6081,"Sign in - Google Accounts - Google Chrome",true,false
12,6195,"Sign in - Google Accounts - Google Chrome",true,false
12,6298,"Sign in - Google Accounts - Google Chrome",true,false
12,6415,"Sign in - Google Accounts - Google Chrome",true,false
12,6526,"Sign in - Google Accounts - Google Chrome",true,false
12,6628,"Hi RAJA MUHAMMAD AZRIEN BIN RAJA AZAMAN SHAH - Google Chrome",true,false
12,6744,"Hi RAJA MUHAMMAD AZRIEN BIN RAJA AZAMAN SHAH - Google Chrome",true,false
12,6860,"Hi RAJA MUHAMMAD AZRIEN BIN RAJA AZAMAN SHAH - Google Chrome",true,false
12,6971,"Hi RAJA MUHAMMAD AZRIEN BIN RAJA AZAMAN SHAH - Google Chrome",true,true
12,7086,"Hi RAJA MUHAMMAD AZRIEN BIN RAJA AZAMAN SHAH - Google Chrome",true,true
12,7190,"Hi RAJA MUHAMMAD AZRIEN BIN RAJA AZAMAN SHAH - Google Chrome",true,true
12,7301,"Hi RAJA MUHAMMAD AZRIEN BIN RAJA AZAMAN SHAH - Google Chrome",true,true
12,7403,"Hi RAJA MUHAMMAD AZRIEN BIN RAJA AZAMAN SHAH - Google Chrome",true,true
12,7511,"Hi RAJA MUHAMMAD AZRIEN BIN RAJA AZAMAN SHAH - Google Chrome",true,true
12,7621,"Hi RAJA MUHAMMAD AZRIEN BIN RAJA AZAMAN SHAH - Google Chrome",true,true
12,7728,"Hi RAJA MUHAMMAD AZRIEN BIN RAJA AZAMAN SHAH - Google Chrome",true,true
12,7837,"Hi RAJA MUHAMMAD AZRIEN BIN RAJA AZAMAN SHAH - Google Chrome",true,true
12,7941,"Hi RAJA MUHAMMAD AZRIEN BIN RAJA AZAMAN SHAH - Google Chrome",true,true
12,8045,"Hi RAJA MUHAMMAD AZRIEN BIN RAJA AZAMAN SHAH - Google Chrome",true,true
12,8151,"Hi RAJA MUHAMMAD AZRIEN BIN RAJA AZAMAN SHAH - Google Chrome",true,true
12,8254,"Hi RAJA MUHAMMAD AZRIEN BIN RAJA AZAMAN SHAH - Google Chrome",true,true
12,8366,"Hi RAJA MUHAMMAD AZRIEN BIN RAJA AZAMAN SHAH - Google Chrome",true,true
12,8470,"Hi RAJA MUHAMMAD AZRIEN BIN RAJA AZAMAN SHAH - Google Chrome",true,true
12,8575,"Hi RAJA MUHAMMAD AZRIEN BIN RAJA AZAMAN SHAH - Google Chrome",true,true
12,8681,"Hi RAJA MUHAMMAD AZRIEN BIN RAJA AZAMAN SHAH - Google Chrome",true,true
12,8783,"Delima-AutoLogin - Antigravity IDE - README.md",true,false
13,0,"Delima-AutoLogin - Antigravity IDE - README.md",true,false
13,116,"Delima-AutoLogin - Antigravity IDE - README.md",true,false
13,224,"Untitled - Google Chrome",true,false
13,357,"Untitled - Google Chrome",true,false
13,467,"Untitled - Google Chrome",true,false
13,585,"DELIMa 3.0 Digital Educational Learning Initiative Malaysia - Google Chrome",true,false
13,702,"DELIMa 3.0 Digital Educational Learning Initiative Malaysia - Google Chrome",true,false
13,808,"DELIMa 3.0 Digital Educational Learning Initiative Malaysia - Google Chrome",true,false
13,918,"DELIMa 3.0 Digital Educational Learning Initiative Malaysia - Google Chrome",true,false
13,1022,"DELIMa 3.0 Digital Educational Learning Initiative Malaysia - Google Chrome",true,false
13,1130,"DELIMa 3.0 Digital Educational Learning Initiative Malaysia - Google Chrome",true,false
13,1237,"DELIMa 3.0 Digital Educational Learning Initiative Malaysia - Google Chrome",true,false
13,1352,"DELIMa 3.0 Digital Educational Learning Initiative Malaysia - Google Chrome",true,false
13,1467,"DELIMa 3.0 Digital Educational Learning Initiative Malaysia - Google Chrome",true,false
13,1579,"DELIMa 3.0 Digital Educational Learning Initiative Malaysia - Google Chrome",true,false
13,1691,"DELIMa 3.0 Digital Educational Learning Initiative Malaysia - Google Chrome",true,false
13,1795,"DELIMa 3.0 Digital Educational Learning Initiative Malaysia - Google Chrome",true,false
13,1903,"DELIMa 3.0 Digital Educational Learning Initiative Malaysia - Google Chrome",true,false
13,2020,"DELIMa 3.0 Digital Educational Learning Initiative Malaysia - Google Chrome",true,false
13,2129,"DELIMa 3.0 Digital Educational Learning Initiative Malaysia - Google Chrome",true,false
13,2241,"DELIMa 3.0 Digital Educational Learning Initiative Malaysia - Google Chrome",true,false
13,2347,"DELIMa 3.0 Digital Educational Learning Initiative Malaysia - Google Chrome",true,false
13,2454,"DELIMa 3.0 Digital Educational Learning Initiative Malaysia - Google Chrome",true,false
13,2556,"accounts.google.com/v3/signin/identifier?opparams=%253F&dsh=S-1388806209%3A1787294074683030&client_id=950472034074-acj262jqk6trve8i4ndsudqeokvh5pef.apps.googleusercontent.com&o2v=2&redirect_uri=https%3A%2F%2Fd3.delima.edu.my%2Fauthentication%2Fcode&response_type=code&scope=openid+email+profile&service=lso&state=e1efaeb63fe49afa7529ab01d821c0cf&flowName=GeneralOAuthFlow&continue=https%3A%2F%2Faccounts.google.com%2Fsignin%2Foauth%2Fconsent%3Fauthuser%3Dunknown%26part%3DAJi8hAM2bg5WBsLjrfapQyb6ng_uD6jeQrGPXeqzr899ejyfqnY-gPNFdIR6A6NUD66DmTuunpaDYN3PgTIEwxJloaM9IkHfEiRMs9vGESGD_4uVzNWP2IRXOjzugqsGWWXaMmi2h_5llK_TfOfK94PqNMP_ZMczeV7zI8IQMwIA9Z2ag6JXvjEuuhW1HPFflbvs7SX-m-cqTfBvX41kXyevQa2cWQN7uE1y16PA_JMQfMMU76uN8zwVxX579bQNvzJzGMTx40yDAa-RZoA9UTkgFQqSSyNjqs7tGR7nmvs9X0McXZLWwIJawOpGFv5t1AXm5Oh2FIfLHnFfpOPcy3Uq4aWaFovOHqq1Ze_tO_L0G0jI1XKsggZDt4pU99rnzrRPES8H6ra-VGKC5_ZppqwOy9zOGx1P_6zw56NWRDOuMIqZCr5VuQhYJxh64AoW-QS-_1SDQi7FK7iy4m5uWyKcR2BLpbwicQ%26flowName%3DGeneralOAuthFlow%26as%3DS-1388806209%253A17872940746830",true,false
13,2668,"accounts.google.com/v3/signin/identifier?opparams=%253F&dsh=S-1388806209%3A1787294074683030&client_id=950472034074-acj262jqk6trve8i4ndsudqeokvh5pef.apps.googleusercontent.com&o2v=2&redirect_uri=https%3A%2F%2Fd3.delima.edu.my%2Fauthentication%2Fcode&response_type=code&scope=openid+email+profile&service=lso&state=e1efaeb63fe49afa7529ab01d821c0cf&flowName=GeneralOAuthFlow&continue=https%3A%2F%2Faccounts.google.com%2Fsignin%2Foauth%2Fconsent%3Fauthuser%3Dunknown%26part%3DAJi8hAM2bg5WBsLjrfapQyb6ng_uD6jeQrGPXeqzr899ejyfqnY-gPNFdIR6A6NUD66DmTuunpaDYN3PgTIEwxJloaM9IkHfEiRMs9vGESGD_4uVzNWP2IRXOjzugqsGWWXaMmi2h_5llK_TfOfK94PqNMP_ZMczeV7zI8IQMwIA9Z2ag6JXvjEuuhW1HPFflbvs7SX-m-cqTfBvX41kXyevQa2cWQN7uE1y16PA_JMQfMMU76uN8zwVxX579bQNvzJzGMTx40yDAa-RZoA9UTkgFQqSSyNjqs7tGR7nmvs9X0McXZLWwIJawOpGFv5t1AXm5Oh2FIfLHnFfpOPcy3Uq4aWaFovOHqq1Ze_tO_L0G0jI1XKsggZDt4pU99rnzrRPES8H6ra-VGKC5_ZppqwOy9zOGx1P_6zw56NWRDOuMIqZCr5VuQhYJxh64AoW-QS-_1SDQi7FK7iy4m5uWyKcR2BLpbwicQ%26flowName%3DGeneralOAuthFlow%26as%3DS-1388806209%253A17872940746830",true,false
13,2771,"Sign in - Google Accounts - Google Chrome",true,false
13,2879,"Sign in - Google Accounts - Google Chrome",true,false
13,3146,"Sign in - Google Accounts - Google Chrome",true,false
13,3257,"Sign in - Google Accounts - Google Chrome",true,false
13,3371,"Sign in - Google Accounts - Google Chrome",true,false
13,3485,"Sign in - Google Accounts - Google Chrome",true,false
13,3602,"Sign in - Google Accounts - Google Chrome",true,false
13,3716,"Sign in - Google Accounts - Google Chrome",true,false
13,3827,"Sign in - Google Accounts - Google Chrome",true,false
13,3932,"Sign in - Google Accounts - Google Chrome",true,false
13,4046,"Sign in - Google Accounts - Google Chrome",true,false
13,4161,"Sign in - Google Accounts - Google Chrome",true,false
13,4272,"Sign in - Google Accounts - Google Chrome",true,false
13,4378,"Sign in - Google Accounts - Google Chrome",true,false
13,4493,"Sign in - Google Accounts - Google Chrome",true,false
13,4599,"Sign in - Google Accounts - Google Chrome",true,false
13,4703,"Sign in - Google Accounts - Google Chrome",true,false
13,4816,"Sign in - Google Accounts - Google Chrome",true,false
13,4929,"Sign in - Google Accounts - Google Chrome",true,false
13,5042,"Sign in - Google Accounts - Google Chrome",true,false
13,5153,"Sign in - Google Accounts - Google Chrome",true,false
13,5256,"Sign in - Google Accounts - Google Chrome",true,false
13,5372,"Sign in - Google Accounts - Google Chrome",true,false
13,5481,"Hi RAJA MUHAMMAD AZRIEN BIN RAJA AZAMAN SHAH - Google Chrome",true,false
13,5586,"Hi RAJA MUHAMMAD AZRIEN BIN RAJA AZAMAN SHAH - Google Chrome",true,true
13,5702,"Hi RAJA MUHAMMAD AZRIEN BIN RAJA AZAMAN SHAH - Google Chrome",true,true
13,5807,"Hi RAJA MUHAMMAD AZRIEN BIN RAJA AZAMAN SHAH - Google Chrome",true,true
13,5915,"Hi RAJA MUHAMMAD AZRIEN BIN RAJA AZAMAN SHAH - Google Chrome",true,true
13,6021,"Hi RAJA MUHAMMAD AZRIEN BIN RAJA AZAMAN SHAH - Google Chrome",true,true
13,6245,"Hi RAJA MUHAMMAD AZRIEN BIN RAJA AZAMAN SHAH - Google Chrome",true,true
13,6350,"Hi RAJA MUHAMMAD AZRIEN BIN RAJA AZAMAN SHAH - Google Chrome",true,true
13,6457,"Hi RAJA MUHAMMAD AZRIEN BIN RAJA AZAMAN SHAH - Google Chrome",true,true
13,6562,"Hi RAJA MUHAMMAD AZRIEN BIN RAJA AZAMAN SHAH - Google Chrome",true,true
13,6674,"Hi RAJA MUHAMMAD AZRIEN BIN RAJA AZAMAN SHAH - Google Chrome",true,true
13,6781,"Hi RAJA MUHAMMAD AZRIEN BIN RAJA AZAMAN SHAH - Google Chrome",true,true
13,6887,"Hi RAJA MUHAMMAD AZRIEN BIN RAJA AZAMAN SHAH - Google Chrome",true,true
13,7000,"Hi RAJA MUHAMMAD AZRIEN BIN RAJA AZAMAN SHAH - Google Chrome",true,true
13,7102,"Hi RAJA MUHAMMAD AZRIEN BIN RAJA AZAMAN SHAH - Google Chrome",true,true
13,7203,"Hi RAJA MUHAMMAD AZRIEN BIN RAJA AZAMAN SHAH - Google Chrome",true,true
13,7305,"Hi RAJA MUHAMMAD AZRIEN BIN RAJA AZAMAN SHAH - Google Chrome",true,true
13,7411,"Hi RAJA MUHAMMAD AZRIEN BIN RAJA AZAMAN SHAH - Google Chrome",true,true
13,7515,"Hi RAJA MUHAMMAD AZRIEN BIN RAJA AZAMAN SHAH - Google Chrome",true,true
13,7617,"Hi RAJA MUHAMMAD AZRIEN BIN RAJA AZAMAN SHAH - Google Chrome",true,true
13,7721,"Hi RAJA MUHAMMAD AZRIEN BIN RAJA AZAMAN SHAH - Google Chrome",true,true
13,7832,"Hi RAJA MUHAMMAD AZRIEN BIN RAJA AZAMAN SHAH - Google Chrome",true,true
13,7938,"Hi RAJA MUHAMMAD AZRIEN BIN RAJA AZAMAN SHAH - Google Chrome",true,true
13,8042,"Hi RAJA MUHAMMAD AZRIEN BIN RAJA AZAMAN SHAH - Google Chrome",true,true
13,8143,"Hi RAJA MUHAMMAD AZRIEN BIN RAJA AZAMAN SHAH - Google Chrome",true,true
13,8251,"Hi RAJA MUHAMMAD AZRIEN BIN RAJA AZAMAN SHAH - Google Chrome",true,true
13,8363,"Hi RAJA MUHAMMAD AZRIEN BIN RAJA AZAMAN SHAH - Google Chrome",true,true
13,8465,"Hi RAJA MUHAMMAD AZRIEN BIN RAJA AZAMAN SHAH - Google Chrome",true,true
13,8577,"Hi RAJA MUHAMMAD AZRIEN BIN RAJA AZAMAN SHAH - Google Chrome",true,true
13,8681,"Hi RAJA MUHAMMAD AZRIEN BIN RAJA AZAMAN SHAH - Google Chrome",true,true
13,8783,"Hi RAJA MUHAMMAD AZRIEN BIN RAJA AZAMAN SHAH - Google Chrome",true,true
13,8888,"Hi RAJA MUHAMMAD AZRIEN BIN RAJA AZAMAN SHAH - Google Chrome",true,true
13,8994,"Delima-AutoLogin - Antigravity IDE - README.md",true,false
14,0,"Delima-AutoLogin - Antigravity IDE - README.md",true,false
14,108,"Delima-AutoLogin - Antigravity IDE - README.md",true,false
14,218,"Untitled - Google Chrome",true,false
14,361,"Untitled - Google Chrome",true,false
14,471,"Untitled - Google Chrome",true,false
14,586,"DELIMa 3.0 Digital Educational Learning Initiative Malaysia - Google Chrome",true,false
14,698,"DELIMa 3.0 Digital Educational Learning Initiative Malaysia - Google Chrome",true,false
14,800,"DELIMa 3.0 Digital Educational Learning Initiative Malaysia - Google Chrome",true,false
14,911,"DELIMa 3.0 Digital Educational Learning Initiative Malaysia - Google Chrome",true,false
14,1027,"DELIMa 3.0 Digital Educational Learning Initiative Malaysia - Google Chrome",true,false
14,1137,"DELIMa 3.0 Digital Educational Learning Initiative Malaysia - Google Chrome",true,false
14,1249,"DELIMa 3.0 Digital Educational Learning Initiative Malaysia - Google Chrome",true,false
14,1361,"DELIMa 3.0 Digital Educational Learning Initiative Malaysia - Google Chrome",true,false
14,1472,"DELIMa 3.0 Digital Educational Learning Initiative Malaysia - Google Chrome",true,false
14,1584,"DELIMa 3.0 Digital Educational Learning Initiative Malaysia - Google Chrome",true,false
14,1697,"DELIMa 3.0 Digital Educational Learning Initiative Malaysia - Google Chrome",true,false
14,1809,"DELIMa 3.0 Digital Educational Learning Initiative Malaysia - Google Chrome",true,false
14,1918,"DELIMa 3.0 Digital Educational Learning Initiative Malaysia - Google Chrome",true,false
14,2028,"DELIMa 3.0 Digital Educational Learning Initiative Malaysia - Google Chrome",true,false
14,2130,"DELIMa 3.0 Digital Educational Learning Initiative Malaysia - Google Chrome",true,false
14,2243,"DELIMa 3.0 Digital Educational Learning Initiative Malaysia - Google Chrome",true,false
14,2354,"DELIMa 3.0 Digital Educational Learning Initiative Malaysia - Google Chrome",true,false
14,2459,"DELIMa 3.0 Digital Educational Learning Initiative Malaysia - Google Chrome",true,false
14,2571,"DELIMa 3.0 Digital Educational Learning Initiative Malaysia - Google Chrome",true,false
14,2685,"DELIMa 3.0 Digital Educational Learning Initiative Malaysia - Google Chrome",true,false
14,2787,"DELIMa 3.0 Digital Educational Learning Initiative Malaysia - Google Chrome",true,false
14,2901,"DELIMa 3.0 Digital Educational Learning Initiative Malaysia - Google Chrome",true,false
14,3006,"DELIMa 3.0 Digital Educational Learning Initiative Malaysia - Google Chrome",true,false
14,3112,"DELIMa 3.0 Digital Educational Learning Initiative Malaysia - Google Chrome",true,false
14,3224,"DELIMa 3.0 Digital Educational Learning Initiative Malaysia - Google Chrome",true,false
14,3335,"DELIMa 3.0 Digital Educational Learning Initiative Malaysia - Google Chrome",true,false
14,3450,"DELIMa 3.0 Digital Educational Learning Initiative Malaysia - Google Chrome",true,false
14,3558,"DELIMa 3.0 Digital Educational Learning Initiative Malaysia - Google Chrome",true,false
14,3664,"DELIMa 3.0 Digital Educational Learning Initiative Malaysia - Google Chrome",true,false
14,3773,"DELIMa 3.0 Digital Educational Learning Initiative Malaysia - Google Chrome",true,false
14,3881,"DELIMa 3.0 Digital Educational Learning Initiative Malaysia - Google Chrome",true,false
14,3986,"DELIMa 3.0 Digital Educational Learning Initiative Malaysia - Google Chrome",true,false
14,4101,"DELIMa 3.0 Digital Educational Learning Initiative Malaysia - Google Chrome",true,false
14,4208,"accounts.google.com/v3/signin/identifier?opparams=%253F&dsh=S-1757832217%3A1787294083740131&client_id=950472034074-acj262jqk6trve8i4ndsudqeokvh5pef.apps.googleusercontent.com&o2v=2&redirect_uri=https%3A%2F%2Fd3.delima.edu.my%2Fauthentication%2Fcode&response_type=code&scope=openid+email+profile&service=lso&state=9621a2b9481e95e7be4850449a58ee16&flowName=GeneralOAuthFlow&continue=https%3A%2F%2Faccounts.google.com%2Fsignin%2Foauth%2Fconsent%3Fauthuser%3Dunknown%26part%3DAJi8hAOABVAW1TWnR7i5g2ZzyISMSA1B_38jzN0qBw54UmWYGr783wPTut-zGJp9l-QBEC1SccVweMdFuaynGzFsQ-XmPlqRKqvg8XhtenvE9Pgd416i3syRJlGypjvFqb6u9zOJTGa1DXKv6N-Z5mp2AfZdiau_XBQ6vnO6fggnNLRzoQM28gygHjp3qPlfdDHLnCAI36FNwAxOS92bvHHkI7Hz6mMpHSt7t2D4L18BJsnfz5lam-2c5P7EUlyAbHs1mQX2DGzEJIA9WKU1YZVgwWmEAZhBiNgtxkTRkalAZeMYXIO1ppIutrtX3Z0b_ompuOdpqUyyK26NvETiQrhL3FIJ9sz4JkPgDGKLDGae__Mkz7za8Y1GujZ61JaZVKiOBvWbvfjbroQeXa_L3H8dL0rFh21eSlyAxVNNwDNecM857DLe76Z5HzJJGwA9SzC6nFfMVMcXVZp1Wo_A0yLC6w6JzldfUA%26flowName%3DGeneralOAuthFlow%26as%3DS-1757832217%253A17872940837401",true,false
14,4320,"accounts.google.com/v3/signin/identifier?opparams=%253F&dsh=S-1757832217%3A1787294083740131&client_id=950472034074-acj262jqk6trve8i4ndsudqeokvh5pef.apps.googleusercontent.com&o2v=2&redirect_uri=https%3A%2F%2Fd3.delima.edu.my%2Fauthentication%2Fcode&response_type=code&scope=openid+email+profile&service=lso&state=9621a2b9481e95e7be4850449a58ee16&flowName=GeneralOAuthFlow&continue=https%3A%2F%2Faccounts.google.com%2Fsignin%2Foauth%2Fconsent%3Fauthuser%3Dunknown%26part%3DAJi8hAOABVAW1TWnR7i5g2ZzyISMSA1B_38jzN0qBw54UmWYGr783wPTut-zGJp9l-QBEC1SccVweMdFuaynGzFsQ-XmPlqRKqvg8XhtenvE9Pgd416i3syRJlGypjvFqb6u9zOJTGa1DXKv6N-Z5mp2AfZdiau_XBQ6vnO6fggnNLRzoQM28gygHjp3qPlfdDHLnCAI36FNwAxOS92bvHHkI7Hz6mMpHSt7t2D4L18BJsnfz5lam-2c5P7EUlyAbHs1mQX2DGzEJIA9WKU1YZVgwWmEAZhBiNgtxkTRkalAZeMYXIO1ppIutrtX3Z0b_ompuOdpqUyyK26NvETiQrhL3FIJ9sz4JkPgDGKLDGae__Mkz7za8Y1GujZ61JaZVKiOBvWbvfjbroQeXa_L3H8dL0rFh21eSlyAxVNNwDNecM857DLe76Z5HzJJGwA9SzC6nFfMVMcXVZp1Wo_A0yLC6w6JzldfUA%26flowName%3DGeneralOAuthFlow%26as%3DS-1757832217%253A17872940837401",true,false
14,4427,"accounts.google.com/v3/signin/identifier?opparams=%253F&dsh=S-1757832217%3A1787294083740131&client_id=950472034074-acj262jqk6trve8i4ndsudqeokvh5pef.apps.googleusercontent.com&o2v=2&redirect_uri=https%3A%2F%2Fd3.delima.edu.my%2Fauthentication%2Fcode&response_type=code&scope=openid+email+profile&service=lso&state=9621a2b9481e95e7be4850449a58ee16&flowName=GeneralOAuthFlow&continue=https%3A%2F%2Faccounts.google.com%2Fsignin%2Foauth%2Fconsent%3Fauthuser%3Dunknown%26part%3DAJi8hAOABVAW1TWnR7i5g2ZzyISMSA1B_38jzN0qBw54UmWYGr783wPTut-zGJp9l-QBEC1SccVweMdFuaynGzFsQ-XmPlqRKqvg8XhtenvE9Pgd416i3syRJlGypjvFqb6u9zOJTGa1DXKv6N-Z5mp2AfZdiau_XBQ6vnO6fggnNLRzoQM28gygHjp3qPlfdDHLnCAI36FNwAxOS92bvHHkI7Hz6mMpHSt7t2D4L18BJsnfz5lam-2c5P7EUlyAbHs1mQX2DGzEJIA9WKU1YZVgwWmEAZhBiNgtxkTRkalAZeMYXIO1ppIutrtX3Z0b_ompuOdpqUyyK26NvETiQrhL3FIJ9sz4JkPgDGKLDGae__Mkz7za8Y1GujZ61JaZVKiOBvWbvfjbroQeXa_L3H8dL0rFh21eSlyAxVNNwDNecM857DLe76Z5HzJJGwA9SzC6nFfMVMcXVZp1Wo_A0yLC6w6JzldfUA%26flowName%3DGeneralOAuthFlow%26as%3DS-1757832217%253A17872940837401",true,false
14,4541,"accounts.google.com/v3/signin/identifier?opparams=%253F&dsh=S-1757832217%3A1787294083740131&client_id=950472034074-acj262jqk6trve8i4ndsudqeokvh5pef.apps.googleusercontent.com&o2v=2&redirect_uri=https%3A%2F%2Fd3.delima.edu.my%2Fauthentication%2Fcode&response_type=code&scope=openid+email+profile&service=lso&state=9621a2b9481e95e7be4850449a58ee16&flowName=GeneralOAuthFlow&continue=https%3A%2F%2Faccounts.google.com%2Fsignin%2Foauth%2Fconsent%3Fauthuser%3Dunknown%26part%3DAJi8hAOABVAW1TWnR7i5g2ZzyISMSA1B_38jzN0qBw54UmWYGr783wPTut-zGJp9l-QBEC1SccVweMdFuaynGzFsQ-XmPlqRKqvg8XhtenvE9Pgd416i3syRJlGypjvFqb6u9zOJTGa1DXKv6N-Z5mp2AfZdiau_XBQ6vnO6fggnNLRzoQM28gygHjp3qPlfdDHLnCAI36FNwAxOS92bvHHkI7Hz6mMpHSt7t2D4L18BJsnfz5lam-2c5P7EUlyAbHs1mQX2DGzEJIA9WKU1YZVgwWmEAZhBiNgtxkTRkalAZeMYXIO1ppIutrtX3Z0b_ompuOdpqUyyK26NvETiQrhL3FIJ9sz4JkPgDGKLDGae__Mkz7za8Y1GujZ61JaZVKiOBvWbvfjbroQeXa_L3H8dL0rFh21eSlyAxVNNwDNecM857DLe76Z5HzJJGwA9SzC6nFfMVMcXVZp1Wo_A0yLC6w6JzldfUA%26flowName%3DGeneralOAuthFlow%26as%3DS-1757832217%253A17872940837401",true,false
14,4653,"accounts.google.com/v3/signin/identifier?opparams=%253F&dsh=S-1757832217%3A1787294083740131&client_id=950472034074-acj262jqk6trve8i4ndsudqeokvh5pef.apps.googleusercontent.com&o2v=2&redirect_uri=https%3A%2F%2Fd3.delima.edu.my%2Fauthentication%2Fcode&response_type=code&scope=openid+email+profile&service=lso&state=9621a2b9481e95e7be4850449a58ee16&flowName=GeneralOAuthFlow&continue=https%3A%2F%2Faccounts.google.com%2Fsignin%2Foauth%2Fconsent%3Fauthuser%3Dunknown%26part%3DAJi8hAOABVAW1TWnR7i5g2ZzyISMSA1B_38jzN0qBw54UmWYGr783wPTut-zGJp9l-QBEC1SccVweMdFuaynGzFsQ-XmPlqRKqvg8XhtenvE9Pgd416i3syRJlGypjvFqb6u9zOJTGa1DXKv6N-Z5mp2AfZdiau_XBQ6vnO6fggnNLRzoQM28gygHjp3qPlfdDHLnCAI36FNwAxOS92bvHHkI7Hz6mMpHSt7t2D4L18BJsnfz5lam-2c5P7EUlyAbHs1mQX2DGzEJIA9WKU1YZVgwWmEAZhBiNgtxkTRkalAZeMYXIO1ppIutrtX3Z0b_ompuOdpqUyyK26NvETiQrhL3FIJ9sz4JkPgDGKLDGae__Mkz7za8Y1GujZ61JaZVKiOBvWbvfjbroQeXa_L3H8dL0rFh21eSlyAxVNNwDNecM857DLe76Z5HzJJGwA9SzC6nFfMVMcXVZp1Wo_A0yLC6w6JzldfUA%26flowName%3DGeneralOAuthFlow%26as%3DS-1757832217%253A17872940837401",true,false
14,4759,"accounts.google.com/v3/signin/identifier?opparams=%253F&dsh=S-1757832217%3A1787294083740131&client_id=950472034074-acj262jqk6trve8i4ndsudqeokvh5pef.apps.googleusercontent.com&o2v=2&redirect_uri=https%3A%2F%2Fd3.delima.edu.my%2Fauthentication%2Fcode&response_type=code&scope=openid+email+profile&service=lso&state=9621a2b9481e95e7be4850449a58ee16&flowName=GeneralOAuthFlow&continue=https%3A%2F%2Faccounts.google.com%2Fsignin%2Foauth%2Fconsent%3Fauthuser%3Dunknown%26part%3DAJi8hAOABVAW1TWnR7i5g2ZzyISMSA1B_38jzN0qBw54UmWYGr783wPTut-zGJp9l-QBEC1SccVweMdFuaynGzFsQ-XmPlqRKqvg8XhtenvE9Pgd416i3syRJlGypjvFqb6u9zOJTGa1DXKv6N-Z5mp2AfZdiau_XBQ6vnO6fggnNLRzoQM28gygHjp3qPlfdDHLnCAI36FNwAxOS92bvHHkI7Hz6mMpHSt7t2D4L18BJsnfz5lam-2c5P7EUlyAbHs1mQX2DGzEJIA9WKU1YZVgwWmEAZhBiNgtxkTRkalAZeMYXIO1ppIutrtX3Z0b_ompuOdpqUyyK26NvETiQrhL3FIJ9sz4JkPgDGKLDGae__Mkz7za8Y1GujZ61JaZVKiOBvWbvfjbroQeXa_L3H8dL0rFh21eSlyAxVNNwDNecM857DLe76Z5HzJJGwA9SzC6nFfMVMcXVZp1Wo_A0yLC6w6JzldfUA%26flowName%3DGeneralOAuthFlow%26as%3DS-1757832217%253A17872940837401",true,false
14,4867,"accounts.google.com/v3/signin/identifier?opparams=%253F&dsh=S-1757832217%3A1787294083740131&client_id=950472034074-acj262jqk6trve8i4ndsudqeokvh5pef.apps.googleusercontent.com&o2v=2&redirect_uri=https%3A%2F%2Fd3.delima.edu.my%2Fauthentication%2Fcode&response_type=code&scope=openid+email+profile&service=lso&state=9621a2b9481e95e7be4850449a58ee16&flowName=GeneralOAuthFlow&continue=https%3A%2F%2Faccounts.google.com%2Fsignin%2Foauth%2Fconsent%3Fauthuser%3Dunknown%26part%3DAJi8hAOABVAW1TWnR7i5g2ZzyISMSA1B_38jzN0qBw54UmWYGr783wPTut-zGJp9l-QBEC1SccVweMdFuaynGzFsQ-XmPlqRKqvg8XhtenvE9Pgd416i3syRJlGypjvFqb6u9zOJTGa1DXKv6N-Z5mp2AfZdiau_XBQ6vnO6fggnNLRzoQM28gygHjp3qPlfdDHLnCAI36FNwAxOS92bvHHkI7Hz6mMpHSt7t2D4L18BJsnfz5lam-2c5P7EUlyAbHs1mQX2DGzEJIA9WKU1YZVgwWmEAZhBiNgtxkTRkalAZeMYXIO1ppIutrtX3Z0b_ompuOdpqUyyK26NvETiQrhL3FIJ9sz4JkPgDGKLDGae__Mkz7za8Y1GujZ61JaZVKiOBvWbvfjbroQeXa_L3H8dL0rFh21eSlyAxVNNwDNecM857DLe76Z5HzJJGwA9SzC6nFfMVMcXVZp1Wo_A0yLC6w6JzldfUA%26flowName%3DGeneralOAuthFlow%26as%3DS-1757832217%253A17872940837401",true,false
14,4977,"accounts.google.com/v3/signin/identifier?opparams=%253F&dsh=S-1757832217%3A1787294083740131&client_id=950472034074-acj262jqk6trve8i4ndsudqeokvh5pef.apps.googleusercontent.com&o2v=2&redirect_uri=https%3A%2F%2Fd3.delima.edu.my%2Fauthentication%2Fcode&response_type=code&scope=openid+email+profile&service=lso&state=9621a2b9481e95e7be4850449a58ee16&flowName=GeneralOAuthFlow&continue=https%3A%2F%2Faccounts.google.com%2Fsignin%2Foauth%2Fconsent%3Fauthuser%3Dunknown%26part%3DAJi8hAOABVAW1TWnR7i5g2ZzyISMSA1B_38jzN0qBw54UmWYGr783wPTut-zGJp9l-QBEC1SccVweMdFuaynGzFsQ-XmPlqRKqvg8XhtenvE9Pgd416i3syRJlGypjvFqb6u9zOJTGa1DXKv6N-Z5mp2AfZdiau_XBQ6vnO6fggnNLRzoQM28gygHjp3qPlfdDHLnCAI36FNwAxOS92bvHHkI7Hz6mMpHSt7t2D4L18BJsnfz5lam-2c5P7EUlyAbHs1mQX2DGzEJIA9WKU1YZVgwWmEAZhBiNgtxkTRkalAZeMYXIO1ppIutrtX3Z0b_ompuOdpqUyyK26NvETiQrhL3FIJ9sz4JkPgDGKLDGae__Mkz7za8Y1GujZ61JaZVKiOBvWbvfjbroQeXa_L3H8dL0rFh21eSlyAxVNNwDNecM857DLe76Z5HzJJGwA9SzC6nFfMVMcXVZp1Wo_A0yLC6w6JzldfUA%26flowName%3DGeneralOAuthFlow%26as%3DS-1757832217%253A17872940837401",true,false
14,5089,"accounts.google.com/v3/signin/identifier?opparams=%253F&dsh=S-1757832217%3A1787294083740131&client_id=950472034074-acj262jqk6trve8i4ndsudqeokvh5pef.apps.googleusercontent.com&o2v=2&redirect_uri=https%3A%2F%2Fd3.delima.edu.my%2Fauthentication%2Fcode&response_type=code&scope=openid+email+profile&service=lso&state=9621a2b9481e95e7be4850449a58ee16&flowName=GeneralOAuthFlow&continue=https%3A%2F%2Faccounts.google.com%2Fsignin%2Foauth%2Fconsent%3Fauthuser%3Dunknown%26part%3DAJi8hAOABVAW1TWnR7i5g2ZzyISMSA1B_38jzN0qBw54UmWYGr783wPTut-zGJp9l-QBEC1SccVweMdFuaynGzFsQ-XmPlqRKqvg8XhtenvE9Pgd416i3syRJlGypjvFqb6u9zOJTGa1DXKv6N-Z5mp2AfZdiau_XBQ6vnO6fggnNLRzoQM28gygHjp3qPlfdDHLnCAI36FNwAxOS92bvHHkI7Hz6mMpHSt7t2D4L18BJsnfz5lam-2c5P7EUlyAbHs1mQX2DGzEJIA9WKU1YZVgwWmEAZhBiNgtxkTRkalAZeMYXIO1ppIutrtX3Z0b_ompuOdpqUyyK26NvETiQrhL3FIJ9sz4JkPgDGKLDGae__Mkz7za8Y1GujZ61JaZVKiOBvWbvfjbroQeXa_L3H8dL0rFh21eSlyAxVNNwDNecM857DLe76Z5HzJJGwA9SzC6nFfMVMcXVZp1Wo_A0yLC6w6JzldfUA%26flowName%3DGeneralOAuthFlow%26as%3DS-1757832217%253A17872940837401",true,false
14,5201,"accounts.google.com/v3/signin/identifier?opparams=%253F&dsh=S-1757832217%3A1787294083740131&client_id=950472034074-acj262jqk6trve8i4ndsudqeokvh5pef.apps.googleusercontent.com&o2v=2&redirect_uri=https%3A%2F%2Fd3.delima.edu.my%2Fauthentication%2Fcode&response_type=code&scope=openid+email+profile&service=lso&state=9621a2b9481e95e7be4850449a58ee16&flowName=GeneralOAuthFlow&continue=https%3A%2F%2Faccounts.google.com%2Fsignin%2Foauth%2Fconsent%3Fauthuser%3Dunknown%26part%3DAJi8hAOABVAW1TWnR7i5g2ZzyISMSA1B_38jzN0qBw54UmWYGr783wPTut-zGJp9l-QBEC1SccVweMdFuaynGzFsQ-XmPlqRKqvg8XhtenvE9Pgd416i3syRJlGypjvFqb6u9zOJTGa1DXKv6N-Z5mp2AfZdiau_XBQ6vnO6fggnNLRzoQM28gygHjp3qPlfdDHLnCAI36FNwAxOS92bvHHkI7Hz6mMpHSt7t2D4L18BJsnfz5lam-2c5P7EUlyAbHs1mQX2DGzEJIA9WKU1YZVgwWmEAZhBiNgtxkTRkalAZeMYXIO1ppIutrtX3Z0b_ompuOdpqUyyK26NvETiQrhL3FIJ9sz4JkPgDGKLDGae__Mkz7za8Y1GujZ61JaZVKiOBvWbvfjbroQeXa_L3H8dL0rFh21eSlyAxVNNwDNecM857DLe76Z5HzJJGwA9SzC6nFfMVMcXVZp1Wo_A0yLC6w6JzldfUA%26flowName%3DGeneralOAuthFlow%26as%3DS-1757832217%253A17872940837401",true,false
14,5307,"accounts.google.com/v3/signin/identifier?opparams=%253F&dsh=S-1757832217%3A1787294083740131&client_id=950472034074-acj262jqk6trve8i4ndsudqeokvh5pef.apps.googleusercontent.com&o2v=2&redirect_uri=https%3A%2F%2Fd3.delima.edu.my%2Fauthentication%2Fcode&response_type=code&scope=openid+email+profile&service=lso&state=9621a2b9481e95e7be4850449a58ee16&flowName=GeneralOAuthFlow&continue=https%3A%2F%2Faccounts.google.com%2Fsignin%2Foauth%2Fconsent%3Fauthuser%3Dunknown%26part%3DAJi8hAOABVAW1TWnR7i5g2ZzyISMSA1B_38jzN0qBw54UmWYGr783wPTut-zGJp9l-QBEC1SccVweMdFuaynGzFsQ-XmPlqRKqvg8XhtenvE9Pgd416i3syRJlGypjvFqb6u9zOJTGa1DXKv6N-Z5mp2AfZdiau_XBQ6vnO6fggnNLRzoQM28gygHjp3qPlfdDHLnCAI36FNwAxOS92bvHHkI7Hz6mMpHSt7t2D4L18BJsnfz5lam-2c5P7EUlyAbHs1mQX2DGzEJIA9WKU1YZVgwWmEAZhBiNgtxkTRkalAZeMYXIO1ppIutrtX3Z0b_ompuOdpqUyyK26NvETiQrhL3FIJ9sz4JkPgDGKLDGae__Mkz7za8Y1GujZ61JaZVKiOBvWbvfjbroQeXa_L3H8dL0rFh21eSlyAxVNNwDNecM857DLe76Z5HzJJGwA9SzC6nFfMVMcXVZp1Wo_A0yLC6w6JzldfUA%26flowName%3DGeneralOAuthFlow%26as%3DS-1757832217%253A17872940837401",true,false
14,5424,"accounts.google.com/v3/signin/identifier?opparams=%253F&dsh=S-1757832217%3A1787294083740131&client_id=950472034074-acj262jqk6trve8i4ndsudqeokvh5pef.apps.googleusercontent.com&o2v=2&redirect_uri=https%3A%2F%2Fd3.delima.edu.my%2Fauthentication%2Fcode&response_type=code&scope=openid+email+profile&service=lso&state=9621a2b9481e95e7be4850449a58ee16&flowName=GeneralOAuthFlow&continue=https%3A%2F%2Faccounts.google.com%2Fsignin%2Foauth%2Fconsent%3Fauthuser%3Dunknown%26part%3DAJi8hAOABVAW1TWnR7i5g2ZzyISMSA1B_38jzN0qBw54UmWYGr783wPTut-zGJp9l-QBEC1SccVweMdFuaynGzFsQ-XmPlqRKqvg8XhtenvE9Pgd416i3syRJlGypjvFqb6u9zOJTGa1DXKv6N-Z5mp2AfZdiau_XBQ6vnO6fggnNLRzoQM28gygHjp3qPlfdDHLnCAI36FNwAxOS92bvHHkI7Hz6mMpHSt7t2D4L18BJsnfz5lam-2c5P7EUlyAbHs1mQX2DGzEJIA9WKU1YZVgwWmEAZhBiNgtxkTRkalAZeMYXIO1ppIutrtX3Z0b_ompuOdpqUyyK26NvETiQrhL3FIJ9sz4JkPgDGKLDGae__Mkz7za8Y1GujZ61JaZVKiOBvWbvfjbroQeXa_L3H8dL0rFh21eSlyAxVNNwDNecM857DLe76Z5HzJJGwA9SzC6nFfMVMcXVZp1Wo_A0yLC6w6JzldfUA%26flowName%3DGeneralOAuthFlow%26as%3DS-1757832217%253A17872940837401",true,false
14,5535,"accounts.google.com/v3/signin/identifier?opparams=%253F&dsh=S-1757832217%3A1787294083740131&client_id=950472034074-acj262jqk6trve8i4ndsudqeokvh5pef.apps.googleusercontent.com&o2v=2&redirect_uri=https%3A%2F%2Fd3.delima.edu.my%2Fauthentication%2Fcode&response_type=code&scope=openid+email+profile&service=lso&state=9621a2b9481e95e7be4850449a58ee16&flowName=GeneralOAuthFlow&continue=https%3A%2F%2Faccounts.google.com%2Fsignin%2Foauth%2Fconsent%3Fauthuser%3Dunknown%26part%3DAJi8hAOABVAW1TWnR7i5g2ZzyISMSA1B_38jzN0qBw54UmWYGr783wPTut-zGJp9l-QBEC1SccVweMdFuaynGzFsQ-XmPlqRKqvg8XhtenvE9Pgd416i3syRJlGypjvFqb6u9zOJTGa1DXKv6N-Z5mp2AfZdiau_XBQ6vnO6fggnNLRzoQM28gygHjp3qPlfdDHLnCAI36FNwAxOS92bvHHkI7Hz6mMpHSt7t2D4L18BJsnfz5lam-2c5P7EUlyAbHs1mQX2DGzEJIA9WKU1YZVgwWmEAZhBiNgtxkTRkalAZeMYXIO1ppIutrtX3Z0b_ompuOdpqUyyK26NvETiQrhL3FIJ9sz4JkPgDGKLDGae__Mkz7za8Y1GujZ61JaZVKiOBvWbvfjbroQeXa_L3H8dL0rFh21eSlyAxVNNwDNecM857DLe76Z5HzJJGwA9SzC6nFfMVMcXVZp1Wo_A0yLC6w6JzldfUA%26flowName%3DGeneralOAuthFlow%26as%3DS-1757832217%253A17872940837401",true,false
14,5651,"accounts.google.com/v3/signin/identifier?opparams=%253F&dsh=S-1757832217%3A1787294083740131&client_id=950472034074-acj262jqk6trve8i4ndsudqeokvh5pef.apps.googleusercontent.com&o2v=2&redirect_uri=https%3A%2F%2Fd3.delima.edu.my%2Fauthentication%2Fcode&response_type=code&scope=openid+email+profile&service=lso&state=9621a2b9481e95e7be4850449a58ee16&flowName=GeneralOAuthFlow&continue=https%3A%2F%2Faccounts.google.com%2Fsignin%2Foauth%2Fconsent%3Fauthuser%3Dunknown%26part%3DAJi8hAOABVAW1TWnR7i5g2ZzyISMSA1B_38jzN0qBw54UmWYGr783wPTut-zGJp9l-QBEC1SccVweMdFuaynGzFsQ-XmPlqRKqvg8XhtenvE9Pgd416i3syRJlGypjvFqb6u9zOJTGa1DXKv6N-Z5mp2AfZdiau_XBQ6vnO6fggnNLRzoQM28gygHjp3qPlfdDHLnCAI36FNwAxOS92bvHHkI7Hz6mMpHSt7t2D4L18BJsnfz5lam-2c5P7EUlyAbHs1mQX2DGzEJIA9WKU1YZVgwWmEAZhBiNgtxkTRkalAZeMYXIO1ppIutrtX3Z0b_ompuOdpqUyyK26NvETiQrhL3FIJ9sz4JkPgDGKLDGae__Mkz7za8Y1GujZ61JaZVKiOBvWbvfjbroQeXa_L3H8dL0rFh21eSlyAxVNNwDNecM857DLe76Z5HzJJGwA9SzC6nFfMVMcXVZp1Wo_A0yLC6w6JzldfUA%26flowName%3DGeneralOAuthFlow%26as%3DS-1757832217%253A17872940837401",true,false
14,5759,"accounts.google.com/v3/signin/identifier?opparams=%253F&dsh=S-1757832217%3A1787294083740131&client_id=950472034074-acj262jqk6trve8i4ndsudqeokvh5pef.apps.googleusercontent.com&o2v=2&redirect_uri=https%3A%2F%2Fd3.delima.edu.my%2Fauthentication%2Fcode&response_type=code&scope=openid+email+profile&service=lso&state=9621a2b9481e95e7be4850449a58ee16&flowName=GeneralOAuthFlow&continue=https%3A%2F%2Faccounts.google.com%2Fsignin%2Foauth%2Fconsent%3Fauthuser%3Dunknown%26part%3DAJi8hAOABVAW1TWnR7i5g2ZzyISMSA1B_38jzN0qBw54UmWYGr783wPTut-zGJp9l-QBEC1SccVweMdFuaynGzFsQ-XmPlqRKqvg8XhtenvE9Pgd416i3syRJlGypjvFqb6u9zOJTGa1DXKv6N-Z5mp2AfZdiau_XBQ6vnO6fggnNLRzoQM28gygHjp3qPlfdDHLnCAI36FNwAxOS92bvHHkI7Hz6mMpHSt7t2D4L18BJsnfz5lam-2c5P7EUlyAbHs1mQX2DGzEJIA9WKU1YZVgwWmEAZhBiNgtxkTRkalAZeMYXIO1ppIutrtX3Z0b_ompuOdpqUyyK26NvETiQrhL3FIJ9sz4JkPgDGKLDGae__Mkz7za8Y1GujZ61JaZVKiOBvWbvfjbroQeXa_L3H8dL0rFh21eSlyAxVNNwDNecM857DLe76Z5HzJJGwA9SzC6nFfMVMcXVZp1Wo_A0yLC6w6JzldfUA%26flowName%3DGeneralOAuthFlow%26as%3DS-1757832217%253A17872940837401",true,false
14,5868,"accounts.google.com/v3/signin/identifier?opparams=%253F&dsh=S-1757832217%3A1787294083740131&client_id=950472034074-acj262jqk6trve8i4ndsudqeokvh5pef.apps.googleusercontent.com&o2v=2&redirect_uri=https%3A%2F%2Fd3.delima.edu.my%2Fauthentication%2Fcode&response_type=code&scope=openid+email+profile&service=lso&state=9621a2b9481e95e7be4850449a58ee16&flowName=GeneralOAuthFlow&continue=https%3A%2F%2Faccounts.google.com%2Fsignin%2Foauth%2Fconsent%3Fauthuser%3Dunknown%26part%3DAJi8hAOABVAW1TWnR7i5g2ZzyISMSA1B_38jzN0qBw54UmWYGr783wPTut-zGJp9l-QBEC1SccVweMdFuaynGzFsQ-XmPlqRKqvg8XhtenvE9Pgd416i3syRJlGypjvFqb6u9zOJTGa1DXKv6N-Z5mp2AfZdiau_XBQ6vnO6fggnNLRzoQM28gygHjp3qPlfdDHLnCAI36FNwAxOS92bvHHkI7Hz6mMpHSt7t2D4L18BJsnfz5lam-2c5P7EUlyAbHs1mQX2DGzEJIA9WKU1YZVgwWmEAZhBiNgtxkTRkalAZeMYXIO1ppIutrtX3Z0b_ompuOdpqUyyK26NvETiQrhL3FIJ9sz4JkPgDGKLDGae__Mkz7za8Y1GujZ61JaZVKiOBvWbvfjbroQeXa_L3H8dL0rFh21eSlyAxVNNwDNecM857DLe76Z5HzJJGwA9SzC6nFfMVMcXVZp1Wo_A0yLC6w6JzldfUA%26flowName%3DGeneralOAuthFlow%26as%3DS-1757832217%253A17872940837401",true,false
14,5972,"accounts.google.com/v3/signin/identifier?opparams=%253F&dsh=S-1757832217%3A1787294083740131&client_id=950472034074-acj262jqk6trve8i4ndsudqeokvh5pef.apps.googleusercontent.com&o2v=2&redirect_uri=https%3A%2F%2Fd3.delima.edu.my%2Fauthentication%2Fcode&response_type=code&scope=openid+email+profile&service=lso&state=9621a2b9481e95e7be4850449a58ee16&flowName=GeneralOAuthFlow&continue=https%3A%2F%2Faccounts.google.com%2Fsignin%2Foauth%2Fconsent%3Fauthuser%3Dunknown%26part%3DAJi8hAOABVAW1TWnR7i5g2ZzyISMSA1B_38jzN0qBw54UmWYGr783wPTut-zGJp9l-QBEC1SccVweMdFuaynGzFsQ-XmPlqRKqvg8XhtenvE9Pgd416i3syRJlGypjvFqb6u9zOJTGa1DXKv6N-Z5mp2AfZdiau_XBQ6vnO6fggnNLRzoQM28gygHjp3qPlfdDHLnCAI36FNwAxOS92bvHHkI7Hz6mMpHSt7t2D4L18BJsnfz5lam-2c5P7EUlyAbHs1mQX2DGzEJIA9WKU1YZVgwWmEAZhBiNgtxkTRkalAZeMYXIO1ppIutrtX3Z0b_ompuOdpqUyyK26NvETiQrhL3FIJ9sz4JkPgDGKLDGae__Mkz7za8Y1GujZ61JaZVKiOBvWbvfjbroQeXa_L3H8dL0rFh21eSlyAxVNNwDNecM857DLe76Z5HzJJGwA9SzC6nFfMVMcXVZp1Wo_A0yLC6w6JzldfUA%26flowName%3DGeneralOAuthFlow%26as%3DS-1757832217%253A17872940837401",true,false
14,6080,"accounts.google.com/v3/signin/identifier?opparams=%253F&dsh=S-1757832217%3A1787294083740131&client_id=950472034074-acj262jqk6trve8i4ndsudqeokvh5pef.apps.googleusercontent.com&o2v=2&redirect_uri=https%3A%2F%2Fd3.delima.edu.my%2Fauthentication%2Fcode&response_type=code&scope=openid+email+profile&service=lso&state=9621a2b9481e95e7be4850449a58ee16&flowName=GeneralOAuthFlow&continue=https%3A%2F%2Faccounts.google.com%2Fsignin%2Foauth%2Fconsent%3Fauthuser%3Dunknown%26part%3DAJi8hAOABVAW1TWnR7i5g2ZzyISMSA1B_38jzN0qBw54UmWYGr783wPTut-zGJp9l-QBEC1SccVweMdFuaynGzFsQ-XmPlqRKqvg8XhtenvE9Pgd416i3syRJlGypjvFqb6u9zOJTGa1DXKv6N-Z5mp2AfZdiau_XBQ6vnO6fggnNLRzoQM28gygHjp3qPlfdDHLnCAI36FNwAxOS92bvHHkI7Hz6mMpHSt7t2D4L18BJsnfz5lam-2c5P7EUlyAbHs1mQX2DGzEJIA9WKU1YZVgwWmEAZhBiNgtxkTRkalAZeMYXIO1ppIutrtX3Z0b_ompuOdpqUyyK26NvETiQrhL3FIJ9sz4JkPgDGKLDGae__Mkz7za8Y1GujZ61JaZVKiOBvWbvfjbroQeXa_L3H8dL0rFh21eSlyAxVNNwDNecM857DLe76Z5HzJJGwA9SzC6nFfMVMcXVZp1Wo_A0yLC6w6JzldfUA%26flowName%3DGeneralOAuthFlow%26as%3DS-1757832217%253A17872940837401",true,false
14,6188,"Sign in - Google Accounts - Google Chrome",true,false
14,6293,"Sign in - Google Accounts - Google Chrome",true,false
14,6396,"Sign in - Google Accounts - Google Chrome",true,false
14,6498,"Sign in - Google Accounts - Google Chrome",true,false
14,6603,"Sign in - Google Accounts - Google Chrome",true,false
14,6704,"Sign in - Google Accounts - Google Chrome",true,false
14,6807,"Sign in - Google Accounts - Google Chrome",true,false
14,6911,"Sign in - Google Accounts - Google Chrome",true,false
14,7249,"Sign in - Google Accounts - Google Chrome",true,false
14,7356,"Sign in - Google Accounts - Google Chrome",true,false
14,7462,"Sign in - Google Accounts - Google Chrome",true,false
14,7570,"Sign in - Google Accounts - Google Chrome",true,false
14,7672,"Sign in - Google Accounts - Google Chrome",true,false
14,7778,"Sign in - Google Accounts - Google Chrome",true,false
14,7893,"Sign in - Google Accounts - Google Chrome",true,false
14,7995,"Sign in - Google Accounts - Google Chrome",true,false
14,8109,"Sign in - Google Accounts - Google Chrome",true,false
14,8213,"Sign in - Google Accounts - Google Chrome",true,false
14,8320,"Sign in - Google Accounts - Google Chrome",true,false
14,8422,"Sign in - Google Accounts - Google Chrome",true,false
14,8535,"Sign in - Google Accounts - Google Chrome",true,false
14,8642,"Sign in - Google Accounts - Google Chrome",true,false
14,8747,"Sign in - Google Accounts - Google Chrome",true,false
14,8851,"Sign in - Google Accounts - Google Chrome",true,false
14,8964,"Sign in - Google Accounts - Google Chrome",true,false
14,9066,"Sign in - Google Accounts - Google Chrome",true,false
14,9172,"Sign in - Google Accounts - Google Chrome",true,false
14,9286,"Sign in - Google Accounts - Google Chrome",true,false
14,9397,"Sign in - Google Accounts - Google Chrome",true,false
14,9501,"Sign in - Google Accounts - Google Chrome",true,false
14,9614,"Sign in - Google Accounts - Google Chrome",true,false
14,9722,"Sign in - Google Accounts - Google Chrome",true,false
14,9835,"Sign in - Google Accounts - Google Chrome",true,false
14,9947,"Sign in - Google Accounts - Google Chrome",true,false
14,10055,"Sign in - Google Accounts - Google Chrome",true,false
14,10157,"Sign in - Google Accounts - Google Chrome",true,false
14,10262,"Hi RAJA MUHAMMAD AZRIEN BIN RAJA AZAMAN SHAH - Google Chrome",true,false
14,10365,"Hi RAJA MUHAMMAD AZRIEN BIN RAJA AZAMAN SHAH - Google Chrome",true,false
14,10486,"Hi RAJA MUHAMMAD AZRIEN BIN RAJA AZAMAN SHAH - Google Chrome",true,true
14,10588,"Hi RAJA MUHAMMAD AZRIEN BIN RAJA AZAMAN SHAH - Google Chrome",true,true
14,10697,"Hi RAJA MUHAMMAD AZRIEN BIN RAJA AZAMAN SHAH - Google Chrome",true,true
14,10805,"Hi RAJA MUHAMMAD AZRIEN BIN RAJA AZAMAN SHAH - Google Chrome",true,true
14,10912,"Hi RAJA MUHAMMAD AZRIEN BIN RAJA AZAMAN SHAH - Google Chrome",true,true
14,11019,"Hi RAJA MUHAMMAD AZRIEN BIN RAJA AZAMAN SHAH - Google Chrome",true,true
14,11123,"Hi RAJA MUHAMMAD AZRIEN BIN RAJA AZAMAN SHAH - Google Chrome",true,true
14,11230,"Hi RAJA MUHAMMAD AZRIEN BIN RAJA AZAMAN SHAH - Google Chrome",true,true
14,11339,"Hi RAJA MUHAMMAD AZRIEN BIN RAJA AZAMAN SHAH - Google Chrome",true,true
14,11446,"Hi RAJA MUHAMMAD AZRIEN BIN RAJA AZAMAN SHAH - Google Chrome",true,true
14,11551,"Hi RAJA MUHAMMAD AZRIEN BIN RAJA AZAMAN SHAH - Google Chrome",true,true
14,11657,"Hi RAJA MUHAMMAD AZRIEN BIN RAJA AZAMAN SHAH - Google Chrome",true,true
14,11771,"Hi RAJA MUHAMMAD AZRIEN BIN RAJA AZAMAN SHAH - Google Chrome",true,true
14,11875,"Hi RAJA MUHAMMAD AZRIEN BIN RAJA AZAMAN SHAH - Google Chrome",true,true
14,11982,"Hi RAJA MUHAMMAD AZRIEN BIN RAJA AZAMAN SHAH - Google Chrome",true,true
14,12085,"Hi RAJA MUHAMMAD AZRIEN BIN RAJA AZAMAN SHAH - Google Chrome",true,true
14,12195,"Hi RAJA MUHAMMAD AZRIEN BIN RAJA AZAMAN SHAH - Google Chrome",true,true
14,12301,"Hi RAJA MUHAMMAD AZRIEN BIN RAJA AZAMAN SHAH - Google Chrome",true,true
14,12418,"Hi RAJA MUHAMMAD AZRIEN BIN RAJA AZAMAN SHAH - Google Chrome",true,true
14,12527,"Hi RAJA MUHAMMAD AZRIEN BIN RAJA AZAMAN SHAH - Google Chrome",true,true
14,12699,"Hi RAJA MUHAMMAD AZRIEN BIN RAJA AZAMAN SHAH - Google Chrome",false,
15,0,"Delima-AutoLogin - Antigravity IDE - README.md",true,false
15,117,"Delima-AutoLogin - Antigravity IDE - README.md",true,false
15,221,"Untitled - Google Chrome",true,false
15,378,"Untitled - Google Chrome",true,false
15,491,"Untitled - Google Chrome",true,false
15,608,"DELIMa 3.0 Digital Educational Learning Initiative Malaysia - Google Chrome",true,false
15,719,"DELIMa 3.0 Digital Educational Learning Initiative Malaysia - Google Chrome",true,false
15,825,"DELIMa 3.0 Digital Educational Learning Initiative Malaysia - Google Chrome",true,false
15,941,"DELIMa 3.0 Digital Educational Learning Initiative Malaysia - Google Chrome",true,false
15,1046,"DELIMa 3.0 Digital Educational Learning Initiative Malaysia - Google Chrome",true,false
15,1159,"DELIMa 3.0 Digital Educational Learning Initiative Malaysia - Google Chrome",true,false
15,1262,"DELIMa 3.0 Digital Educational Learning Initiative Malaysia - Google Chrome",true,false
15,1368,"DELIMa 3.0 Digital Educational Learning Initiative Malaysia - Google Chrome",true,false
15,1477,"DELIMa 3.0 Digital Educational Learning Initiative Malaysia - Google Chrome",true,false
15,1592,"DELIMa 3.0 Digital Educational Learning Initiative Malaysia - Google Chrome",true,false
15,1698,"Delima-AutoLogin - Antigravity IDE - README.md",true,false
16,0,"Delima-AutoLogin - Antigravity IDE - README.md",true,false
16,111,"Delima-AutoLogin - Antigravity IDE - README.md",true,false
16,222,"Untitled - Google Chrome",true,false
16,366,"Untitled - Google Chrome",true,false
16,481,"Untitled - Google Chrome",true,false
16,588,"DELIMa 3.0 Digital Educational Learning Initiative Malaysia - Google Chrome",true,false
16,691,"DELIMa 3.0 Digital Educational Learning Initiative Malaysia - Google Chrome",true,false
16,798,"DELIMa 3.0 Digital Educational Learning Initiative Malaysia - Google Chrome",true,false
16,914,"DELIMa 3.0 Digital Educational Learning Initiative Malaysia - Google Chrome",true,false
16,1029,"DELIMa 3.0 Digital Educational Learning Initiative Malaysia - Google Chrome",true,false
16,1132,"DELIMa 3.0 Digital Educational Learning Initiative Malaysia - Google Chrome",true,false
16,1247,"DELIMa 3.0 Digital Educational Learning Initiative Malaysia - Google Chrome",true,false
16,1359,"DELIMa 3.0 Digital Educational Learning Initiative Malaysia - Google Chrome",true,false
16,1475,"DELIMa 3.0 Digital Educational Learning Initiative Malaysia - Google Chrome",true,false
16,1589,"DELIMa 3.0 Digital Educational Learning Initiative Malaysia - Google Chrome",true,false
16,1700,"DELIMa 3.0 Digital Educational Learning Initiative Malaysia - Google Chrome",true,false
16,1812,"DELIMa 3.0 Digital Educational Learning Initiative Malaysia - Google Chrome",true,false
16,1924,"DELIMa 3.0 Digital Educational Learning Initiative Malaysia - Google Chrome",true,false
16,2037,"DELIMa 3.0 Digital Educational Learning Initiative Malaysia - Google Chrome",true,false
16,2146,"DELIMa 3.0 Digital Educational Learning Initiative Malaysia - Google Chrome",true,false
16,2258,"Translate this page?",true,false
16,2364,"Translate this page?",true,false
16,2478,"DELIMa 3.0 Digital Educational Learning Initiative Malaysia - Google Chrome",true,false
16,2592,"DELIMa 3.0 Digital Educational Learning Initiative Malaysia - Google Chrome",true,false
16,2709,"DELIMa 3.0 Digital Educational Learning Initiative Malaysia - Google Chrome",true,false
16,2819,"DELIMa 3.0 Digital Educational Learning Initiative Malaysia - Google Chrome",true,false
16,2931,"accounts.google.com/v3/signin/identifier?opparams=%253F&dsh=S319551988%3A1787294101085313&client_id=950472034074-acj262jqk6trve8i4ndsudqeokvh5pef.apps.googleusercontent.com&o2v=2&redirect_uri=https%3A%2F%2Fd3.delima.edu.my%2Fauthentication%2Fcode&response_type=code&scope=openid+email+profile&service=lso&state=d4a65ae3ca69cf4d03fc17539d2ef3ec&flowName=GeneralOAuthFlow&continue=https%3A%2F%2Faccounts.google.com%2Fsignin%2Foauth%2Fconsent%3Fauthuser%3Dunknown%26part%3DAJi8hAPjWO3G-EdIT8RGTtBL5YHFy--mCcuAjBLzDpyjwdnu8mrddpPOcDkFyOZcBq9KAmfReQsTn0IpHnWsP34MCSnihp6pfgHDJjxBtdv6Oaxa4fnMw9t0Tzmx0LTji7WpvVLPy9z6o3Njry8aQ-F9sOoqNC5Ls0WFiOK6zMaT1ZlHCyF7cl0D65mOTxtDBcXb0UJqgPO3DiRo4h8xutjfDO-YYwQadS_q6ka6kWJWPOCVIy93QclwLDIdcjIJwhOqT5K6FEOJ034yP-2mSrLRdu0SeIaPx1wXUX08uy6xhZI5jxrbu8j1aXL2Z7w57bkTusorFipo3Z3zyFl8vsGHkCqb-CcL-Sj-hMbqaKXddAhreHm-COueHFjdNCwK6OEd1bqdaAle8Ty_29bw9obcmRBkfbsC_U9DQOJ6j04-OqORbjAPeW41ooHb1a2h-q7l28PZJ1D1O50ec9q2qUQ6KYX9qU0Vxg%26flowName%3DGeneralOAuthFlow%26as%3DS319551988%253A1787294101085313%2",true,false
16,3044,"accounts.google.com/v3/signin/identifier?opparams=%253F&dsh=S319551988%3A1787294101085313&client_id=950472034074-acj262jqk6trve8i4ndsudqeokvh5pef.apps.googleusercontent.com&o2v=2&redirect_uri=https%3A%2F%2Fd3.delima.edu.my%2Fauthentication%2Fcode&response_type=code&scope=openid+email+profile&service=lso&state=d4a65ae3ca69cf4d03fc17539d2ef3ec&flowName=GeneralOAuthFlow&continue=https%3A%2F%2Faccounts.google.com%2Fsignin%2Foauth%2Fconsent%3Fauthuser%3Dunknown%26part%3DAJi8hAPjWO3G-EdIT8RGTtBL5YHFy--mCcuAjBLzDpyjwdnu8mrddpPOcDkFyOZcBq9KAmfReQsTn0IpHnWsP34MCSnihp6pfgHDJjxBtdv6Oaxa4fnMw9t0Tzmx0LTji7WpvVLPy9z6o3Njry8aQ-F9sOoqNC5Ls0WFiOK6zMaT1ZlHCyF7cl0D65mOTxtDBcXb0UJqgPO3DiRo4h8xutjfDO-YYwQadS_q6ka6kWJWPOCVIy93QclwLDIdcjIJwhOqT5K6FEOJ034yP-2mSrLRdu0SeIaPx1wXUX08uy6xhZI5jxrbu8j1aXL2Z7w57bkTusorFipo3Z3zyFl8vsGHkCqb-CcL-Sj-hMbqaKXddAhreHm-COueHFjdNCwK6OEd1bqdaAle8Ty_29bw9obcmRBkfbsC_U9DQOJ6j04-OqORbjAPeW41ooHb1a2h-q7l28PZJ1D1O50ec9q2qUQ6KYX9qU0Vxg%26flowName%3DGeneralOAuthFlow%26as%3DS319551988%253A1787294101085313%2",true,false
16,3147,"Sign in - Google Accounts - Google Chrome",true,false
16,3250,"Sign in - Google Accounts - Google Chrome",true,false
16,3565,"Sign in - Google Accounts - Google Chrome",true,false
16,3668,"Sign in - Google Accounts - Google Chrome",true,false
16,3784,"Sign in - Google Accounts - Google Chrome",true,false
16,3887,"Sign in - Google Accounts - Google Chrome",true,false
16,4000,"Sign in - Google Accounts - Google Chrome",true,false
16,4106,"Sign in - Google Accounts - Google Chrome",true,false
16,4208,"Sign in - Google Accounts - Google Chrome",true,false
16,4314,"Sign in - Google Accounts - Google Chrome",true,false
16,4428,"Sign in - Google Accounts - Google Chrome",true,false
16,4533,"Sign in - Google Accounts - Google Chrome",true,false
16,4640,"Sign in - Google Accounts - Google Chrome",true,false
16,4750,"Sign in - Google Accounts - Google Chrome",true,false
16,4854,"Sign in - Google Accounts - Google Chrome",true,false
16,4970,"Sign in - Google Accounts - Google Chrome",true,false
16,5073,"Sign in - Google Accounts - Google Chrome",true,false
16,5179,"Sign in - Google Accounts - Google Chrome",true,false
16,5294,"Sign in - Google Accounts - Google Chrome",true,false
16,5408,"Sign in - Google Accounts - Google Chrome",true,false
16,5524,"Sign in - Google Accounts - Google Chrome",true,false
16,5630,"Sign in - Google Accounts - Google Chrome",true,false
16,5744,"Sign in - Google Accounts - Google Chrome",true,false
16,5858,"Sign in - Google Accounts - Google Chrome",true,false
16,5971,"Sign in - Google Accounts - Google Chrome",true,false
16,6090,"Sign in - Google Accounts - Google Chrome",true,false
16,6201,"Sign in - Google Accounts - Google Chrome",true,false
16,6309,"Hi RAJA MUHAMMAD AZRIEN BIN RAJA AZAMAN SHAH - Google Chrome",true,false
16,6413,"Hi RAJA MUHAMMAD AZRIEN BIN RAJA AZAMAN SHAH - Google Chrome",true,false
16,6524,"Hi RAJA MUHAMMAD AZRIEN BIN RAJA AZAMAN SHAH - Google Chrome",true,false
16,6633,"Hi RAJA MUHAMMAD AZRIEN BIN RAJA AZAMAN SHAH - Google Chrome",true,true
16,6739,"Hi RAJA MUHAMMAD AZRIEN BIN RAJA AZAMAN SHAH - Google Chrome",true,true
16,6841,"Hi RAJA MUHAMMAD AZRIEN BIN RAJA AZAMAN SHAH - Google Chrome",true,true
16,6955,"Hi RAJA MUHAMMAD AZRIEN BIN RAJA AZAMAN SHAH - Google Chrome",true,true
16,7071,"Hi RAJA MUHAMMAD AZRIEN BIN RAJA AZAMAN SHAH - Google Chrome",true,true
16,7179,"Hi RAJA MUHAMMAD AZRIEN BIN RAJA AZAMAN SHAH - Google Chrome",true,true
16,7293,"Hi RAJA MUHAMMAD AZRIEN BIN RAJA AZAMAN SHAH - Google Chrome",true,true
16,7404,"Hi RAJA MUHAMMAD AZRIEN BIN RAJA AZAMAN SHAH - Google Chrome",true,true
16,7516,"Hi RAJA MUHAMMAD AZRIEN BIN RAJA AZAMAN SHAH - Google Chrome",true,true
16,7628,"Hi RAJA MUHAMMAD AZRIEN BIN RAJA AZAMAN SHAH - Google Chrome",true,true
16,7734,"Hi RAJA MUHAMMAD AZRIEN BIN RAJA AZAMAN SHAH - Google Chrome",true,true
16,7837,"Hi RAJA MUHAMMAD AZRIEN BIN RAJA AZAMAN SHAH - Google Chrome",true,true
16,7942,"Hi RAJA MUHAMMAD AZRIEN BIN RAJA AZAMAN SHAH - Google Chrome",true,true
16,8054,"Hi RAJA MUHAMMAD AZRIEN BIN RAJA AZAMAN SHAH - Google Chrome",true,true
16,8158,"Hi RAJA MUHAMMAD AZRIEN BIN RAJA AZAMAN SHAH - Google Chrome",true,true
16,8271,"Hi RAJA MUHAMMAD AZRIEN BIN RAJA AZAMAN SHAH - Google Chrome",true,true
16,8376,"Hi RAJA MUHAMMAD AZRIEN BIN RAJA AZAMAN SHAH - Google Chrome",true,true
16,8478,"Delima-AutoLogin - Antigravity IDE - README.md",true,false
16,8582,"Delima-AutoLogin - Antigravity IDE - README.md",true,false
17,0,"Delima-AutoLogin - Antigravity IDE - README.md",true,false
17,101,"Delima-AutoLogin - Antigravity IDE - README.md",true,false
17,215,"Untitled - Google Chrome",true,false
17,390,"Untitled - Google Chrome",true,false
17,508,"Untitled - Google Chrome",true,false
17,625,"DELIMa 3.0 Digital Educational Learning Initiative Malaysia - Google Chrome",true,false
17,734,"DELIMa 3.0 Digital Educational Learning Initiative Malaysia - Google Chrome",true,false
17,851,"DELIMa 3.0 Digital Educational Learning Initiative Malaysia - Google Chrome",true,false
17,965,"DELIMa 3.0 Digital Educational Learning Initiative Malaysia - Google Chrome",true,false
17,1070,"DELIMa 3.0 Digital Educational Learning Initiative Malaysia - Google Chrome",true,false
17,1181,"DELIMa 3.0 Digital Educational Learning Initiative Malaysia - Google Chrome",true,false
17,1297,"DELIMa 3.0 Digital Educational Learning Initiative Malaysia - Google Chrome",true,false
17,1402,"DELIMa 3.0 Digital Educational Learning Initiative Malaysia - Google Chrome",true,false
17,1517,"DELIMa 3.0 Digital Educational Learning Initiative Malaysia - Google Chrome",true,false
17,1630,"DELIMa 3.0 Digital Educational Learning Initiative Malaysia - Google Chrome",true,false
17,1741,"DELIMa 3.0 Digital Educational Learning Initiative Malaysia - Google Chrome",true,false
17,1858,"Translate this page?",true,false
17,1971,"Translate this page?",true,false
17,2083,"DELIMa 3.0 Digital Educational Learning Initiative Malaysia - Google Chrome",true,false
17,2186,"DELIMa 3.0 Digital Educational Learning Initiative Malaysia - Google Chrome",true,false
17,2300,"DELIMa 3.0 Digital Educational Learning Initiative Malaysia - Google Chrome",true,false
17,2405,"DELIMa 3.0 Digital Educational Learning Initiative Malaysia - Google Chrome",true,false
17,2509,"accounts.google.com/v3/signin/identifier?opparams=%253F&dsh=S990738229%3A1787294110082549&client_id=950472034074-acj262jqk6trve8i4ndsudqeokvh5pef.apps.googleusercontent.com&o2v=2&redirect_uri=https%3A%2F%2Fd3.delima.edu.my%2Fauthentication%2Fcode&response_type=code&scope=openid+email+profile&service=lso&state=d175169e326bdb006f67b086ea12f0b1&flowName=GeneralOAuthFlow&continue=https%3A%2F%2Faccounts.google.com%2Fsignin%2Foauth%2Fconsent%3Fauthuser%3Dunknown%26part%3DAJi8hAOMtHJ7M82siBATBnXFGet-l-akhcC8E4MwwyQ_jhruad-4vbYgN60SPFra7E3Lw6Q5xK-SZVhCwEIe1yPqjJrzUYFoZgixHbAXCjV23oxqIUlXqnQ54jAbXrxzN00ieN5MKBBfqnn8Qy0TgIfsKCEWr0W7_4rA8bTSKqMQJFqBJbRXVXFK1CEqOFxeArg-X22R_QGcXd7CznqQTS6cPiEAeyMokzJx_zn5mu3v3BEJuMvZPBbLKi9S_H7Ggnc_2PX0V-HzAjogQy5mcSj7GUbiZuUbD7SWEXfzIZfnm_9tCfUw68uXzQTMAwhtud17KKK8_nxr9Q7Yz4OyjBoDH_ePcy2UZGD4NHkFOAlGMuDG1x6Qpx5hLTCzyRodqemFKjO5UFJzNGQrz4zG20FjgHTVR4Pv5pp2O2NPTKJjFmNqJgLFfkVT8IXM5cbbjm9oaSU_mnYDRdeAmi0sv7yR91meTwjD0A%26flowName%3DGeneralOAuthFlow%26as%3DS990738229%253A1787294110082549%2",true,false
17,2625,"accounts.google.com/v3/signin/identifier?opparams=%253F&dsh=S990738229%3A1787294110082549&client_id=950472034074-acj262jqk6trve8i4ndsudqeokvh5pef.apps.googleusercontent.com&o2v=2&redirect_uri=https%3A%2F%2Fd3.delima.edu.my%2Fauthentication%2Fcode&response_type=code&scope=openid+email+profile&service=lso&state=d175169e326bdb006f67b086ea12f0b1&flowName=GeneralOAuthFlow&continue=https%3A%2F%2Faccounts.google.com%2Fsignin%2Foauth%2Fconsent%3Fauthuser%3Dunknown%26part%3DAJi8hAOMtHJ7M82siBATBnXFGet-l-akhcC8E4MwwyQ_jhruad-4vbYgN60SPFra7E3Lw6Q5xK-SZVhCwEIe1yPqjJrzUYFoZgixHbAXCjV23oxqIUlXqnQ54jAbXrxzN00ieN5MKBBfqnn8Qy0TgIfsKCEWr0W7_4rA8bTSKqMQJFqBJbRXVXFK1CEqOFxeArg-X22R_QGcXd7CznqQTS6cPiEAeyMokzJx_zn5mu3v3BEJuMvZPBbLKi9S_H7Ggnc_2PX0V-HzAjogQy5mcSj7GUbiZuUbD7SWEXfzIZfnm_9tCfUw68uXzQTMAwhtud17KKK8_nxr9Q7Yz4OyjBoDH_ePcy2UZGD4NHkFOAlGMuDG1x6Qpx5hLTCzyRodqemFKjO5UFJzNGQrz4zG20FjgHTVR4Pv5pp2O2NPTKJjFmNqJgLFfkVT8IXM5cbbjm9oaSU_mnYDRdeAmi0sv7yR91meTwjD0A%26flowName%3DGeneralOAuthFlow%26as%3DS990738229%253A1787294110082549%2",true,false
17,2740,"Sign in - Google Accounts - Google Chrome",true,false
17,2852,"Sign in - Google Accounts - Google Chrome",true,false
17,3134,"Sign in - Google Accounts - Google Chrome",true,false
17,3239,"Sign in - Google Accounts - Google Chrome",true,false
17,3350,"Sign in - Google Accounts - Google Chrome",true,false
17,3465,"Sign in - Google Accounts - Google Chrome",true,false
17,3579,"Sign in - Google Accounts - Google Chrome",true,false
17,3694,"Sign in - Google Accounts - Google Chrome",true,false
17,3807,"Sign in - Google Accounts - Google Chrome",true,false
17,3922,"Sign in - Google Accounts - Google Chrome",true,false
17,4027,"Sign in - Google Accounts - Google Chrome",true,false
17,4140,"Sign in - Google Accounts - Google Chrome",true,false
17,4253,"Sign in - Google Accounts - Google Chrome",true,false
17,4362,"Sign in - Google Accounts - Google Chrome",true,false
17,4479,"Sign in - Google Accounts - Google Chrome",true,false
17,4587,"Sign in - Google Accounts - Google Chrome",true,false
17,4690,"Sign in - Google Accounts - Google Chrome",true,false
17,4792,"Sign in - Google Accounts - Google Chrome",true,false
17,4906,"Sign in - Google Accounts - Google Chrome",true,false
17,5020,"Sign in - Google Accounts - Google Chrome",true,false
17,5129,"Sign in - Google Accounts - Google Chrome",true,false
17,5242,"Sign in - Google Accounts - Google Chrome",true,false
17,5345,"Sign in - Google Accounts - Google Chrome",true,false
17,5458,"Sign in - Google Accounts - Google Chrome",true,false
17,5570,"Sign in - Google Accounts - Google Chrome",true,false
17,5685,"Sign in - Google Accounts - Google Chrome",true,false
17,5811,"Hi RAJA MUHAMMAD AZRIEN BIN RAJA AZAMAN SHAH - Google Chrome",true,false
17,5913,"Hi RAJA MUHAMMAD AZRIEN BIN RAJA AZAMAN SHAH - Google Chrome",true,false
17,6018,"Hi RAJA MUHAMMAD AZRIEN BIN RAJA AZAMAN SHAH - Google Chrome",true,false
17,6129,"Hi RAJA MUHAMMAD AZRIEN BIN RAJA AZAMAN SHAH - Google Chrome",true,true
17,6242,"Hi RAJA MUHAMMAD AZRIEN BIN RAJA AZAMAN SHAH - Google Chrome",true,true
17,6357,"Hi RAJA MUHAMMAD AZRIEN BIN RAJA AZAMAN SHAH - Google Chrome",true,true
17,6467,"Hi RAJA MUHAMMAD AZRIEN BIN RAJA AZAMAN SHAH - Google Chrome",true,true
17,6576,"Hi RAJA MUHAMMAD AZRIEN BIN RAJA AZAMAN SHAH - Google Chrome",true,true
17,6683,"Hi RAJA MUHAMMAD AZRIEN BIN RAJA AZAMAN SHAH - Google Chrome",true,true
17,6791,"Hi RAJA MUHAMMAD AZRIEN BIN RAJA AZAMAN SHAH - Google Chrome",true,true
17,6898,"Hi RAJA MUHAMMAD AZRIEN BIN RAJA AZAMAN SHAH - Google Chrome",true,true
17,7007,"Hi RAJA MUHAMMAD AZRIEN BIN RAJA AZAMAN SHAH - Google Chrome",true,true
17,7115,"Hi RAJA MUHAMMAD AZRIEN BIN RAJA AZAMAN SHAH - Google Chrome",true,true
17,7222,"Hi RAJA MUHAMMAD AZRIEN BIN RAJA AZAMAN SHAH - Google Chrome",true,true
17,7327,"Hi RAJA MUHAMMAD AZRIEN BIN RAJA AZAMAN SHAH - Google Chrome",true,true
17,7437,"Hi RAJA MUHAMMAD AZRIEN BIN RAJA AZAMAN SHAH - Google Chrome",true,true
17,7541,"Hi RAJA MUHAMMAD AZRIEN BIN RAJA AZAMAN SHAH - Google Chrome",true,true
17,7644,"Hi RAJA MUHAMMAD AZRIEN BIN RAJA AZAMAN SHAH - Google Chrome",true,true
17,7762,"Delima-AutoLogin - Antigravity IDE - README.md",true,false
18,0,"Delima-AutoLogin - Antigravity IDE - README.md",true,false
18,105,"Delima-AutoLogin - Antigravity IDE - README.md",true,false
18,222,"Untitled - Google Chrome",true,false
18,373,"Untitled - Google Chrome",true,false
18,480,"Untitled - Google Chrome",true,false
18,597,"DELIMa 3.0 Digital Educational Learning Initiative Malaysia - Google Chrome",true,false
18,709,"DELIMa 3.0 Digital Educational Learning Initiative Malaysia - Google Chrome",true,false
18,820,"DELIMa 3.0 Digital Educational Learning Initiative Malaysia - Google Chrome",true,false
18,935,"DELIMa 3.0 Digital Educational Learning Initiative Malaysia - Google Chrome",true,false
18,1038,"DELIMa 3.0 Digital Educational Learning Initiative Malaysia - Google Chrome",true,false
18,1144,"DELIMa 3.0 Digital Educational Learning Initiative Malaysia - Google Chrome",true,false
18,1251,"DELIMa 3.0 Digital Educational Learning Initiative Malaysia - Google Chrome",true,false
18,1358,"DELIMa 3.0 Digital Educational Learning Initiative Malaysia - Google Chrome",true,false
18,1460,"Translate this page?",true,false
18,1564,"Translate this page?",true,false
18,1669,"Translate this page?",true,false
18,1780,"DELIMa 3.0 Digital Educational Learning Initiative Malaysia - Google Chrome",true,false
18,1889,"DELIMa 3.0 Digital Educational Learning Initiative Malaysia - Google Chrome",true,false
18,2005,"DELIMa 3.0 Digital Educational Learning Initiative Malaysia - Google Chrome",true,false
18,2109,"DELIMa 3.0 Digital Educational Learning Initiative Malaysia - Google Chrome",true,false
18,2226,"DELIMa 3.0 Digital Educational Learning Initiative Malaysia - Google Chrome",true,false
18,2328,"DELIMa 3.0 Digital Educational Learning Initiative Malaysia - Google Chrome",true,false
18,2436,"DELIMa 3.0 Digital Educational Learning Initiative Malaysia - Google Chrome",true,false
18,2548,"DELIMa 3.0 Digital Educational Learning Initiative Malaysia - Google Chrome",true,false
18,2662,"DELIMa 3.0 Digital Educational Learning Initiative Malaysia - Google Chrome",true,false
18,2773,"DELIMa 3.0 Digital Educational Learning Initiative Malaysia - Google Chrome",true,false
18,2880,"DELIMa 3.0 Digital Educational Learning Initiative Malaysia - Google Chrome",true,false
18,2984,"DELIMa 3.0 Digital Educational Learning Initiative Malaysia - Google Chrome",true,false
18,3090,"DELIMa 3.0 Digital Educational Learning Initiative Malaysia - Google Chrome",true,false
18,3205,"DELIMa 3.0 Digital Educational Learning Initiative Malaysia - Google Chrome",true,false
18,3319,"DELIMa 3.0 Digital Educational Learning Initiative Malaysia - Google Chrome",true,false
18,3425,"DELIMa 3.0 Digital Educational Learning Initiative Malaysia - Google Chrome",true,false
18,3540,"DELIMa 3.0 Digital Educational Learning Initiative Malaysia - Google Chrome",true,false
18,3648,"DELIMa 3.0 Digital Educational Learning Initiative Malaysia - Google Chrome",true,false
18,3756,"Delima-AutoLogin - Antigravity IDE - README.md",true,false
19,0,"Delima-AutoLogin - Antigravity IDE - README.md",true,false
19,105,"Delima-AutoLogin - Antigravity IDE - README.md",true,false
19,210,"Untitled - Google Chrome",true,false
19,367,"Untitled - Google Chrome",true,false
19,481,"Untitled - Google Chrome",true,false
19,597,"DELIMa 3.0 Digital Educational Learning Initiative Malaysia - Google Chrome",true,false
19,709,"DELIMa 3.0 Digital Educational Learning Initiative Malaysia - Google Chrome",true,false
19,816,"DELIMa 3.0 Digital Educational Learning Initiative Malaysia - Google Chrome",true,false
19,930,"DELIMa 3.0 Digital Educational Learning Initiative Malaysia - Google Chrome",true,false
19,1055,"DELIMa 3.0 Digital Educational Learning Initiative Malaysia - Google Chrome",true,false
19,1164,"DELIMa 3.0 Digital Educational Learning Initiative Malaysia - Google Chrome",true,false
19,1277,"DELIMa 3.0 Digital Educational Learning Initiative Malaysia - Google Chrome",true,false
19,1384,"DELIMa 3.0 Digital Educational Learning Initiative Malaysia - Google Chrome",true,false
19,1493,"DELIMa 3.0 Digital Educational Learning Initiative Malaysia - Google Chrome",true,false
19,1596,"DELIMa 3.0 Digital Educational Learning Initiative Malaysia - Google Chrome",true,false
19,1706,"DELIMa 3.0 Digital Educational Learning Initiative Malaysia - Google Chrome",true,false
19,1808,"DELIMa 3.0 Digital Educational Learning Initiative Malaysia - Google Chrome",true,false
19,1922,"DELIMa 3.0 Digital Educational Learning Initiative Malaysia - Google Chrome",true,false
19,2035,"DELIMa 3.0 Digital Educational Learning Initiative Malaysia - Google Chrome",true,false
19,2145,"accounts.google.com/v3/signin/identifier?opparams=%253F&dsh=S1309165966%3A1787294122957572&client_id=950472034074-acj262jqk6trve8i4ndsudqeokvh5pef.apps.googleusercontent.com&o2v=2&redirect_uri=https%3A%2F%2Fd3.delima.edu.my%2Fauthentication%2Fcode&response_type=code&scope=openid+email+profile&service=lso&state=313699879d6fcd84a39b6a8a82b69d6a&flowName=GeneralOAuthFlow&continue=https%3A%2F%2Faccounts.google.com%2Fsignin%2Foauth%2Fconsent%3Fauthuser%3Dunknown%26part%3DAJi8hAMVv8GOdFmAPY_Zb3o7yzXIhbhKIM9elH6hS0HRmxscxbB2O_4G3weKwMqxgKGVOg_9Hs2KESmzR2ADe7hMNYLjFt1l16e8eecyZfuzqABRYM73khEFbDKdOJjKCje9tzXb8dCzc0KK8qQu6SCwpuUNsEQXrmoEx4QL9A8SfBx762bC9i7nJJKodrjoOzPvTvNO568V6dSrdaGvt4QX3lO38mc02oEh9AJ-p2DMSDS4kEHFlCg8zPI4DwPx6EWCWVDbybFyYXAQklWngCSXCay2GMgdDM-lx38CtO5axGXy-oq-GzZsg-0hTmlmCcenYVCDxliiBVXOIQg-JRA8TjpTkAUGJBMeklHeAJInobeWQ7qLII1lX92bE6OMPyJHODWvz3yMad1vEQWjWWCatPuDzmv12dh_h7xAYUkaVCfIcukTxT6HzlYUOHuuPyGghf0uomZ4r7-RKaBlwE-3EdPhO6p23g%26flowName%3DGeneralOAuthFlow%26as%3DS1309165966%253A1787294122957572",true,false
19,2250,"accounts.google.com/v3/signin/identifier?opparams=%253F&dsh=S1309165966%3A1787294122957572&client_id=950472034074-acj262jqk6trve8i4ndsudqeokvh5pef.apps.googleusercontent.com&o2v=2&redirect_uri=https%3A%2F%2Fd3.delima.edu.my%2Fauthentication%2Fcode&response_type=code&scope=openid+email+profile&service=lso&state=313699879d6fcd84a39b6a8a82b69d6a&flowName=GeneralOAuthFlow&continue=https%3A%2F%2Faccounts.google.com%2Fsignin%2Foauth%2Fconsent%3Fauthuser%3Dunknown%26part%3DAJi8hAMVv8GOdFmAPY_Zb3o7yzXIhbhKIM9elH6hS0HRmxscxbB2O_4G3weKwMqxgKGVOg_9Hs2KESmzR2ADe7hMNYLjFt1l16e8eecyZfuzqABRYM73khEFbDKdOJjKCje9tzXb8dCzc0KK8qQu6SCwpuUNsEQXrmoEx4QL9A8SfBx762bC9i7nJJKodrjoOzPvTvNO568V6dSrdaGvt4QX3lO38mc02oEh9AJ-p2DMSDS4kEHFlCg8zPI4DwPx6EWCWVDbybFyYXAQklWngCSXCay2GMgdDM-lx38CtO5axGXy-oq-GzZsg-0hTmlmCcenYVCDxliiBVXOIQg-JRA8TjpTkAUGJBMeklHeAJInobeWQ7qLII1lX92bE6OMPyJHODWvz3yMad1vEQWjWWCatPuDzmv12dh_h7xAYUkaVCfIcukTxT6HzlYUOHuuPyGghf0uomZ4r7-RKaBlwE-3EdPhO6p23g%26flowName%3DGeneralOAuthFlow%26as%3DS1309165966%253A1787294122957572",true,false
19,2365,"accounts.google.com/v3/signin/identifier?opparams=%253F&dsh=S1309165966%3A1787294122957572&client_id=950472034074-acj262jqk6trve8i4ndsudqeokvh5pef.apps.googleusercontent.com&o2v=2&redirect_uri=https%3A%2F%2Fd3.delima.edu.my%2Fauthentication%2Fcode&response_type=code&scope=openid+email+profile&service=lso&state=313699879d6fcd84a39b6a8a82b69d6a&flowName=GeneralOAuthFlow&continue=https%3A%2F%2Faccounts.google.com%2Fsignin%2Foauth%2Fconsent%3Fauthuser%3Dunknown%26part%3DAJi8hAMVv8GOdFmAPY_Zb3o7yzXIhbhKIM9elH6hS0HRmxscxbB2O_4G3weKwMqxgKGVOg_9Hs2KESmzR2ADe7hMNYLjFt1l16e8eecyZfuzqABRYM73khEFbDKdOJjKCje9tzXb8dCzc0KK8qQu6SCwpuUNsEQXrmoEx4QL9A8SfBx762bC9i7nJJKodrjoOzPvTvNO568V6dSrdaGvt4QX3lO38mc02oEh9AJ-p2DMSDS4kEHFlCg8zPI4DwPx6EWCWVDbybFyYXAQklWngCSXCay2GMgdDM-lx38CtO5axGXy-oq-GzZsg-0hTmlmCcenYVCDxliiBVXOIQg-JRA8TjpTkAUGJBMeklHeAJInobeWQ7qLII1lX92bE6OMPyJHODWvz3yMad1vEQWjWWCatPuDzmv12dh_h7xAYUkaVCfIcukTxT6HzlYUOHuuPyGghf0uomZ4r7-RKaBlwE-3EdPhO6p23g%26flowName%3DGeneralOAuthFlow%26as%3DS1309165966%253A1787294122957572",true,false
19,2480,"Sign in - Google Accounts - Google Chrome",true,false
19,2833,"Sign in - Google Accounts - Google Chrome",true,false
19,2953,"Sign in - Google Accounts - Google Chrome",true,false
19,3070,"Sign in - Google Accounts - Google Chrome",true,false
19,3180,"Sign in - Google Accounts - Google Chrome",true,false
19,3285,"Sign in - Google Accounts - Google Chrome",true,false
19,3402,"Sign in - Google Accounts - Google Chrome",true,false
19,3506,"Sign in - Google Accounts - Google Chrome",true,false
19,3620,"Sign in - Google Accounts - Google Chrome",true,false
19,3726,"Sign in - Google Accounts - Google Chrome",true,false
19,3830,"Sign in - Google Accounts - Google Chrome",true,false
19,3934,"Sign in - Google Accounts - Google Chrome",true,false
19,4038,"Sign in - Google Accounts - Google Chrome",true,false
19,4141,"Sign in - Google Accounts - Google Chrome",true,false
19,4247,"Sign in - Google Accounts - Google Chrome",true,false
19,4351,"Sign in - Google Accounts - Google Chrome",true,false
19,4457,"Sign in - Google Accounts - Google Chrome",true,false
19,4570,"Sign in - Google Accounts - Google Chrome",true,false
19,4676,"Sign in - Google Accounts - Google Chrome",true,false
19,4796,"Sign in - Google Accounts - Google Chrome",true,false
19,4909,"Sign in - Google Accounts - Google Chrome",true,false
19,5025,"Sign in - Google Accounts - Google Chrome",true,false
19,5130,"Sign in - Google Accounts - Google Chrome",true,false
19,5240,"Sign in - Google Accounts - Google Chrome",true,false
19,5356,"Sign in - Google Accounts - Google Chrome",true,false
19,5459,"Sign in - Google Accounts - Google Chrome",true,false
19,5571,"Sign in - Google Accounts - Google Chrome",true,false
19,5675,"Sign in - Google Accounts - Google Chrome",true,false
19,5780,"Sign in - Google Accounts - Google Chrome",true,false
19,5887,"Sign in - Google Accounts - Google Chrome",true,false
19,5992,"Hi RAJA MUHAMMAD AZRIEN BIN RAJA AZAMAN SHAH - Google Chrome",true,false
19,6104,"Hi RAJA MUHAMMAD AZRIEN BIN RAJA AZAMAN SHAH - Google Chrome",true,true
19,6222,"Hi RAJA MUHAMMAD AZRIEN BIN RAJA AZAMAN SHAH - Google Chrome",true,true
19,6338,"Hi RAJA MUHAMMAD AZRIEN BIN RAJA AZAMAN SHAH - Google Chrome",true,true
19,6448,"Hi RAJA MUHAMMAD AZRIEN BIN RAJA AZAMAN SHAH - Google Chrome",true,true
19,6555,"Hi RAJA MUHAMMAD AZRIEN BIN RAJA AZAMAN SHAH - Google Chrome",true,true
19,6663,"Hi RAJA MUHAMMAD AZRIEN BIN RAJA AZAMAN SHAH - Google Chrome",true,true
19,6771,"Hi RAJA MUHAMMAD AZRIEN BIN RAJA AZAMAN SHAH - Google Chrome",true,true
19,6875,"Hi RAJA MUHAMMAD AZRIEN BIN RAJA AZAMAN SHAH - Google Chrome",true,true
19,6983,"Hi RAJA MUHAMMAD AZRIEN BIN RAJA AZAMAN SHAH - Google Chrome",true,true
19,7085,"Hi RAJA MUHAMMAD AZRIEN BIN RAJA AZAMAN SHAH - Google Chrome",true,true
19,7191,"Hi RAJA MUHAMMAD AZRIEN BIN RAJA AZAMAN SHAH - Google Chrome",true,true
19,7297,"Hi RAJA MUHAMMAD AZRIEN BIN RAJA AZAMAN SHAH - Google Chrome",true,true
19,7404,"Hi RAJA MUHAMMAD AZRIEN BIN RAJA AZAMAN SHAH - Google Chrome",true,true
19,7506,"Hi RAJA MUHAMMAD AZRIEN BIN RAJA AZAMAN SHAH - Google Chrome",true,true
19,7612,"Hi RAJA MUHAMMAD AZRIEN BIN RAJA AZAMAN SHAH - Google Chrome",true,true
19,7725,"Hi RAJA MUHAMMAD AZRIEN BIN RAJA AZAMAN SHAH - Google Chrome",true,true
19,7835,"Hi RAJA MUHAMMAD AZRIEN BIN RAJA AZAMAN SHAH - Google Chrome",true,true
19,7947,"Hi RAJA MUHAMMAD AZRIEN BIN RAJA AZAMAN SHAH - Google Chrome",true,true
19,8051,"Hi RAJA MUHAMMAD AZRIEN BIN RAJA AZAMAN SHAH - Google Chrome",true,true
19,8156,"Hi RAJA MUHAMMAD AZRIEN BIN RAJA AZAMAN SHAH - Google Chrome",true,true
19,8259,"Hi RAJA MUHAMMAD AZRIEN BIN RAJA AZAMAN SHAH - Google Chrome",true,true
19,8365,"Hi RAJA MUHAMMAD AZRIEN BIN RAJA AZAMAN SHAH - Google Chrome",true,true
19,8468,"Hi RAJA MUHAMMAD AZRIEN BIN RAJA AZAMAN SHAH - Google Chrome",true,true
19,8576,"Hi RAJA MUHAMMAD AZRIEN BIN RAJA AZAMAN SHAH - Google Chrome",true,true
19,8693,"Hi RAJA MUHAMMAD AZRIEN BIN RAJA AZAMAN SHAH - Google Chrome",true,true
19,8806,"Hi RAJA MUHAMMAD AZRIEN BIN RAJA AZAMAN SHAH - Google Chrome",true,true
19,8911,"Hi RAJA MUHAMMAD AZRIEN BIN RAJA AZAMAN SHAH - Google Chrome",true,true
19,9025,"Hi RAJA MUHAMMAD AZRIEN BIN RAJA AZAMAN SHAH - Google Chrome",true,true
19,9140,"Delima-AutoLogin - Antigravity IDE - README.md",true,false
20,0,"Delima-AutoLogin - Antigravity IDE - README.md",true,false
20,116,"Delima-AutoLogin - Antigravity IDE - README.md",true,false
20,219,"Untitled - Google Chrome",true,false
20,367,"Untitled - Google Chrome",true,false
20,481,"Untitled - Google Chrome",true,false
20,586,"DELIMa 3.0 Digital Educational Learning Initiative Malaysia - Google Chrome",true,false
20,702,"DELIMa 3.0 Digital Educational Learning Initiative Malaysia - Google Chrome",true,false
20,817,"DELIMa 3.0 Digital Educational Learning Initiative Malaysia - Google Chrome",true,false
20,930,"DELIMa 3.0 Digital Educational Learning Initiative Malaysia - Google Chrome",true,false
20,1038,"DELIMa 3.0 Digital Educational Learning Initiative Malaysia - Google Chrome",true,false
20,1146,"DELIMa 3.0 Digital Educational Learning Initiative Malaysia - Google Chrome",true,false
20,1263,"DELIMa 3.0 Digital Educational Learning Initiative Malaysia - Google Chrome",true,false
20,1367,"DELIMa 3.0 Digital Educational Learning Initiative Malaysia - Google Chrome",true,false
20,1481,"DELIMa 3.0 Digital Educational Learning Initiative Malaysia - Google Chrome",true,false
20,1593,"Translate this page?",true,false
20,1699,"Translate this page?",true,false
20,1802,"Translate this page?",true,false
20,1908,"DELIMa 3.0 Digital Educational Learning Initiative Malaysia - Google Chrome",true,false
20,2016,"DELIMa 3.0 Digital Educational Learning Initiative Malaysia - Google Chrome",true,false
20,2123,"DELIMa 3.0 Digital Educational Learning Initiative Malaysia - Google Chrome",true,false
20,2229,"DELIMa 3.0 Digital Educational Learning Initiative Malaysia - Google Chrome",true,false
20,2343,"DELIMa 3.0 Digital Educational Learning Initiative Malaysia - Google Chrome",true,false
20,2454,"DELIMa 3.0 Digital Educational Learning Initiative Malaysia - Google Chrome",true,false
20,2590,"accounts.google.com/v3/signin/identifier?opparams=%253F&dsh=S-1156658763%3A1787294133311487&client_id=950472034074-acj262jqk6trve8i4ndsudqeokvh5pef.apps.googleusercontent.com&o2v=2&redirect_uri=https%3A%2F%2Fd3.delima.edu.my%2Fauthentication%2Fcode&response_type=code&scope=openid+email+profile&service=lso&state=a7e577fa1291feb432dfed12341046c3&flowName=GeneralOAuthFlow&continue=https%3A%2F%2Faccounts.google.com%2Fsignin%2Foauth%2Fconsent%3Fauthuser%3Dunknown%26part%3DAJi8hANnPJTG5KRe3HZH44JcnWkNpj4BQ8Ukou8WAKkdI4Zmj-DwYXEh3P0DaKJINRq91IzJGTNHg7mPqRyPmtsVWrWSc9hKjgzGE5u5un3HtZZIjodUSWcMSRveTa-aPQpoTnYygJYX9FA-aDsoDOKdDy73I7RgSmhvc8ytrg4B1gDNTNDFGLstjOMhFKsqRlS6X3_MPN3VYNoeDY_xiQOHJvK7yQqaYILuDxZy0rGJ2dS_WDIqBLYuooZ4H1d7o1orj8QfS3xQR4mBoiXydGmz947-jO1a68zCOzi1TxVGXI71vIApPpM2QzoJdnyc4d4rZpGXFad5-lo9dtGJLA0lkjExKIPvcNkzgBm2VkUP0O9XhxzhCrc2TuGdbDtvpG_2DgEH-1MnCcBckCea2iec2cHiPZEjMeZgK5bimJwP-sjEtbTI2TIIIUOJmcofeVKkXIXcHTkM2DW9B73DjxAetazQT2b5fQ%26flowName%3DGeneralOAuthFlow%26as%3DS-1156658763%253A17872941333114",true,false
20,2705,"accounts.google.com/v3/signin/identifier?opparams=%253F&dsh=S-1156658763%3A1787294133311487&client_id=950472034074-acj262jqk6trve8i4ndsudqeokvh5pef.apps.googleusercontent.com&o2v=2&redirect_uri=https%3A%2F%2Fd3.delima.edu.my%2Fauthentication%2Fcode&response_type=code&scope=openid+email+profile&service=lso&state=a7e577fa1291feb432dfed12341046c3&flowName=GeneralOAuthFlow&continue=https%3A%2F%2Faccounts.google.com%2Fsignin%2Foauth%2Fconsent%3Fauthuser%3Dunknown%26part%3DAJi8hANnPJTG5KRe3HZH44JcnWkNpj4BQ8Ukou8WAKkdI4Zmj-DwYXEh3P0DaKJINRq91IzJGTNHg7mPqRyPmtsVWrWSc9hKjgzGE5u5un3HtZZIjodUSWcMSRveTa-aPQpoTnYygJYX9FA-aDsoDOKdDy73I7RgSmhvc8ytrg4B1gDNTNDFGLstjOMhFKsqRlS6X3_MPN3VYNoeDY_xiQOHJvK7yQqaYILuDxZy0rGJ2dS_WDIqBLYuooZ4H1d7o1orj8QfS3xQR4mBoiXydGmz947-jO1a68zCOzi1TxVGXI71vIApPpM2QzoJdnyc4d4rZpGXFad5-lo9dtGJLA0lkjExKIPvcNkzgBm2VkUP0O9XhxzhCrc2TuGdbDtvpG_2DgEH-1MnCcBckCea2iec2cHiPZEjMeZgK5bimJwP-sjEtbTI2TIIIUOJmcofeVKkXIXcHTkM2DW9B73DjxAetazQT2b5fQ%26flowName%3DGeneralOAuthFlow%26as%3DS-1156658763%253A17872941333114",true,false
20,2810,"Sign in - Google Accounts - Google Chrome",true,false
20,2919,"Sign in - Google Accounts - Google Chrome",true,false
20,3167,"Sign in - Google Accounts - Google Chrome",true,false
20,3277,"Sign in - Google Accounts - Google Chrome",true,false
20,3382,"Sign in - Google Accounts - Google Chrome",true,false
20,3484,"Sign in - Google Accounts - Google Chrome",true,false
20,3598,"Sign in - Google Accounts - Google Chrome",true,false
20,3702,"Sign in - Google Accounts - Google Chrome",true,false
20,3808,"Sign in - Google Accounts - Google Chrome",true,false
20,3920,"Sign in - Google Accounts - Google Chrome",true,false
20,4030,"Sign in - Google Accounts - Google Chrome",true,false
20,4135,"Sign in - Google Accounts - Google Chrome",true,false
20,4248,"Sign in - Google Accounts - Google Chrome",true,false
20,4357,"Sign in - Google Accounts - Google Chrome",true,false
20,4464,"Sign in - Google Accounts - Google Chrome",true,false
20,4578,"Sign in - Google Accounts - Google Chrome",true,false
20,4693,"Sign in - Google Accounts - Google Chrome",true,false
20,4803,"Sign in - Google Accounts - Google Chrome",true,false
20,4909,"Sign in - Google Accounts - Google Chrome",true,false
20,5024,"Sign in - Google Accounts - Google Chrome",true,false
20,5137,"Sign in - Google Accounts - Google Chrome",true,false
20,5247,"Sign in - Google Accounts - Google Chrome",true,false
20,5361,"Sign in - Google Accounts - Google Chrome",true,false
20,5475,"Sign in - Google Accounts - Google Chrome",true,false
20,5579,"Sign in - Google Accounts - Google Chrome",true,false
20,5691,"Sign in - Google Accounts - Google Chrome",true,false
20,5794,"Sign in - Google Accounts - Google Chrome",true,false
20,5903,"Sign in - Google Accounts - Google Chrome",true,false
20,6008,"Sign in - Google Accounts - Google Chrome",true,false
20,6113,"Sign in - Google Accounts - Google Chrome",true,false
20,6227,"Sign in - Google Accounts - Google Chrome",true,false
20,6334,"Welcome - Google Chrome",true,false
20,6437,"Welcome - Google Chrome",true,false
20,6553,"Welcome - Google Chrome",true,true
20,6657,"Welcome - Google Chrome",true,true
20,6770,"Welcome - Google Chrome",true,true
20,6883,"Welcome - Google Chrome",true,true
20,6992,"Welcome - Google Chrome",true,true
20,7094,"Welcome - Google Chrome",true,true
20,7200,"Welcome - Google Chrome",true,true
20,7309,"Welcome - Google Chrome",true,true
20,7414,"Welcome - Google Chrome",true,true
20,7517,"Welcome - Google Chrome",true,true
20,7624,"Welcome - Google Chrome",true,true
20,7728,"Welcome - Google Chrome",true,true
20,7834,"Welcome - Google Chrome",true,true
20,7949,"Welcome - Google Chrome",true,true
20,8063,"Welcome - Google Chrome",true,true
20,8166,"Welcome - Google Chrome",true,true
20,8269,"Welcome - Google Chrome",true,true
20,8376,"Welcome - Google Chrome",true,true
20,8485,"Welcome - Google Chrome",true,true
20,8591,"Welcome - Google Chrome",true,true
20,8707,"Delima-AutoLogin - Antigravity IDE - README.md",true,false
21,0,"Delima-AutoLogin - Antigravity IDE - README.md",true,false
21,114,"Delima-AutoLogin - Antigravity IDE - README.md",true,false
21,217,"Untitled - Google Chrome",true,false
21,367,"Untitled - Google Chrome",true,false
21,483,"Untitled - Google Chrome",true,false
21,591,"DELIMa 3.0 Digital Educational Learning Initiative Malaysia - Google Chrome",true,false
21,708,"DELIMa 3.0 Digital Educational Learning Initiative Malaysia - Google Chrome",true,false
21,821,"DELIMa 3.0 Digital Educational Learning Initiative Malaysia - Google Chrome",true,false
21,932,"DELIMa 3.0 Digital Educational Learning Initiative Malaysia - Google Chrome",true,false
21,1047,"DELIMa 3.0 Digital Educational Learning Initiative Malaysia - Google Chrome",true,false
21,1151,"DELIMa 3.0 Digital Educational Learning Initiative Malaysia - Google Chrome",true,false
21,1260,"DELIMa 3.0 Digital Educational Learning Initiative Malaysia - Google Chrome",true,false
21,1363,"DELIMa 3.0 Digital Educational Learning Initiative Malaysia - Google Chrome",true,false
21,1476,"DELIMa 3.0 Digital Educational Learning Initiative Malaysia - Google Chrome",true,false
21,1588,"DELIMa 3.0 Digital Educational Learning Initiative Malaysia - Google Chrome",true,false
21,1700,"Translate this page?",true,false
21,1804,"Translate this page?",true,false
21,1913,"Translate this page?",true,false
21,2030,"DELIMa 3.0 Digital Educational Learning Initiative Malaysia - Google Chrome",true,false
21,2138,"DELIMa 3.0 Digital Educational Learning Initiative Malaysia - Google Chrome",true,false
21,2250,"DELIMa 3.0 Digital Educational Learning Initiative Malaysia - Google Chrome",true,false
21,2369,"DELIMa 3.0 Digital Educational Learning Initiative Malaysia - Google Chrome",true,false
21,2471,"DELIMa 3.0 Digital Educational Learning Initiative Malaysia - Google Chrome",true,false
21,2611,"DELIMa 3.0 Digital Educational Learning Initiative Malaysia - Google Chrome",true,false
21,2723,"Sign in - Google Accounts - Google Chrome",true,false
21,2838,"Sign in - Google Accounts - Google Chrome",true,false
21,3179,"Sign in - Google Accounts - Google Chrome",true,false
21,3282,"Sign in - Google Accounts - Google Chrome",true,false
21,3397,"Sign in - Google Accounts - Google Chrome",true,false
21,3501,"Sign in - Google Accounts - Google Chrome",true,false
21,3609,"Sign in - Google Accounts - Google Chrome",true,false
21,3717,"Sign in - Google Accounts - Google Chrome",true,false
21,3826,"Sign in - Google Accounts - Google Chrome",true,false
21,3931,"Sign in - Google Accounts - Google Chrome",true,false
21,4036,"Sign in - Google Accounts - Google Chrome",true,false
21,4150,"Sign in - Google Accounts - Google Chrome",true,false
21,4262,"Sign in - Google Accounts - Google Chrome",true,false
21,4376,"Sign in - Google Accounts - Google Chrome",true,false
21,4481,"Sign in - Google Accounts - Google Chrome",true,false
21,4586,"Sign in - Google Accounts - Google Chrome",true,false
21,4701,"Sign in - Google Accounts - Google Chrome",true,false
21,4809,"Sign in - Google Accounts - Google Chrome",true,false
21,4916,"Sign in - Google Accounts - Google Chrome",true,false
21,5021,"Sign in - Google Accounts - Google Chrome",true,false
21,5127,"Sign in - Google Accounts - Google Chrome",true,false
21,5233,"Sign in - Google Accounts - Google Chrome",true,false
21,5346,"Sign in - Google Accounts - Google Chrome",true,false
21,5455,"Sign in - Google Accounts - Google Chrome",true,false
21,5566,"Sign in - Google Accounts - Google Chrome",true,false
21,5677,"Sign in - Google Accounts - Google Chrome",true,false
21,5782,"Sign in - Google Accounts - Google Chrome",true,false
21,5887,"Sign in - Google Accounts - Google Chrome",true,false
21,6001,"Sign in - Google Accounts - Google Chrome",true,false
21,6109,"Sign in - Google Accounts - Google Chrome",true,false
21,6226,"Sign in - Google Accounts - Google Chrome",true,false
21,6329,"Sign in - Google Accounts - Google Chrome",true,false
21,6431,"Sign in - Google Accounts - Google Chrome",true,false
21,6543,"Sign in - Google Accounts - Google Chrome",true,false
21,6651,"Sign in - Google Accounts - Google Chrome",true,false
21,6755,"Sign in - Google Accounts - Google Chrome",true,false
21,6859,"Sign in - Google Accounts - Google Chrome",true,false
21,6971,"Sign in - Google Accounts - Google Chrome",true,false
21,7076,"Sign in - Google Accounts - Google Chrome",true,false
21,7179,"Sign in - Google Accounts - Google Chrome",true,false
21,7287,"Sign in - Google Accounts - Google Chrome",true,false
21,7392,"Sign in - Google Accounts - Google Chrome",true,false
21,7498,"Sign in - Google Accounts - Google Chrome",true,false
21,7609,"Sign in - Google Accounts - Google Chrome",true,false
21,7726,"Sign in - Google Accounts - Google Chrome",true,false
21,7837,"Sign in - Google Accounts - Google Chrome",true,false
21,7942,"Sign in - Google Accounts - Google Chrome",true,false
21,8046,"Sign in - Google Accounts - Google Chrome",true,false
21,8162,"Sign in - Google Accounts - Google Chrome",true,false
21,8280,"Sign in - Google Accounts - Google Chrome",true,false
21,8396,"Sign in - Google Accounts - Google Chrome",true,false
21,8507,"Sign in - Google Accounts - Google Chrome",true,false
21,8617,"Sign in - Google Accounts - Google Chrome",true,false
21,8733,"Hi RAJA MUHAMMAD AZRIEN BIN RAJA AZAMAN SHAH - Google Chrome",true,false
21,8849,"Hi RAJA MUHAMMAD AZRIEN BIN RAJA AZAMAN SHAH - Google Chrome",true,false
21,8955,"Hi RAJA MUHAMMAD AZRIEN BIN RAJA AZAMAN SHAH - Google Chrome",true,true
21,9063,"Hi RAJA MUHAMMAD AZRIEN BIN RAJA AZAMAN SHAH - Google Chrome",true,true
21,9178,"Hi RAJA MUHAMMAD AZRIEN BIN RAJA AZAMAN SHAH - Google Chrome",true,true
21,9284,"Hi RAJA MUHAMMAD AZRIEN BIN RAJA AZAMAN SHAH - Google Chrome",true,true
21,9398,"Hi RAJA MUHAMMAD AZRIEN BIN RAJA AZAMAN SHAH - Google Chrome",true,true
21,9507,"Hi RAJA MUHAMMAD AZRIEN BIN RAJA AZAMAN SHAH - Google Chrome",true,true
21,9617,"Hi RAJA MUHAMMAD AZRIEN BIN RAJA AZAMAN SHAH - Google Chrome",true,true
21,9719,"Hi RAJA MUHAMMAD AZRIEN BIN RAJA AZAMAN SHAH - Google Chrome",true,true
21,9827,"Hi RAJA MUHAMMAD AZRIEN BIN RAJA AZAMAN SHAH - Google Chrome",true,true
21,9936,"Hi RAJA MUHAMMAD AZRIEN BIN RAJA AZAMAN SHAH - Google Chrome",true,true
21,10042,"Hi RAJA MUHAMMAD AZRIEN BIN RAJA AZAMAN SHAH - Google Chrome",true,true
21,10145,"Hi RAJA MUHAMMAD AZRIEN BIN RAJA AZAMAN SHAH - Google Chrome",true,true
21,10260,"Hi RAJA MUHAMMAD AZRIEN BIN RAJA AZAMAN SHAH - Google Chrome",true,true
21,10376,"Hi RAJA MUHAMMAD AZRIEN BIN RAJA AZAMAN SHAH - Google Chrome",true,true
21,10482,"Hi RAJA MUHAMMAD AZRIEN BIN RAJA AZAMAN SHAH - Google Chrome",true,true
21,10586,"Hi RAJA MUHAMMAD AZRIEN BIN RAJA AZAMAN SHAH - Google Chrome",true,true
21,10692,"Hi RAJA MUHAMMAD AZRIEN BIN RAJA AZAMAN SHAH - Google Chrome",true,true
21,10808,"Hi RAJA MUHAMMAD AZRIEN BIN RAJA AZAMAN SHAH - Google Chrome",true,true
21,10919,"Hi RAJA MUHAMMAD AZRIEN BIN RAJA AZAMAN SHAH - Google Chrome",true,true
21,11026,"Delima-AutoLogin - Antigravity IDE - README.md",true,false
22,0,"Delima-AutoLogin - Antigravity IDE - README.md",true,false
22,106,"Delima-AutoLogin - Antigravity IDE - README.md",true,false
22,213,"Untitled - Google Chrome",true,false
22,357,"Untitled - Google Chrome",true,false
22,476,"Untitled - Google Chrome",true,false
22,591,"DELIMa 3.0 Digital Educational Learning Initiative Malaysia - Google Chrome",true,false
22,699,"DELIMa 3.0 Digital Educational Learning Initiative Malaysia - Google Chrome",true,false
22,805,"DELIMa 3.0 Digital Educational Learning Initiative Malaysia - Google Chrome",true,false
22,920,"DELIMa 3.0 Digital Educational Learning Initiative Malaysia - Google Chrome",true,false
22,1037,"DELIMa 3.0 Digital Educational Learning Initiative Malaysia - Google Chrome",true,false
22,1144,"DELIMa 3.0 Digital Educational Learning Initiative Malaysia - Google Chrome",true,false
22,1261,"DELIMa 3.0 Digital Educational Learning Initiative Malaysia - Google Chrome",true,false
22,1364,"DELIMa 3.0 Digital Educational Learning Initiative Malaysia - Google Chrome",true,false
22,1481,"DELIMa 3.0 Digital Educational Learning Initiative Malaysia - Google Chrome",true,false
22,1594,"DELIMa 3.0 Digital Educational Learning Initiative Malaysia - Google Chrome",true,false
22,1711,"DELIMa 3.0 Digital Educational Learning Initiative Malaysia - Google Chrome",true,false
22,1813,"Translate this page?",true,false
22,1918,"Translate this page?",true,false
22,2023,"Translate this page?",true,false
22,2137,"DELIMa 3.0 Digital Educational Learning Initiative Malaysia - Google Chrome",true,false
22,2243,"DELIMa 3.0 Digital Educational Learning Initiative Malaysia - Google Chrome",true,false
22,2345,"DELIMa 3.0 Digital Educational Learning Initiative Malaysia - Google Chrome",true,false
22,2469,"DELIMa 3.0 Digital Educational Learning Initiative Malaysia - Google Chrome",true,false
22,2578,"accounts.google.com/v3/signin/identifier?opparams=%253F&dsh=S2049281902%3A1787294154866453&client_id=950472034074-acj262jqk6trve8i4ndsudqeokvh5pef.apps.googleusercontent.com&o2v=2&redirect_uri=https%3A%2F%2Fd3.delima.edu.my%2Fauthentication%2Fcode&response_type=code&scope=openid+email+profile&service=lso&state=c0a8a29171608ea959f2b681116ba5d3&flowName=GeneralOAuthFlow&continue=https%3A%2F%2Faccounts.google.com%2Fsignin%2Foauth%2Fconsent%3Fauthuser%3Dunknown%26part%3DAJi8hAMzkqfDRcF2nqpNmfMqIsoSGyxHNllFzxH_vL7YXplZ7MhN8lOfnzHcg9ClnJ9Ua1yn8izbuSuHMPJ6GOV-oY6gMyY1RwZCNidwXcJ3uUhmZqxB7UWeWtNKMbcFyIePCYphy1XVUjmUIYlxsYkf3dijLQIAN_Fw7uSrLRMilDZ8_wBxHD1QqSU_xwdbRf82K7W9EkfP2WZPlBhDpjkSZZ4DwAASs_PsAfzj55XPQLvVzJIFEmmehYhwvAou3mRd0fKbdwXZlny_xMfXNLoyAI1I6PdXOXNOIPBUqxdl7yWSFt0lRguuMppcJ4oYB824Jwu3-Cv2UNIv8gPge5AjwJakD4mdUOiuaCJsx6LIz9MYk2-qBxsXOpJ_rmaCYgyP7JHeJzsGN5lp1x9WoPpHfkvjHZh6LE4NGaSTMxgT2ZZPUDQw4vgr2-MpyPPfKleQAn635quId7Na9v7-vjeFcd4dUU2TjA%26flowName%3DGeneralOAuthFlow%26as%3DS2049281902%253A1787294154866453",true,false
22,2695,"accounts.google.com/v3/signin/identifier?opparams=%253F&dsh=S2049281902%3A1787294154866453&client_id=950472034074-acj262jqk6trve8i4ndsudqeokvh5pef.apps.googleusercontent.com&o2v=2&redirect_uri=https%3A%2F%2Fd3.delima.edu.my%2Fauthentication%2Fcode&response_type=code&scope=openid+email+profile&service=lso&state=c0a8a29171608ea959f2b681116ba5d3&flowName=GeneralOAuthFlow&continue=https%3A%2F%2Faccounts.google.com%2Fsignin%2Foauth%2Fconsent%3Fauthuser%3Dunknown%26part%3DAJi8hAMzkqfDRcF2nqpNmfMqIsoSGyxHNllFzxH_vL7YXplZ7MhN8lOfnzHcg9ClnJ9Ua1yn8izbuSuHMPJ6GOV-oY6gMyY1RwZCNidwXcJ3uUhmZqxB7UWeWtNKMbcFyIePCYphy1XVUjmUIYlxsYkf3dijLQIAN_Fw7uSrLRMilDZ8_wBxHD1QqSU_xwdbRf82K7W9EkfP2WZPlBhDpjkSZZ4DwAASs_PsAfzj55XPQLvVzJIFEmmehYhwvAou3mRd0fKbdwXZlny_xMfXNLoyAI1I6PdXOXNOIPBUqxdl7yWSFt0lRguuMppcJ4oYB824Jwu3-Cv2UNIv8gPge5AjwJakD4mdUOiuaCJsx6LIz9MYk2-qBxsXOpJ_rmaCYgyP7JHeJzsGN5lp1x9WoPpHfkvjHZh6LE4NGaSTMxgT2ZZPUDQw4vgr2-MpyPPfKleQAn635quId7Na9v7-vjeFcd4dUU2TjA%26flowName%3DGeneralOAuthFlow%26as%3DS2049281902%253A1787294154866453",true,false
22,2802,"Sign in - Google Accounts - Google Chrome",true,false
22,2913,"Sign in - Google Accounts - Google Chrome",true,false
22,3163,"Sign in - Google Accounts - Google Chrome",true,false
22,3265,"Sign in - Google Accounts - Google Chrome",true,false
22,3372,"Sign in - Google Accounts - Google Chrome",true,false
22,3482,"Sign in - Google Accounts - Google Chrome",true,false
22,3590,"Sign in - Google Accounts - Google Chrome",true,false
22,3705,"Sign in - Google Accounts - Google Chrome",true,false
22,3816,"Sign in - Google Accounts - Google Chrome",true,false
22,3920,"Sign in - Google Accounts - Google Chrome",true,false
22,4024,"Sign in - Google Accounts - Google Chrome",true,false
22,4139,"Sign in - Google Accounts - Google Chrome",true,false
22,4246,"Sign in - Google Accounts - Google Chrome",true,false
22,4348,"Sign in - Google Accounts - Google Chrome",true,false
22,4451,"Sign in - Google Accounts - Google Chrome",true,false
22,4556,"Sign in - Google Accounts - Google Chrome",true,false
22,4660,"Sign in - Google Accounts - Google Chrome",true,false
22,4764,"Sign in - Google Accounts - Google Chrome",true,false
22,4875,"Sign in - Google Accounts - Google Chrome",true,false
22,4987,"Sign in - Google Accounts - Google Chrome",true,false
22,5089,"Sign in - Google Accounts - Google Chrome",true,false
22,5193,"Sign in - Google Accounts - Google Chrome",true,false
22,5295,"Sign in - Google Accounts - Google Chrome",true,false
22,5398,"Sign in - Google Accounts - Google Chrome",true,false
22,5514,"Hi RAJA MUHAMMAD AZRIEN BIN RAJA AZAMAN SHAH - Google Chrome",true,false
22,5626,"Hi RAJA MUHAMMAD AZRIEN BIN RAJA AZAMAN SHAH - Google Chrome",true,false
22,5741,"Hi RAJA MUHAMMAD AZRIEN BIN RAJA AZAMAN SHAH - Google Chrome",true,false
22,5852,"Hi RAJA MUHAMMAD AZRIEN BIN RAJA AZAMAN SHAH - Google Chrome",true,true
22,5956,"Hi RAJA MUHAMMAD AZRIEN BIN RAJA AZAMAN SHAH - Google Chrome",true,true
22,6061,"Hi RAJA MUHAMMAD AZRIEN BIN RAJA AZAMAN SHAH - Google Chrome",true,true
22,6165,"Hi RAJA MUHAMMAD AZRIEN BIN RAJA AZAMAN SHAH - Google Chrome",true,true
22,6367,"Hi RAJA MUHAMMAD AZRIEN BIN RAJA AZAMAN SHAH - Google Chrome",true,true
22,6476,"Hi RAJA MUHAMMAD AZRIEN BIN RAJA AZAMAN SHAH - Google Chrome",true,true
22,6580,"Hi RAJA MUHAMMAD AZRIEN BIN RAJA AZAMAN SHAH - Google Chrome",true,true
22,6687,"Hi RAJA MUHAMMAD AZRIEN BIN RAJA AZAMAN SHAH - Google Chrome",true,true
22,6794,"Hi RAJA MUHAMMAD AZRIEN BIN RAJA AZAMAN SHAH - Google Chrome",true,true
22,6910,"Hi RAJA MUHAMMAD AZRIEN BIN RAJA AZAMAN SHAH - Google Chrome",true,true
22,7018,"Hi RAJA MUHAMMAD AZRIEN BIN RAJA AZAMAN SHAH - Google Chrome",true,true
22,7125,"Delima-AutoLogin - Antigravity IDE - README.md",true,false
22,7239,"Delima-AutoLogin - Antigravity IDE - README.md",true,false
23,0,"Delima-AutoLogin - Antigravity IDE - README.md",true,false
23,108,"Delima-AutoLogin - Antigravity IDE - README.md",true,false
23,226,"Untitled - Google Chrome",true,false
23,365,"Untitled - Google Chrome",true,false
23,479,"Untitled - Google Chrome",true,false
23,585,"DELIMa 3.0 Digital Educational Learning Initiative Malaysia - Google Chrome",true,false
23,696,"DELIMa 3.0 Digital Educational Learning Initiative Malaysia - Google Chrome",true,false
23,807,"DELIMa 3.0 Digital Educational Learning Initiative Malaysia - Google Chrome",true,false
23,919,"DELIMa 3.0 Digital Educational Learning Initiative Malaysia - Google Chrome",true,false
23,1022,"DELIMa 3.0 Digital Educational Learning Initiative Malaysia - Google Chrome",true,false
23,1134,"DELIMa 3.0 Digital Educational Learning Initiative Malaysia - Google Chrome",true,false
23,1242,"DELIMa 3.0 Digital Educational Learning Initiative Malaysia - Google Chrome",true,false
23,1345,"DELIMa 3.0 Digital Educational Learning Initiative Malaysia - Google Chrome",true,false
23,1458,"DELIMa 3.0 Digital Educational Learning Initiative Malaysia - Google Chrome",true,false
23,1568,"DELIMa 3.0 Digital Educational Learning Initiative Malaysia - Google Chrome",true,false
23,1671,"DELIMa 3.0 Digital Educational Learning Initiative Malaysia - Google Chrome",true,false
23,1783,"DELIMa 3.0 Digital Educational Learning Initiative Malaysia - Google Chrome",true,false
23,1891,"DELIMa 3.0 Digital Educational Learning Initiative Malaysia - Google Chrome",true,false
23,1998,"Translate this page?",true,false
23,2104,"Translate this page?",true,false
23,2216,"Translate this page?",true,false
23,2327,"DELIMa 3.0 Digital Educational Learning Initiative Malaysia - Google Chrome",true,false
23,2433,"DELIMa 3.0 Digital Educational Learning Initiative Malaysia - Google Chrome",true,false
23,2537,"DELIMa 3.0 Digital Educational Learning Initiative Malaysia - Google Chrome",true,false
23,2649,"DELIMa 3.0 Digital Educational Learning Initiative Malaysia - Google Chrome",true,false
23,2790,"accounts.google.com/v3/signin/identifier?opparams=%253F&dsh=S-1072358740%3A1787294163092076&client_id=950472034074-acj262jqk6trve8i4ndsudqeokvh5pef.apps.googleusercontent.com&o2v=2&redirect_uri=https%3A%2F%2Fd3.delima.edu.my%2Fauthentication%2Fcode&response_type=code&scope=openid+email+profile&service=lso&state=d6941371443b1171d9db850d7cd06d1f&flowName=GeneralOAuthFlow&continue=https%3A%2F%2Faccounts.google.com%2Fsignin%2Foauth%2Fconsent%3Fauthuser%3Dunknown%26part%3DAJi8hAMOy2ORGnkMX7ZdxkA1MgA_WuS8jdoEPvgPjJO_X6ggrvAwTQ28tJb_j7_DCJhYHOu4IOiUuTOwm7dGCQTj99e3OeYpLxJHsI4pEXKHJ91z0F427iMisGMe9y1PpS4rd2ex7OI3KEIRDGG5b-KPXP5KN9-y_YthpsLkKLxTTiMXpn_FK5j8HWUP7HxJ2OvjOEUT7yM0kzZz724iN6Xr_VZa01a8-6CDH4bEd6fCtC8LEdqLxcfDPS1NLAn51vYNiSVP1sgIiDwJij4d9xF5xvPkl2EsYtj4ZXVEmggtKaexTtu1NiWTEeNcU3OJaGsz7KKAYt03mrYC3CCw2lDX9rOEeZ7nuRwzMWJnA2Is6RT3ARgsvxxksZeMM_vRMazV-66sUq3R3EmLhTNqG2GQlGDWv3tdNCqyNAdE9z50M9HRTnGIh_OFizXkNHbmFtHPNCLAqA3GlLQ5o55gPgIA0OYpvyoOlg%26flowName%3DGeneralOAuthFlow%26as%3DS-1072358740%253A17872941630920",true,false
23,2905,"accounts.google.com/v3/signin/identifier?opparams=%253F&dsh=S-1072358740%3A1787294163092076&client_id=950472034074-acj262jqk6trve8i4ndsudqeokvh5pef.apps.googleusercontent.com&o2v=2&redirect_uri=https%3A%2F%2Fd3.delima.edu.my%2Fauthentication%2Fcode&response_type=code&scope=openid+email+profile&service=lso&state=d6941371443b1171d9db850d7cd06d1f&flowName=GeneralOAuthFlow&continue=https%3A%2F%2Faccounts.google.com%2Fsignin%2Foauth%2Fconsent%3Fauthuser%3Dunknown%26part%3DAJi8hAMOy2ORGnkMX7ZdxkA1MgA_WuS8jdoEPvgPjJO_X6ggrvAwTQ28tJb_j7_DCJhYHOu4IOiUuTOwm7dGCQTj99e3OeYpLxJHsI4pEXKHJ91z0F427iMisGMe9y1PpS4rd2ex7OI3KEIRDGG5b-KPXP5KN9-y_YthpsLkKLxTTiMXpn_FK5j8HWUP7HxJ2OvjOEUT7yM0kzZz724iN6Xr_VZa01a8-6CDH4bEd6fCtC8LEdqLxcfDPS1NLAn51vYNiSVP1sgIiDwJij4d9xF5xvPkl2EsYtj4ZXVEmggtKaexTtu1NiWTEeNcU3OJaGsz7KKAYt03mrYC3CCw2lDX9rOEeZ7nuRwzMWJnA2Is6RT3ARgsvxxksZeMM_vRMazV-66sUq3R3EmLhTNqG2GQlGDWv3tdNCqyNAdE9z50M9HRTnGIh_OFizXkNHbmFtHPNCLAqA3GlLQ5o55gPgIA0OYpvyoOlg%26flowName%3DGeneralOAuthFlow%26as%3DS-1072358740%253A17872941630920",true,false
23,3014,"Sign in - Google Accounts - Google Chrome",true,false
23,3319,"Sign in - Google Accounts - Google Chrome",true,false
23,3421,"Sign in - Google Accounts - Google Chrome",true,false
23,3534,"Sign in - Google Accounts - Google Chrome",true,false
23,3646,"Sign in - Google Accounts - Google Chrome",true,false
23,3749,"Sign in - Google Accounts - Google Chrome",true,false
23,3851,"Sign in - Google Accounts - Google Chrome",true,false
23,3959,"Sign in - Google Accounts - Google Chrome",true,false
23,4069,"Sign in - Google Accounts - Google Chrome",true,false
23,4183,"Sign in - Google Accounts - Google Chrome",true,false
23,4299,"Sign in - Google Accounts - Google Chrome",true,false
23,4413,"Sign in - Google Accounts - Google Chrome",true,false
23,4516,"Sign in - Google Accounts - Google Chrome",true,false
23,4620,"Sign in - Google Accounts - Google Chrome",true,false
23,4724,"Sign in - Google Accounts - Google Chrome",true,false
23,4838,"Sign in - Google Accounts - Google Chrome",true,false
23,4949,"Sign in - Google Accounts - Google Chrome",true,false
23,5060,"Sign in - Google Accounts - Google Chrome",true,false
23,5163,"Sign in - Google Accounts - Google Chrome",true,false
23,5274,"Sign in - Google Accounts - Google Chrome",true,false
23,5388,"Sign in - Google Accounts - Google Chrome",true,false
23,5491,"Hi RAJA MUHAMMAD AZRIEN BIN RAJA AZAMAN SHAH - Google Chrome",true,false
23,5602,"Hi RAJA MUHAMMAD AZRIEN BIN RAJA AZAMAN SHAH - Google Chrome",true,false
23,5708,"Hi RAJA MUHAMMAD AZRIEN BIN RAJA AZAMAN SHAH - Google Chrome",true,false
23,5820,"Hi RAJA MUHAMMAD AZRIEN BIN RAJA AZAMAN SHAH - Google Chrome",true,true
23,5937,"Hi RAJA MUHAMMAD AZRIEN BIN RAJA AZAMAN SHAH - Google Chrome",true,true
23,6044,"Hi RAJA MUHAMMAD AZRIEN BIN RAJA AZAMAN SHAH - Google Chrome",true,true
23,6149,"Hi RAJA MUHAMMAD AZRIEN BIN RAJA AZAMAN SHAH - Google Chrome",true,true
23,6255,"Hi RAJA MUHAMMAD AZRIEN BIN RAJA AZAMAN SHAH - Google Chrome",true,true
23,6359,"Hi RAJA MUHAMMAD AZRIEN BIN RAJA AZAMAN SHAH - Google Chrome",true,true
23,6545,"Hi RAJA MUHAMMAD AZRIEN BIN RAJA AZAMAN SHAH - Google Chrome",true,true
23,6651,"Delima-AutoLogin - Antigravity IDE - README.md",true,false
24,0,"Delima-AutoLogin - Antigravity IDE - README.md",true,false
24,116,"Delima-AutoLogin - Antigravity IDE - README.md",true,false
24,221,"Untitled - Google Chrome",true,false
24,378,"Untitled - Google Chrome",true,false
24,491,"Untitled - Google Chrome",true,false
24,607,"DELIMa 3.0 Digital Educational Learning Initiative Malaysia - Google Chrome",true,false
24,715,"DELIMa 3.0 Digital Educational Learning Initiative Malaysia - Google Chrome",true,false
24,819,"DELIMa 3.0 Digital Educational Learning Initiative Malaysia - Google Chrome",true,false
24,926,"DELIMa 3.0 Digital Educational Learning Initiative Malaysia - Google Chrome",true,false
24,1034,"DELIMa 3.0 Digital Educational Learning Initiative Malaysia - Google Chrome",true,false
24,1138,"DELIMa 3.0 Digital Educational Learning Initiative Malaysia - Google Chrome",true,false
24,1253,"DELIMa 3.0 Digital Educational Learning Initiative Malaysia - Google Chrome",true,false
24,1367,"DELIMa 3.0 Digital Educational Learning Initiative Malaysia - Google Chrome",true,false
24,1472,"DELIMa 3.0 Digital Educational Learning Initiative Malaysia - Google Chrome",true,false
24,1574,"DELIMa 3.0 Digital Educational Learning Initiative Malaysia - Google Chrome",true,false
24,1683,"Translate this page?",true,false
24,1796,"Translate this page?",true,false
24,1912,"Translate this page?",true,false
24,2025,"DELIMa 3.0 Digital Educational Learning Initiative Malaysia - Google Chrome",true,false
24,2137,"DELIMa 3.0 Digital Educational Learning Initiative Malaysia - Google Chrome",true,false
24,2247,"DELIMa 3.0 Digital Educational Learning Initiative Malaysia - Google Chrome",true,false
24,2361,"DELIMa 3.0 Digital Educational Learning Initiative Malaysia - Google Chrome",true,false
24,2492,"accounts.google.com/v3/signin/identifier?opparams=%253F&dsh=S1647979540%3A1787294170285927&client_id=950472034074-acj262jqk6trve8i4ndsudqeokvh5pef.apps.googleusercontent.com&o2v=2&redirect_uri=https%3A%2F%2Fd3.delima.edu.my%2Fauthentication%2Fcode&response_type=code&scope=openid+email+profile&service=lso&state=60941e0110521e8c0889d631f80d42b2&flowName=GeneralOAuthFlow&continue=https%3A%2F%2Faccounts.google.com%2Fsignin%2Foauth%2Fconsent%3Fauthuser%3Dunknown%26part%3DAJi8hAOz1XArkRJAWurJwFZL-4zDeCc_kvOudc5TDoqZDNwMslvOw4V7FFePnGzVWccBdGqxJYh4XHiZ0L_jOTE6Go2-3NjTi3YJxp1XKYEonG9cRJ2Tc-VpFLjrfVfWTCfU2cRGl3vpofqw7xRCaAKdlCn6bgHlE0ncd_DZl18bIshENssbxBfhg1CXJ-mgzSrKRNxappinqh1flUD800IYW96X4Coe5qe8pFO7yj9FoNtr44NkKs8M6NRe5_LoQHdndRSv4J0FmBm85J0XABn78zpjy8pePz_UrZNY4mFKBlhhtjSkVjLei0k9hTZb967jXPR86EuG-VIstrRVxGnKidHVhoKyGRJWAcRr98YttJvkOimou6mW8hehIZZfXWE6EgC5U-eI-HyjzpkFNE_oUzeyl_XR3kBNrgaYLxufPzYZ8yGNKeBHDre65-mYcKFqKgeFUELUprSacnltTGgfdNeZWF-n8g%26flowName%3DGeneralOAuthFlow%26as%3DS1647979540%253A1787294170285927",true,false
24,2608,"accounts.google.com/v3/signin/identifier?opparams=%253F&dsh=S1647979540%3A1787294170285927&client_id=950472034074-acj262jqk6trve8i4ndsudqeokvh5pef.apps.googleusercontent.com&o2v=2&redirect_uri=https%3A%2F%2Fd3.delima.edu.my%2Fauthentication%2Fcode&response_type=code&scope=openid+email+profile&service=lso&state=60941e0110521e8c0889d631f80d42b2&flowName=GeneralOAuthFlow&continue=https%3A%2F%2Faccounts.google.com%2Fsignin%2Foauth%2Fconsent%3Fauthuser%3Dunknown%26part%3DAJi8hAOz1XArkRJAWurJwFZL-4zDeCc_kvOudc5TDoqZDNwMslvOw4V7FFePnGzVWccBdGqxJYh4XHiZ0L_jOTE6Go2-3NjTi3YJxp1XKYEonG9cRJ2Tc-VpFLjrfVfWTCfU2cRGl3vpofqw7xRCaAKdlCn6bgHlE0ncd_DZl18bIshENssbxBfhg1CXJ-mgzSrKRNxappinqh1flUD800IYW96X4Coe5qe8pFO7yj9FoNtr44NkKs8M6NRe5_LoQHdndRSv4J0FmBm85J0XABn78zpjy8pePz_UrZNY4mFKBlhhtjSkVjLei0k9hTZb967jXPR86EuG-VIstrRVxGnKidHVhoKyGRJWAcRr98YttJvkOimou6mW8hehIZZfXWE6EgC5U-eI-HyjzpkFNE_oUzeyl_XR3kBNrgaYLxufPzYZ8yGNKeBHDre65-mYcKFqKgeFUELUprSacnltTGgfdNeZWF-n8g%26flowName%3DGeneralOAuthFlow%26as%3DS1647979540%253A1787294170285927",true,false
24,2716,"Sign in - Google Accounts - Google Chrome",true,false
24,3047,"Sign in - Google Accounts - Google Chrome",true,false
24,3156,"Sign in - Google Accounts - Google Chrome",true,false
24,3262,"Sign in - Google Accounts - Google Chrome",true,false
24,3366,"Sign in - Google Accounts - Google Chrome",true,false
24,3471,"Sign in - Google Accounts - Google Chrome",true,false
24,3578,"Sign in - Google Accounts - Google Chrome",true,false
24,3681,"Sign in - Google Accounts - Google Chrome",true,false
24,3795,"Sign in - Google Accounts - Google Chrome",true,false
24,3900,"Sign in - Google Accounts - Google Chrome",true,false
24,4007,"Sign in - Google Accounts - Google Chrome",true,false
24,4118,"Sign in - Google Accounts - Google Chrome",true,false
24,4233,"Sign in - Google Accounts - Google Chrome",true,false
24,4348,"Sign in - Google Accounts - Google Chrome",true,false
24,4452,"Sign in - Google Accounts - Google Chrome",true,false
24,4567,"Sign in - Google Accounts - Google Chrome",true,false
24,4668,"Sign in - Google Accounts - Google Chrome",true,false
24,4770,"Sign in - Google Accounts - Google Chrome",true,false
24,4882,"Sign in - Google Accounts - Google Chrome",true,false
24,4992,"Sign in - Google Accounts - Google Chrome",true,false
24,5097,"Sign in - Google Accounts - Google Chrome",true,false
24,5203,"Sign in - Google Accounts - Google Chrome",true,false
24,5316,"Sign in - Google Accounts - Google Chrome",true,false
24,5428,"Sign in - Google Accounts - Google Chrome",true,false
24,5538,"Sign in - Google Accounts - Google Chrome",true,false
24,5645,"Sign in - Google Accounts - Google Chrome",true,false
24,5753,"Sign in - Google Accounts - Google Chrome",true,false
24,5857,"Sign in - Google Accounts - Google Chrome",true,false
24,5970,"Sign in - Google Accounts - Google Chrome",true,false
24,6085,"Sign in - Google Accounts - Google Chrome",true,false
24,6188,"Welcome - Google Chrome",true,false
24,6303,"Welcome - Google Chrome",true,true
24,6535,"Welcome - Google Chrome",true,true
24,6641,"Welcome - Google Chrome",true,true
24,6748,"Welcome - Google Chrome",true,true
24,6851,"Welcome - Google Chrome",true,true
24,6968,"Welcome - Google Chrome",true,true
24,7077,"Welcome - Google Chrome",true,true
24,7186,"Welcome - Google Chrome",true,true
24,7303,"Delima-AutoLogin - Antigravity IDE - README.md",true,false
25,2,"Delima-AutoLogin - Antigravity IDE - README.md",true,false
25,108,"Delima-AutoLogin - Antigravity IDE - README.md",true,false
25,222,"Untitled - Google Chrome",true,false
25,410,"Untitled - Google Chrome",true,false
25,525,"Untitled - Google Chrome",true,false
25,637,"DELIMa 3.0 Digital Educational Learning Initiative Malaysia - Google Chrome",true,false
25,752,"DELIMa 3.0 Digital Educational Learning Initiative Malaysia - Google Chrome",true,false
25,857,"DELIMa 3.0 Digital Educational Learning Initiative Malaysia - Google Chrome",true,false
25,970,"DELIMa 3.0 Digital Educational Learning Initiative Malaysia - Google Chrome",true,false
25,1072,"DELIMa 3.0 Digital Educational Learning Initiative Malaysia - Google Chrome",true,false
25,1177,"DELIMa 3.0 Digital Educational Learning Initiative Malaysia - Google Chrome",true,false
25,1291,"Delima-AutoLogin - Antigravity IDE - README.md",true,false
26,0,"Delima-AutoLogin - Antigravity IDE - README.md",true,false
26,106,"Delima-AutoLogin - Antigravity IDE - README.md",true,false
26,221,"Untitled - Google Chrome",true,false
26,360,"Untitled - Google Chrome",true,false
26,469,"Untitled - Google Chrome",true,false
26,584,"DELIMa 3.0 Digital Educational Learning Initiative Malaysia - Google Chrome",true,false
26,695,"DELIMa 3.0 Digital Educational Learning Initiative Malaysia - Google Chrome",true,false
26,800,"DELIMa 3.0 Digital Educational Learning Initiative Malaysia - Google Chrome",true,false
26,916,"Delima-AutoLogin - Antigravity IDE - README.md",true,false
27,0,"Delima-AutoLogin - Antigravity IDE - README.md",true,false
27,116,"Delima-AutoLogin - Antigravity IDE - README.md",true,false
27,232,"Untitled - Google Chrome",true,false
27,362,"Untitled - Google Chrome",true,false
27,474,"Untitled - Google Chrome",true,false
27,580,"DELIMa 3.0 Digital Educational Learning Initiative Malaysia - Google Chrome",true,false
27,696,"DELIMa 3.0 Digital Educational Learning Initiative Malaysia - Google Chrome",true,false
27,811,"DELIMa 3.0 Digital Educational Learning Initiative Malaysia - Google Chrome",true,false
27,917,"DELIMa 3.0 Digital Educational Learning Initiative Malaysia - Google Chrome",true,false
27,1025,"DELIMa 3.0 Digital Educational Learning Initiative Malaysia - Google Chrome",true,false
27,1141,"DELIMa 3.0 Digital Educational Learning Initiative Malaysia - Google Chrome",true,false
27,1246,"Delima-AutoLogin - Antigravity IDE - README.md",true,false
28,0,"Delima-AutoLogin - Antigravity IDE - README.md",true,false
28,108,"Delima-AutoLogin - Antigravity IDE - README.md",true,false
28,218,"Untitled - Google Chrome",true,false
28,363,"Untitled - Google Chrome",true,false
28,470,"Untitled - Google Chrome",true,false
28,587,"DELIMa 3.0 Digital Educational Learning Initiative Malaysia - Google Chrome",true,false
28,700,"DELIMa 3.0 Digital Educational Learning Initiative Malaysia - Google Chrome",true,false
28,802,"DELIMa 3.0 Digital Educational Learning Initiative Malaysia - Google Chrome",true,false
28,909,"DELIMa 3.0 Digital Educational Learning Initiative Malaysia - Google Chrome",true,false
28,1014,"Delima-AutoLogin - Antigravity IDE - README.md",true,false
28,1127,"Delima-AutoLogin - Antigravity IDE - README.md",true,false
29,0,"Delima-AutoLogin - Antigravity IDE - README.md",true,false
29,112,"Delima-AutoLogin - Antigravity IDE - README.md",true,false
29,224,"Untitled - Google Chrome",true,false
29,356,"Untitled - Google Chrome",true,false
29,466,"Untitled - Google Chrome",true,false
29,587,"DELIMa 3.0 Digital Educational Learning Initiative Malaysia - Google Chrome",true,false
29,700,"DELIMa 3.0 Digital Educational Learning Initiative Malaysia - Google Chrome",true,false
29,815,"DELIMa 3.0 Digital Educational Learning Initiative Malaysia - Google Chrome",true,false
29,926,"DELIMa 3.0 Digital Educational Learning Initiative Malaysia - Google Chrome",true,false
29,1038,"DELIMa 3.0 Digital Educational Learning Initiative Malaysia - Google Chrome",false,
30,0,"Delima-AutoLogin - Antigravity IDE - README.md",true,false
30,111,"Delima-AutoLogin - Antigravity IDE - README.md",true,false
30,215,"Untitled - Google Chrome",true,false
30,362,"Untitled - Google Chrome",true,false
30,477,"Untitled - Google Chrome",true,false
30,595,"DELIMa 3.0 Digital Educational Learning Initiative Malaysia - Google Chrome",true,false
30,702,"DELIMa 3.0 Digital Educational Learning Initiative Malaysia - Google Chrome",true,false
30,805,"DELIMa 3.0 Digital Educational Learning Initiative Malaysia - Google Chrome",true,false
30,918,"DELIMa 3.0 Digital Educational Learning Initiative Malaysia - Google Chrome",true,false
30,1022,"DELIMa 3.0 Digital Educational Learning Initiative Malaysia - Google Chrome",true,false
30,1135,"DELIMa 3.0 Digital Educational Learning Initiative Malaysia - Google Chrome",true,false
30,1249,"DELIMa 3.0 Digital Educational Learning Initiative Malaysia - Google Chrome",true,false
30,1352,"DELIMa 3.0 Digital Educational Learning Initiative Malaysia - Google Chrome",false,
31,0,"Delima-AutoLogin - Antigravity IDE - README.md",true,false
31,101,"Delima-AutoLogin - Antigravity IDE - README.md",true,false
31,206,"Untitled - Google Chrome",true,false
31,365,"Untitled - Google Chrome",true,false
31,472,"Untitled - Google Chrome",true,false
31,590,"DELIMa 3.0 Digital Educational Learning Initiative Malaysia - Google Chrome",true,false
31,702,"DELIMa 3.0 Digital Educational Learning Initiative Malaysia - Google Chrome",true,false
31,805,"DELIMa 3.0 Digital Educational Learning Initiative Malaysia - Google Chrome",true,false
31,912,"DELIMa 3.0 Digital Educational Learning Initiative Malaysia - Google Chrome",true,false
31,1016,"DELIMa 3.0 Digital Educational Learning Initiative Malaysia - Google Chrome",true,false
31,1131,"DELIMa 3.0 Digital Educational Learning Initiative Malaysia - Google Chrome",false,
32,0,"Delima-AutoLogin - Antigravity IDE - README.md",true,false
32,102,"Delima-AutoLogin - Antigravity IDE - README.md",true,false
32,209,"Untitled - Google Chrome",true,false
32,369,"Untitled - Google Chrome",true,false
32,483,"Untitled - Google Chrome",true,false
32,589,"DELIMa 3.0 Digital Educational Learning Initiative Malaysia - Google Chrome",true,false
32,696,"DELIMa 3.0 Digital Educational Learning Initiative Malaysia - Google Chrome",true,false
32,802,"DELIMa 3.0 Digital Educational Learning Initiative Malaysia - Google Chrome",true,false
32,914,"DELIMa 3.0 Digital Educational Learning Initiative Malaysia - Google Chrome",true,false
32,1030,"DELIMa 3.0 Digital Educational Learning Initiative Malaysia - Google Chrome",true,false
32,1144,"Delima-AutoLogin - Antigravity IDE - README.md",true,false
33,0,"Delima-AutoLogin - Antigravity IDE - README.md",true,false
33,108,"Delima-AutoLogin - Antigravity IDE - README.md",true,false
33,217,"Untitled - Google Chrome",true,false
33,378,"Untitled - Google Chrome",true,false
33,487,"Untitled - Google Chrome",true,false
33,605,"DELIMa 3.0 Digital Educational Learning Initiative Malaysia - Google Chrome",true,false
33,709,"DELIMa 3.0 Digital Educational Learning Initiative Malaysia - Google Chrome",true,false
33,813,"DELIMa 3.0 Digital Educational Learning Initiative Malaysia - Google Chrome",true,false
33,921,"DELIMa 3.0 Digital Educational Learning Initiative Malaysia - Google Chrome",true,false
33,1026,"DELIMa 3.0 Digital Educational Learning Initiative Malaysia - Google Chrome",true,false
33,1132,"DELIMa 3.0 Digital Educational Learning Initiative Malaysia - Google Chrome",true,false
33,1236,"Delima-AutoLogin - Antigravity IDE - README.md",true,false
33,1338,"Delima-AutoLogin - Antigravity IDE - README.md",true,false
34,0,"Delima-AutoLogin - Antigravity IDE - README.md",true,false
34,108,"Delima-AutoLogin - Antigravity IDE - README.md",true,false
34,223,"Untitled - Google Chrome",true,false
34,383,"Untitled - Google Chrome",true,false
34,497,"Untitled - Google Chrome",true,false
34,613,"DELIMa 3.0 Digital Educational Learning Initiative Malaysia - Google Chrome",true,false
34,718,"DELIMa 3.0 Digital Educational Learning Initiative Malaysia - Google Chrome",true,false
34,832,"DELIMa 3.0 Digital Educational Learning Initiative Malaysia - Google Chrome",true,false
34,935,"Delima-AutoLogin - Antigravity IDE - README.md",true,false
35,0,"Delima-AutoLogin - Antigravity IDE - README.md",true,false
35,105,"Delima-AutoLogin - Antigravity IDE - README.md",true,false
35,218,"Untitled - Google Chrome",true,false
35,372,"Untitled - Google Chrome",true,false
35,484,"Untitled - Google Chrome",true,false
35,603,"DELIMa 3.0 Digital Educational Learning Initiative Malaysia - Google Chrome",true,false
35,715,"DELIMa 3.0 Digital Educational Learning Initiative Malaysia - Google Chrome",true,false
35,819,"DELIMa 3.0 Digital Educational Learning Initiative Malaysia - Google Chrome",true,false
35,923,"Delima-AutoLogin - Antigravity IDE - README.md",true,false
36,0,"Delima-AutoLogin - Antigravity IDE - README.md",true,false
36,117,"Delima-AutoLogin - Antigravity IDE - README.md",true,false
36,223,"Untitled - Google Chrome",true,false
36,363,"Untitled - Google Chrome",true,false
36,479,"Untitled - Google Chrome",true,false
36,599,"DELIMa 3.0 Digital Educational Learning Initiative Malaysia - Google Chrome",true,false
36,715,"DELIMa 3.0 Digital Educational Learning Initiative Malaysia - Google Chrome",true,false
36,818,"DELIMa 3.0 Digital Educational Learning Initiative Malaysia - Google Chrome",true,false
36,930,"DELIMa 3.0 Digital Educational Learning Initiative Malaysia - Google Chrome",true,false
36,1044,"Delima-AutoLogin - Antigravity IDE - README.md",true,false
37,0,"Delima-AutoLogin - Antigravity IDE - README.md",true,false
37,109,"Delima-AutoLogin - Antigravity IDE - README.md",true,false
37,214,"Untitled - Google Chrome",true,false
37,359,"Untitled - Google Chrome",true,false
37,475,"Untitled - Google Chrome",true,false
37,583,"DELIMa 3.0 Digital Educational Learning Initiative Malaysia - Google Chrome",true,false
37,696,"DELIMa 3.0 Digital Educational Learning Initiative Malaysia - Google Chrome",true,false
37,805,"DELIMa 3.0 Digital Educational Learning Initiative Malaysia - Google Chrome",true,false
37,919,"DELIMa 3.0 Digital Educational Learning Initiative Malaysia - Google Chrome",true,false
37,1045,"Delima-AutoLogin - Antigravity IDE - README.md",true,false
38,0,"Delima-AutoLogin - Antigravity IDE - README.md",true,false
38,107,"Delima-AutoLogin - Antigravity IDE - README.md",true,false
38,213,"Untitled - Google Chrome",true,false
38,364,"Untitled - Google Chrome",true,false
38,480,"Untitled - Google Chrome",true,false
38,599,"Untitled - Google Chrome",true,false
38,706,"DELIMa 3.0 Digital Educational Learning Initiative Malaysia - Google Chrome",true,false
38,819,"DELIMa 3.0 Digital Educational Learning Initiative Malaysia - Google Chrome",true,false
38,933,"Delima-AutoLogin - Antigravity IDE - README.md",true,false
39,0,"Delima-AutoLogin - Antigravity IDE - README.md",true,false
39,106,"Delima-AutoLogin - Antigravity IDE - README.md",true,false
39,225,"Untitled - Google Chrome",true,false
39,373,"Untitled - Google Chrome",true,false
39,490,"Untitled - Google Chrome",true,false
39,599,"DELIMa 3.0 Digital Educational Learning Initiative Malaysia - Google Chrome",true,false
39,714,"DELIMa 3.0 Digital Educational Learning Initiative Malaysia - Google Chrome",true,false
39,829,"DELIMa 3.0 Digital Educational Learning Initiative Malaysia - Google Chrome",true,false
39,937,"Delima-AutoLogin - Antigravity IDE - README.md",true,false
40,0,"Delima-AutoLogin - Antigravity IDE - README.md",true,false
40,116,"Delima-AutoLogin - Antigravity IDE - README.md",true,false
40,229,"Untitled - Google Chrome",true,false
40,358,"Untitled - Google Chrome",true,false
40,470,"Untitled - Google Chrome",true,false
40,578,"DELIMa 3.0 Digital Educational Learning Initiative Malaysia - Google Chrome",true,false
40,694,"DELIMa 3.0 Digital Educational Learning Initiative Malaysia - Google Chrome",true,false
40,800,"DELIMa 3.0 Digital Educational Learning Initiative Malaysia - Google Chrome",true,false
40,913,"Delima-AutoLogin - Antigravity IDE - README.md",true,false
41,0,"Delima-AutoLogin - Antigravity IDE - README.md",true,false
41,113,"Delima-AutoLogin - Antigravity IDE - README.md",true,false
41,225,"Untitled - Google Chrome",true,false
41,357,"Untitled - Google Chrome",true,false
41,474,"Untitled - Google Chrome",true,false
41,581,"Untitled - Google Chrome",true,false
41,697,"DELIMa 3.0 Digital Educational Learning Initiative Malaysia - Google Chrome",true,false
41,803,"DELIMa 3.0 Digital Educational Learning Initiative Malaysia - Google Chrome",true,false
41,919,"Delima-AutoLogin - Antigravity IDE - README.md",true,false
42,0,"Delima-AutoLogin - Antigravity IDE - README.md",true,false
42,111,"Delima-AutoLogin - Antigravity IDE - README.md",true,false
42,217,"Untitled - Google Chrome",true,false
42,358,"Untitled - Google Chrome",true,false
42,469,"Untitled - Google Chrome",true,false
42,576,"DELIMa 3.0 Digital Educational Learning Initiative Malaysia - Google Chrome",true,false
42,690,"DELIMa 3.0 Digital Educational Learning Initiative Malaysia - Google Chrome",true,false
42,792,"DELIMa 3.0 Digital Educational Learning Initiative Malaysia - Google Chrome",true,false
42,900,"DELIMa 3.0 Digital Educational Learning Initiative Malaysia - Google Chrome",true,false
42,1012,"Delima-AutoLogin - Antigravity IDE - README.md",true,false
43,0,"Delima-AutoLogin - Antigravity IDE - README.md",true,false
43,112,"Delima-AutoLogin - Antigravity IDE - README.md",true,false
43,215,"Untitled - Google Chrome",true,false
43,351,"Untitled - Google Chrome",true,false
43,468,"Untitled - Google Chrome",true,false
43,572,"DELIMa 3.0 Digital Educational Learning Initiative Malaysia - Google Chrome",true,false
43,676,"DELIMa 3.0 Digital Educational Learning Initiative Malaysia - Google Chrome",true,false
43,788,"DELIMa 3.0 Digital Educational Learning Initiative Malaysia - Google Chrome",true,false
43,899,"DELIMa 3.0 Digital Educational Learning Initiative Malaysia - Google Chrome",false,
44,0,"Delima-AutoLogin - Antigravity IDE - README.md",true,false
44,105,"Delima-AutoLogin - Antigravity IDE - README.md",true,false
44,208,"Untitled - Google Chrome",true,false
44,362,"Untitled - Google Chrome",true,false
44,475,"Untitled - Google Chrome",true,false
44,591,"DELIMa 3.0 Digital Educational Learning Initiative Malaysia - Google Chrome",true,false
44,696,"DELIMa 3.0 Digital Educational Learning Initiative Malaysia - Google Chrome",true,false
44,803,"DELIMa 3.0 Digital Educational Learning Initiative Malaysia - Google Chrome",true,false
44,911,"Delima-AutoLogin - Antigravity IDE - README.md",true,false
45,0,"Delima-AutoLogin - Antigravity IDE - README.md",true,false
45,116,"Delima-AutoLogin - Antigravity IDE - README.md",true,false
45,222,"Untitled - Google Chrome",true,false
45,355,"Untitled - Google Chrome",true,false
45,469,"Untitled - Google Chrome",true,false
45,589,"Untitled - Google Chrome",true,false
45,697,"",true,false
45,801,"Delima-AutoLogin - Antigravity IDE - README.md",true,false
46,0,"Delima-AutoLogin - Antigravity IDE - README.md",true,false
46,107,"Delima-AutoLogin - Antigravity IDE - README.md",true,false
46,223,"Untitled - Google Chrome",true,false
46,362,"Untitled - Google Chrome",true,false
46,482,"Untitled - Google Chrome",true,false
46,590,"DELIMa 3.0 Digital Educational Learning Initiative Malaysia - Google Chrome",true,false
46,704,"DELIMa 3.0 Digital Educational Learning Initiative Malaysia - Google Chrome",true,false
46,810,"Delima-AutoLogin - Antigravity IDE - README.md",true,false
47,0,"Delima-AutoLogin - Antigravity IDE - README.md",true,false
47,115,"Delima-AutoLogin - Antigravity IDE - README.md",true,false
47,225,"Untitled - Google Chrome",true,false
47,364,"Untitled - Google Chrome",true,false
47,483,"Untitled - Google Chrome",true,false
47,594,"DELIMa 3.0 Digital Educational Learning Initiative Malaysia - Google Chrome",true,false
47,705,"DELIMa 3.0 Digital Educational Learning Initiative Malaysia - Google Chrome",true,false
48,0,"Delima-AutoLogin - Antigravity IDE - README.md",true,false
48,103,"Delima-AutoLogin - Antigravity IDE - README.md",true,false
48,206,"Untitled - Google Chrome",true,false
48,365,"Untitled - Google Chrome",true,false
48,472,"Untitled - Google Chrome",true,false
48,590,"DELIMa 3.0 Digital Educational Learning Initiative Malaysia - Google Chrome",true,false
48,707,"DELIMa 3.0 Digital Educational Learning Initiative Malaysia - Google Chrome",true,false
48,825,"DELIMa 3.0 Digital Educational Learning Initiative Malaysia - Google Chrome",true,false
48,938,"Delima-AutoLogin - Antigravity IDE - README.md",true,false
49,0,"Delima-AutoLogin - Antigravity IDE - README.md",true,false
49,115,"Delima-AutoLogin - Antigravity IDE - README.md",true,false
49,231,"Untitled - Google Chrome",true,false
49,371,"Untitled - Google Chrome",true,false
49,489,"Untitled - Google Chrome",true,false
49,605,"DELIMa 3.0 Digital Educational Learning Initiative Malaysia - Google Chrome",true,false
49,718,"DELIMa 3.0 Digital Educational Learning Initiative Malaysia - Google Chrome",true,false
49,822,"DELIMa 3.0 Digital Educational Learning Initiative Malaysia - Google Chrome",true,false
49,936,"DELIMa 3.0 Digital Educational Learning Initiative Malaysia - Google Chrome",true,false
49,1045,"DELIMa 3.0 Digital Educational Learning Initiative Malaysia - Google Chrome",true,false
49,1151,"DELIMa 3.0 Digital Educational Learning Initiative Malaysia - Google Chrome",true,false
49,1253,"DELIMa 3.0 Digital Educational Learning Initiative Malaysia - Google Chrome",true,false
49,1366,"DELIMa 3.0 Digital Educational Learning Initiative Malaysia - Google Chrome",true,false
49,1475,"DELIMa 3.0 Digital Educational Learning Initiative Malaysia - Google Chrome",true,false
49,1586,"DELIMa 3.0 Digital Educational Learning Initiative Malaysia - Google Chrome",true,false
49,1695,"DELIMa 3.0 Digital Educational Learning Initiative Malaysia - Google Chrome",true,false
49,1809,"DELIMa 3.0 Digital Educational Learning Initiative Malaysia - Google Chrome",true,false
49,1924,"DELIMa 3.0 Digital Educational Learning Initiative Malaysia - Google Chrome",true,false
49,2029,"DELIMa 3.0 Digital Educational Learning Initiative Malaysia - Google Chrome",true,false
49,2145,"DELIMa 3.0 Digital Educational Learning Initiative Malaysia - Google Chrome",true,false
49,2258,"DELIMa 3.0 Digital Educational Learning Initiative Malaysia - Google Chrome",true,false
49,2363,"DELIMa 3.0 Digital Educational Learning Initiative Malaysia - Google Chrome",true,false
49,2480,"DELIMa 3.0 Digital Educational Learning Initiative Malaysia - Google Chrome",true,false
49,2587,"DELIMa 3.0 Digital Educational Learning Initiative Malaysia - Google Chrome",true,false
49,2700,"Delima-AutoLogin - Antigravity IDE - README.md",true,false
49,2818,"Delima-AutoLogin - Antigravity IDE - README.md",true,false
50,0,"Delima-AutoLogin - Antigravity IDE - README.md",true,false
50,109,"Delima-AutoLogin - Antigravity IDE - README.md",true,false
50,226,"Untitled - Google Chrome",true,false
50,367,"Untitled - Google Chrome",true,false
50,483,"Untitled - Google Chrome",true,false
50,606,"DELIMa 3.0 Digital Educational Learning Initiative Malaysia - Google Chrome",true,false
50,709,"DELIMa 3.0 Digital Educational Learning Initiative Malaysia - Google Chrome",true,false
50,825,"DELIMa 3.0 Digital Educational Learning Initiative Malaysia - Google Chrome",true,false
50,933,"DELIMa 3.0 Digital Educational Learning Initiative Malaysia - Google Chrome",true,false
50,1047,"DELIMa 3.0 Digital Educational Learning Initiative Malaysia - Google Chrome",true,false
50,1151,"DELIMa 3.0 Digital Educational Learning Initiative Malaysia - Google Chrome",true,false
50,1268,"Delima-AutoLogin - Antigravity IDE - README.md",true,false
