run,elapsed_ms,window_title,focus_resolvable,is_password
1,3,"Delima-AutoLogin - Antigravity IDE - README.md",true,false
1,179,"Untitled - Google Chrome",true,false
1,363,"Untitled - Google Chrome",true,false
1,483,"Untitled - Google Chrome",true,false
1,600,"DELIMa 3.0 Digital Educational Learning Initiative Malaysia - Google Chrome",true,false
1,705,"DELIMa 3.0 Digital Educational Learning Initiative Malaysia - Google Chrome",true,false
1,820,"DELIMa 3.0 Digital Educational Learning Initiative Malaysia - Google Chrome",true,false
1,924,"DELIMa 3.0 Digital Educational Learning Initiative Malaysia - Google Chrome",true,false
1,1040,"DELIMa 3.0 Digital Educational Learning Initiative Malaysia - Google Chrome",true,false
1,1145,"DELIMa 3.0 Digital Educational Learning Initiative Malaysia - Google Chrome",true,false
1,1255,"DELIMa 3.0 Digital Educational Learning Initiative Malaysia - Google Chrome",true,false
1,1369,"DELIMa 3.0 Digital Educational Learning Initiative Malaysia - Google Chrome",true,false
1,1475,"DELIMa 3.0 Digital Educational Learning Initiative Malaysia - Google Chrome",true,false
1,1583,"DELIMa 3.0 Digital Educational Learning Initiative Malaysia - Google Chrome",true,false
1,1691,"DELIMa 3.0 Digital Educational Learning Initiative Malaysia - Google Chrome",true,false
1,1793,"DELIMa 3.0 Digital Educational Learning Initiative Malaysia - Google Chrome",true,false
1,1897,"DELIMa 3.0 Digital Educational Learning Initiative Malaysia - Google Chrome",true,false
1,2004,"DELIMa 3.0 Digital Educational Learning Initiative Malaysia - Google Chrome",true,false
1,2117,"DELIMa 3.0 Digital Educational Learning Initiative Malaysia - Google Chrome",true,false
1,2230,"DELIMa 3.0 Digital Educational Learning Initiative Malaysia - Google Chrome",true,false
1,2341,"DELIMa 3.0 Digital Educational Learning Initiative Malaysia - Google Chrome",true,false
1,2445,"DELIMa 3.0 Digital Educational Learning Initiative Malaysia - Google Chrome",true,false
1,2558,"DELIMa 3.0 Digital Educational Learning Initiative Malaysia - Google Chrome",true,false
1,2672,"DELIMa 3.0 Digital Educational Learning Initiative Malaysia - Google Chrome",true,false
1,2783,"DELIMa 3.0 Digital Educational Learning Initiative Malaysia - Google Chrome",true,false
1,2899,"DELIMa 3.0 Digital Educational Learning Initiative Malaysia - Google Chrome",true,false
1,3008,"DELIMa 3.0 Digital Educational Learning Initiative Malaysia - Google Chrome",true,false
1,3123,"DELIMa 3.0 Digital Educational Learning Initiative Malaysia - Google Chrome",true,false
1,3238,"DELIMa 3.0 Digital Educational Learning Initiative Malaysia - Google Chrome",true,false
1,3351,"DELIMa 3.0 Digital Educational Learning Initiative Malaysia - Google Chrome",true,false
1,3458,"DELIMa 3.0 Digital Educational Learning Initiative Malaysia - Google Chrome",true,false
1,3564,"DELIMa 3.0 Digital Educational Learning Initiative Malaysia - Google Chrome",true,false
1,3673,"DELIMa 3.0 Digital Educational Learning Initiative Malaysia - Google Chrome",true,false
1,3790,"DELIMa 3.0 Digital Educational Learning Initiative Malaysia - Google Chrome",true,false
1,3893,"DELIMa 3.0 Digital Educational Learning Initiative Malaysia - Google Chrome",true,false
1,3996,"DELIMa 3.0 Digital Educational Learning Initiative Malaysia - Google Chrome",true,false
1,4105,"DELIMa 3.0 Digital Educational Learning Initiative Malaysia - Google Chrome",true,false
1,4211,"DELIMa 3.0 Digital Educational Learning Initiative Malaysia - Google Chrome",true,false
1,4318,"DELIMa 3.0 Digital Educational Learning Initiative Malaysia - Google Chrome",true,false
1,4426,"DELIMa 3.0 Digital Educational Learning Initiative Malaysia - Google Chrome",true,false
1,4530,"DELIMa 3.0 Digital Educational Learning Initiative Malaysia - Google Chrome",true,false
1,4640,"DELIMa 3.0 Digital Educational Learning Initiative Malaysia - Google Chrome",true,false
1,4746,"DELIMa 3.0 Digital Educational Learning Initiative Malaysia - Google Chrome",true,false
1,4853,"DELIMa 3.0 Digital Educational Learning Initiative Malaysia - Google Chrome",true,false
1,4958,"DELIMa 3.0 Digital Educational Learning Initiative Malaysia - Google Chrome",true,false
1,5068,"DELIMa 3.0 Digital Educational Learning Initiative Malaysia - Google Chrome",true,false
1,5174,"DELIMa 3.0 Digital Educational Learning Initiative Malaysia - Google Chrome",true,false
1,5280,"DELIMa 3.0 Digital Educational Learning Initiative Malaysia - Google Chrome",true,false
1,5387,"DELIMa 3.0 Digital Educational Learning Initiative Malaysia - Google Chrome",true,false
1,5493,"DELIMa 3.0 Digital Educational Learning Initiative Malaysia - Google Chrome",true,false
1,5600,"DELIMa 3.0 Digital Educational Learning Initiative Malaysia - Google Chrome",true,false
1,5708,"DELIMa 3.0 Digital Educational Learning Initiative Malaysia - Google Chrome",true,false
1,5818,"DELIMa 3.0 Digital Educational Learning Initiative Malaysia - Google Chrome",true,false
1,5934,"DELIMa 3.0 Digital Educational Learning Initiative Malaysia - Google Chrome",true,false
1,6042,"DELIMa 3.0 Digital Educational Learning Initiative Malaysia - Google Chrome",true,false
1,6151,"DELIMa 3.0 Digital Educational Learning Initiative Malaysia - Google Chrome",true,false
1,6255,"DELIMa 3.0 Digital Educational Learning Initiative Malaysia - Google Chrome",true,false
1,6365,"DELIMa 3.0 Digital Educational Learning Initiative Malaysia - Google Chrome",true,false
1,6478,"DELIMa 3.0 Digital Educational Learning Initiative Malaysia - Google Chrome",true,false
1,6585,"DELIMa 3.0 Digital Educational Learning Initiative Malaysia - Google Chrome",true,false
1,6691,"DELIMa 3.0 Digital Educational Learning Initiative Malaysia - Google Chrome",true,false
1,6797,"DELIMa 3.0 Digital Educational Learning Initiative Malaysia - Google Chrome",true,false
1,6904,"DELIMa 3.0 Digital Educational Learning Initiative Malaysia - Google Chrome",true,false
1,7011,"DELIMa 3.0 Digital Educational Learning Initiative Malaysia - Google Chrome",true,false
1,7120,"DELIMa 3.0 Digital Educational Learning Initiative Malaysia - Google Chrome",true,false
1,7225,"accounts.google.com/v3/signin/identifier?opparams=%253F&dsh=S-98413043%3A1787293376240303&client_id=950472034074-acj262jqk6trve8i4ndsudqeokvh5pef.apps.googleusercontent.com&o2v=2&redirect_uri=https%3A%2F%2Fd3.delima.edu.my%2Fauthentication%2Fcode&response_type=code&scope=openid+email+profile&service=lso&state=b93310951e41df462c924acbfdbcac7f&flowName=GeneralOAuthFlow&continue=https%3A%2F%2Faccounts.google.com%2Fsignin%2Foauth%2Fv3%2Fconsent%3Fauthuser%3Dunknown%26part%3DAJi8hAOaa7QENdXWd2FtRPTrYp11hy2naJe2-pRGQVLjq_nmWZktxK8fVI_HUOqxGcdX5SruWeEqWrYu7u7I4BZrPzvN0KUzkgAa3XLZcadBAoX6fz4n-XsXP6L0b6UW859-v6okRh4Im8Rs44W4nyZw8Yip3eEJ9J5kBlk45vxx37wBAZ6vABNasnPkXqEk4engFvcDsWzAovg4e6WZCWZ7kOg6x3YMqqF_frH8ZdZyYTV6l6wtgmb8Uj2uwUw3BxP_oqZ-TSd2BwAXmIrIXL0qRAj5XwU1B-IEYZ2_tbsWyLx-LpMAx5fmMRU7Ed3n-RWmzqpGzXfe9TWlyeVRzSPt5Ahozzb5IIKrhhCW6TCNoPf50-PUWLBruUv3n8I4BoDc5E8X4pf3IzSMm5YzhzScxPeg_GKc2zYda9Qg89u2UnNh5gR9LsIfjwTDbNWTxnu1mQq6DtzoPeyY61dAm3pusBqYPG0_QA%26flowName%3DGeneralOAuthFlow%26as%3DS-98413043%253A1787293376240",true,false
1,7334,"accounts.google.com/v3/signin/identifier?opparams=%253F&dsh=S-98413043%3A1787293376240303&client_id=950472034074-acj262jqk6trve8i4ndsudqeokvh5pef.apps.googleusercontent.com&o2v=2&redirect_uri=https%3A%2F%2Fd3.delima.edu.my%2Fauthentication%2Fcode&response_type=code&scope=openid+email+profile&service=lso&state=b93310951e41df462c924acbfdbcac7f&flowName=GeneralOAuthFlow&continue=https%3A%2F%2Faccounts.google.com%2Fsignin%2Foauth%2Fv3%2Fconsent%3Fauthuser%3Dunknown%26part%3DAJi8hAOaa7QENdXWd2FtRPTrYp11hy2naJe2-pRGQVLjq_nmWZktxK8fVI_HUOqxGcdX5SruWeEqWrYu7u7I4BZrPzvN0KUzkgAa3XLZcadBAoX6fz4n-XsXP6L0b6UW859-v6okRh4Im8Rs44W4nyZw8Yip3eEJ9J5kBlk45vxx37wBAZ6vABNasnPkXqEk4engFvcDsWzAovg4e6WZCWZ7kOg6x3YMqqF_frH8ZdZyYTV6l6wtgmb8Uj2uwUw3BxP_oqZ-TSd2BwAXmIrIXL0qRAj5XwU1B-IEYZ2_tbsWyLx-LpMAx5fmMRU7Ed3n-RWmzqpGzXfe9TWlyeVRzSPt5Ahozzb5IIKrhhCW6TCNoPf50-PUWLBruUv3n8I4BoDc5E8X4pf3IzSMm5YzhzScxPeg_GKc2zYda9Qg89u2UnNh5gR9LsIfjwTDbNWTxnu1mQq6DtzoPeyY61dAm3pusBqYPG0_QA%26flowName%3DGeneralOAuthFlow%26as%3DS-98413043%253A1787293376240",true,false
1,7436,"accounts.google.com/v3/signin/identifier?opparams=%253F&dsh=S-98413043%3A1787293376240303&client_id=950472034074-acj262jqk6trve8i4ndsudqeokvh5pef.apps.googleusercontent.com&o2v=2&redirect_uri=https%3A%2F%2Fd3.delima.edu.my%2Fauthentication%2Fcode&response_type=code&scope=openid+email+profile&service=lso&state=b93310951e41df462c924acbfdbcac7f&flowName=GeneralOAuthFlow&continue=https%3A%2F%2Faccounts.google.com%2Fsignin%2Foauth%2Fv3%2Fconsent%3Fauthuser%3Dunknown%26part%3DAJi8hAOaa7QENdXWd2FtRPTrYp11hy2naJe2-pRGQVLjq_nmWZktxK8fVI_HUOqxGcdX5SruWeEqWrYu7u7I4BZrPzvN0KUzkgAa3XLZcadBAoX6fz4n-XsXP6L0b6UW859-v6okRh4Im8Rs44W4nyZw8Yip3eEJ9J5kBlk45vxx37wBAZ6vABNasnPkXqEk4engFvcDsWzAovg4e6WZCWZ7kOg6x3YMqqF_frH8ZdZyYTV6l6wtgmb8Uj2uwUw3BxP_oqZ-TSd2BwAXmIrIXL0qRAj5XwU1B-IEYZ2_tbsWyLx-LpMAx5fmMRU7Ed3n-RWmzqpGzXfe9TWlyeVRzSPt5Ahozzb5IIKrhhCW6TCNoPf50-PUWLBruUv3n8I4BoDc5E8X4pf3IzSMm5YzhzScxPeg_GKc2zYda9Qg89u2UnNh5gR9LsIfjwTDbNWTxnu1mQq6DtzoPeyY61dAm3pusBqYPG0_QA%26flowName%3DGeneralOAuthFlow%26as%3DS-98413043%253A1787293376240",true,false
1,7552,"Sign in - Google Accounts - Google Chrome",true,false
1,7845,"Sign in - Google Accounts - Google Chrome",true,false
1,7954,"Sign in - Google Accounts - Google Chrome",true,false
1,8059,"Sign in - Google Accounts - Google Chrome",true,false
1,8166,"Sign in - Google Accounts - Google Chrome",true,false
1,8272,"Sign in - Google Accounts - Google Chrome",true,false
1,8380,"Sign in - Google Accounts - Google Chrome",true,false
1,8488,"Sign in - Google Accounts - Google Chrome",true,false
1,8593,"Sign in - Google Accounts - Google Chrome",true,false
1,8701,"Sign in - Google Accounts - Google Chrome",true,false
1,8804,"Sign in - Google Accounts - Google Chrome",true,false
1,8908,"Sign in - Google Accounts - Google Chrome",true,false
1,9014,"Sign in - Google Accounts - Google Chrome",true,false
1,9119,"Sign in - Google Accounts - Google Chrome",true,false
1,9227,"Sign in - Google Accounts - Google Chrome",true,false
1,9331,"Sign in - Google Accounts - Google Chrome",true,false
1,9434,"Sign in - Google Accounts - Google Chrome",true,false
1,9538,"Sign in - Google Accounts - Google Chrome",true,false
1,9654,"Sign in - Google Accounts - Google Chrome",true,false
1,9758,"Sign in - Google Accounts - Google Chrome",true,false
1,9862,"Sign in - Google Accounts - Google Chrome",true,false
1,9968,"Sign in - Google Accounts - Google Chrome",true,false
1,10074,"Sign in - Google Accounts - Google Chrome",true,false
1,10189,"Sign in - Google Accounts - Google Chrome",true,false
1,10303,"Sign in - Google Accounts - Google Chrome",true,false
1,10413,"Sign in - Google Accounts - Google Chrome",true,false
1,10517,"Sign in - Google Accounts - Google Chrome",true,false
1,10632,"Sign in - Google Accounts - Google Chrome",true,false
1,10734,"Sign in - Google Accounts - Google Chrome",true,false
1,10849,"Sign in - Google Accounts - Google Chrome",true,false
1,10958,"Sign in - Google Accounts - Google Chrome",true,false
1,11062,"Sign in - Google Accounts - Google Chrome",true,false
1,11164,"Sign in - Google Accounts - Google Chrome",true,false
1,11273,"Sign in - Google Accounts - Google Chrome",true,false
1,11383,"Sign in - Google Accounts - Google Chrome",true,false
1,11501,"Sign in - Google Accounts - Google Chrome",true,false
1,11610,"Sign in - Google Accounts - Google Chrome",true,false
1,11718,"Sign in - Google Accounts - Google Chrome",true,false
1,11822,"Sign in - Google Accounts - Google Chrome",true,false
1,11924,"Sign in - Google Accounts - Google Chrome",true,false
1,12029,"Sign in - Google Accounts - Google Chrome",true,false
1,12132,"Sign in - Google Accounts - Google Chrome",true,false
1,12235,"Sign in - Google Accounts - Google Chrome",true,false
1,12347,"Sign in - Google Accounts - Google Chrome",true,false
1,12449,"Sign in - Google Accounts - Google Chrome",true,false
1,12557,"Sign in - Google Accounts - Google Chrome",true,false
1,12673,"Sign in - Google Accounts - Google Chrome",true,false
1,12778,"Sign in - Google Accounts - Google Chrome",true,false
1,12891,"Sign in - Google Accounts - Google Chrome",true,false
1,12993,"Sign in - Google Accounts - Google Chrome",true,false
1,13103,"Sign in - Google Accounts - Google Chrome",true,false
1,13217,"Sign in - Google Accounts - Google Chrome",true,false
1,13330,"Sign in - Google Accounts - Google Chrome",true,false
1,13437,"Sign in - Google Accounts - Google Chrome",true,false
1,13551,"Sign in - Google Accounts - Google Chrome",true,false
1,13654,"Sign in - Google Accounts - Google Chrome",true,false
1,13769,"Sign in - Google Accounts - Google Chrome",true,false
1,13880,"Sign in - Google Accounts - Google Chrome",true,false
1,13991,"Sign in - Google Accounts - Google Chrome",true,false
1,14102,"Sign in - Google Accounts - Google Chrome",true,false
1,14211,"Sign in - Google Accounts - Google Chrome",true,false
1,14315,"Sign in - Google Accounts - Google Chrome",true,false
1,14424,"Sign in - Google Accounts - Google Chrome",true,false
1,14535,"Sign in - Google Accounts - Google Chrome",true,false
1,14642,"Sign in - Google Accounts - Google Chrome",true,false
1,14747,"Sign in - Google Accounts - Google Chrome",true,false
1,14850,"Sign in - Google Accounts - Google Chrome",true,false
1,14958,"Sign in - Google Accounts - Google Chrome",true,false
1,15069,"Sign in - Google Accounts - Google Chrome",true,false
1,15173,"Sign in - Google Accounts - Google Chrome",true,false
1,15277,"Sign in - Google Accounts - Google Chrome",true,false
1,15384,"Sign in - Google Accounts - Google Chrome",true,false
1,15488,"Sign in - Google Accounts - Google Chrome",true,false
1,15601,"Sign in - Google Accounts - Google Chrome",true,false
1,15712,"Sign in - Google Accounts - Google Chrome",true,false
1,15818,"Sign in - Google Accounts - Google Chrome",true,false
1,15927,"Sign in - Google Accounts - Google Chrome",true,false
1,16033,"Sign in - Google Accounts - Google Chrome",true,false
1,16148,"Sign in - Google Accounts - Google Chrome",true,false
1,16259,"Sign in - Google Accounts - Google Chrome",true,false
1,16374,"Sign in - Google Accounts - Google Chrome",true,false
1,16480,"Sign in - Google Accounts - Google Chrome",true,false
1,16588,"The Informant's Gambit - A Darknet Mystery - YouTube - Google Chrome",true,false
1,16713,"The Informant's Gambit - A Darknet Mystery - YouTube - Google Chrome",true,false
1,16820,"The Informant's Gambit - A Darknet Mystery - YouTube - Google Chrome",true,false
1,16927,"The Informant's Gambit - A Darknet Mystery - YouTube - Google Chrome",true,false
1,17037,"The Informant's Gambit - A Darknet Mystery - YouTube - Google Chrome",true,false
1,17146,"The Informant's Gambit - A Darknet Mystery - YouTube - Google Chrome",true,false
1,17263,"The Informant's Gambit - A Darknet Mystery - YouTube - Google Chrome",true,false
1,17368,"The Informant's Gambit - A Darknet Mystery - YouTube - Google Chrome",true,false
1,17475,"The Informant's Gambit - A Darknet Mystery - YouTube - Google Chrome",true,false
1,17583,"The Informant's Gambit - A Darknet Mystery - YouTube - Google Chrome",true,false
1,17690,"The Informant's Gambit - A Darknet Mystery - YouTube - Google Chrome",true,false
1,17803,"The Informant's Gambit - A Darknet Mystery - YouTube - Google Chrome",true,false
1,17909,"The Informant's Gambit - A Darknet Mystery - YouTube - Google Chrome",true,false
1,18016,"The Informant's Gambit - A Darknet Mystery - YouTube - Google Chrome",true,false
1,18124,"The Informant's Gambit - A Darknet Mystery - YouTube - Google Chrome",true,false
1,18234,"The Informant's Gambit - A Darknet Mystery - YouTube - Google Chrome",true,false
1,18340,"The Informant's Gambit - A Darknet Mystery - YouTube - Google Chrome",true,false
1,18447,"",true,false
1,18555,"",true,false
1,18659,"",true,false
1,18768,"",true,false
1,18875,"",true,false
1,18983,"",true,false
1,19088,"",true,false
1,19199,"",true,false
1,19310,"",true,false
1,19419,"",true,false
1,19525,"",true,false
1,19633,"",true,false
1,19740,"",true,false
1,19848,"",true,false
1,19959,"",true,false
1,20067,"",true,false
1,20175,"",true,false
1,20287,"",true,false
1,20394,"",true,false
1,20506,"",true,false
1,20615,"",true,false
1,20724,"",true,false
1,20829,"",true,false
1,20937,"",true,false
1,21045,"",true,false
1,21154,"",true,false
1,21265,"",true,false
1,21374,"",true,false
1,21483,"",true,false
1,21590,"",true,false
1,21700,"",true,false
1,21809,"",true,false
1,21917,"",true,false
1,22026,"",true,false
1,22132,"",true,false
1,22240,"",true,false
1,22346,"",true,false
1,22454,"",true,false
1,22563,"",true,false
1,22671,"",true,false
1,22780,"",true,false
1,22892,"",true,false
1,23001,"",true,false
1,23111,"",true,false
1,23217,"",true,false
1,23321,"",true,false
1,23429,"",true,false
1,23537,"",true,false
1,23645,"",true,false
1,23753,"",true,false
1,23859,"",true,false
1,23963,"",true,false
1,24069,"",true,false
1,24179,"",true,false
1,24286,"",true,false
1,24392,"",true,false
1,24500,"",true,false
1,24605,"",true,false
1,24713,"",true,false
1,24824,"",true,false
1,24936,"",true,false
1,25042,"",true,false
1,25153,"",true,false
1,25262,"",true,false
1,25370,"",true,false
1,25479,"",true,false
1,25588,"",true,false
1,25698,"",true,false
1,25806,"",true,false
1,25917,"",true,false
1,26025,"",true,false
1,26134,"",true,false
1,26243,"",true,false
1,26351,"",true,false
1,26461,"",true,false
1,26569,"",true,false
1,26678,"",true,false
1,26787,"",true,false
1,26896,"",true,false
1,27005,"",true,false
1,27114,"",true,false
1,27223,"",true,false
1,27331,"",true,false
1,27439,"",true,false
1,27549,"",true,false
1,27658,"",true,false
1,27768,"",true,false
1,27877,"",true,false
1,27986,"",true,false
1,28094,"",true,false
1,28201,"",true,false
1,28309,"",true,false
1,28425,"",true,false
1,28532,"",true,false
1,28639,"",true,false
1,28749,"",true,false
1,28860,"",true,false
1,28968,"",true,false
1,29077,"",true,false
1,29186,"",true,false
1,29295,"",true,false
1,29409,"",true,false
1,29516,"",true,false
1,29625,"",true,false
1,29731,"",true,false
1,29841,"",true,false
1,29951,"",true,false
1,30060,"",true,false
1,30171,"",true,false
1,30281,"",true,false
1,30390,"",true,false
1,30497,"",true,false
1,30606,"",true,false
1,30715,"Sign in - Google Accounts - Google Chrome",true,false
1,30825,"Sign in - Google Accounts - Google Chrome",true,false
1,30934,"Sign in - Google Accounts - Google Chrome",true,false
1,31044,"Sign in - Google Accounts - Google Chrome",true,false
1,31153,"Sign in - Google Accounts - Google Chrome",true,false
1,31260,"Sign in - Google Accounts - Google Chrome",true,false
1,31370,"Sign in - Google Accounts - Google Chrome",true,false
1,31478,"Sign in - Google Accounts - Google Chrome",true,false
1,31587,"Sign in - Google Accounts - Google Chrome",true,false
1,31694,"Sign in - Google Accounts - Google Chrome",true,false
1,31803,"Sign in - Google Accounts - Google Chrome",true,false
1,31913,"Sign in - Google Accounts - Google Chrome",true,false
1,32023,"Sign in - Google Accounts - Google Chrome",true,false
1,32133,"Sign in - Google Accounts - Google Chrome",true,false
1,32241,"Sign in - Google Accounts - Google Chrome",true,false
1,32351,"Sign in - Google Accounts - Google Chrome",true,false
1,32461,"Sign in - Google Accounts - Google Chrome",true,false
1,32567,"Sign in - Google Accounts - Google Chrome",true,false
1,32674,"Sign in - Google Accounts - Google Chrome",true,false
1,32782,"Sign in - Google Accounts - Google Chrome",true,false
1,32890,"Sign in - Google Accounts - Google Chrome",true,false
1,33000,"Sign in - Google Accounts - Google Chrome",true,false
1,33109,"Sign in - Google Accounts - Google Chrome",true,false
1,33220,"Sign in - Google Accounts - Google Chrome",true,false
1,33329,"Sign in - Google Accounts - Google Chrome",true,false
1,33438,"Sign in - Google Accounts - Google Chrome",true,false
1,33543,"Sign in - Google Accounts - Google Chrome",true,false
1,33653,"Sign in - Google Accounts - Google Chrome",true,false
1,33762,"Sign in - Google Accounts - Google Chrome",true,false
1,33871,"Sign in - Google Accounts - Google Chrome",true,false
1,33977,"Sign in - Google Accounts - Google Chrome",true,false
1,34086,"Sign in - Google Accounts - Google Chrome",true,false
1,34193,"Sign in - Google Accounts - Google Chrome",true,false
1,34302,"Sign in - Google Accounts - Google Chrome",true,false
1,34409,"Sign in - Google Accounts - Google Chrome",true,false
1,34517,"Sign in - Google Accounts - Google Chrome",true,false
1,34626,"Sign in - Google Accounts - Google Chrome",true,false
1,34733,"Sign in - Google Accounts - Google Chrome",true,false
1,34841,"Sign in - Google Accounts - Google Chrome",true,false
1,34952,"Sign in - Google Accounts - Google Chrome",true,false
1,35061,"Sign in - Google Accounts - Google Chrome",true,false
1,35167,"Sign in - Google Accounts - Google Chrome",true,false
1,35276,"Sign in - Google Accounts - Google Chrome",true,false
1,35381,"Sign in - Google Accounts - Google Chrome",true,false
1,35489,"Sign in - Google Accounts - Google Chrome",true,false
1,35602,"Sign in - Google Accounts - Google Chrome",true,false
1,35710,"Sign in - Google Accounts - Google Chrome",true,false
1,35825,"Sign in - Google Accounts - Google Chrome",true,false
1,35935,"Sign in - Google Accounts - Google Chrome",true,false
1,36043,"Sign in - Google Accounts - Google Chrome",true,false
1,36153,"Sign in - Google Accounts - Google Chrome",true,false
1,36259,"Sign in - Google Accounts - Google Chrome",true,false
1,36369,"Sign in - Google Accounts - Google Chrome",true,false
1,36473,"Sign in - Google Accounts - Google Chrome",true,false
1,36581,"Sign in - Google Accounts - Google Chrome",true,false
1,36688,"Sign in - Google Accounts - Google Chrome",true,false
1,36797,"Sign in - Google Accounts - Google Chrome",true,false
1,36902,"Sign in - Google Accounts - Google Chrome",true,false
1,37009,"Sign in - Google Accounts - Google Chrome",true,false
1,37115,"Sign in - Google Accounts - Google Chrome",true,false
1,37223,"Sign in - Google Accounts - Google Chrome",true,false
1,37333,"Sign in - Google Accounts - Google Chrome",true,false
1,37444,"Sign in - Google Accounts - Google Chrome",true,false
1,37551,"Sign in - Google Accounts - Google Chrome",true,false
1,37659,"Sign in - Google Accounts - Google Chrome",true,false
1,37766,"Sign in - Google Accounts - Google Chrome",true,false
1,37869,"Sign in - Google Accounts - Google Chrome",true,false
1,37979,"Sign in - Google Accounts - Google Chrome",true,false
1,38086,"Sign in - Google Accounts - Google Chrome",true,false
1,38197,"Sign in - Google Accounts - Google Chrome",true,false
1,38304,"Sign in - Google Accounts - Google Chrome",true,false
1,38410,"Sign in - Google Accounts - Google Chrome",true,false
1,38520,"Sign in - Google Accounts - Google Chrome",true,false
1,38628,"Sign in - Google Accounts - Google Chrome",true,false
1,38735,"Sign in - Google Accounts - Google Chrome",true,false
1,38840,"Sign in - Google Accounts - Google Chrome",true,false
1,38949,"Sign in - Google Accounts - Google Chrome",true,false
1,39052,"Sign in - Google Accounts - Google Chrome",true,false
1,39160,"Sign in - Google Accounts - Google Chrome",true,false
1,39264,"Sign in - Google Accounts - Google Chrome",true,false
1,39372,"Sign in - Google Accounts - Google Chrome",true,false
1,39479,"Sign in - Google Accounts - Google Chrome",true,false
1,39587,"Sign in - Google Accounts - Google Chrome",true,false
1,39695,"Sign in - Google Accounts - Google Chrome",true,false
1,39804,"Sign in - Google Accounts - Google Chrome",true,false
1,39912,"Sign in - Google Accounts - Google Chrome",true,false
1,40019,"Sign in - Google Accounts - Google Chrome",true,false
1,40130,"Sign in - Google Accounts - Google Chrome",true,false
1,40235,"Sign in - Google Accounts - Google Chrome",true,false
1,40341,"Sign in - Google Accounts - Google Chrome",true,false
1,40450,"Sign in - Google Accounts - Google Chrome",true,false
1,40559,"Sign in - Google Accounts - Google Chrome",true,false
1,40667,"Sign in - Google Accounts - Google Chrome",true,false
1,40775,"Sign in - Google Accounts - Google Chrome",true,false
1,40886,"Sign in - Google Accounts - Google Chrome",true,false
1,40995,"Sign in - Google Accounts - Google Chrome",true,false
1,41106,"Sign in - Google Accounts - Google Chrome",true,false
1,41213,"Sign in - Google Accounts - Google Chrome",true,false
1,41321,"Sign in - Google Accounts - Google Chrome",true,false
1,41428,"Sign in - Google Accounts - Google Chrome",true,false
1,41540,"Sign in - Google Accounts - Google Chrome",true,false
1,41645,"Sign in - Google Accounts - Google Chrome",true,false
1,41754,"Sign in - Google Accounts - Google Chrome",true,false
1,41861,"Sign in - Google Accounts - Google Chrome",true,false
1,41971,"Sign in - Google Accounts - Google Chrome",true,false
1,42076,"Sign in - Google Accounts - Google Chrome",true,false
1,42182,"Sign in - Google Accounts - Google Chrome",true,false
1,42293,"Sign in - Google Accounts - Google Chrome",true,false
1,42401,"Sign in - Google Accounts - Google Chrome",true,false
1,42509,"Sign in - Google Accounts - Google Chrome",true,false
1,42618,"Sign in - Google Accounts - Google Chrome",true,false
1,42726,"Sign in - Google Accounts - Google Chrome",true,false
1,42835,"Sign in - Google Accounts - Google Chrome",true,false
1,42945,"Sign in - Google Accounts - Google Chrome",true,false
1,43055,"Sign in - Google Accounts - Google Chrome",true,false
1,43165,"",true,false
1,43274,"",true,false
1,43382,"",true,false
1,43491,"",true,false
1,43601,"",true,false
1,43710,"",true,false
1,43818,"",true,false
1,43926,"",true,false
1,44037,"",true,false
1,44140,"",true,false
1,44249,"",true,false
1,44359,"",true,false
1,44469,"",true,false
1,44576,"",true,false
1,44683,"",true,false
1,44790,"",true,false
1,44898,"",true,false
1,45008,"",true,false
1,45118,"Task Switching",true,false
1,45226,"Task Switching",true,false
1,45337,"Sign in - Google Accounts - Google Chrome",true,false
1,45446,"Sign in - Google Accounts - Google Chrome",true,false
1,45556,"Sign in - Google Accounts - Google Chrome",true,false
1,45661,"Sign in - Google Accounts - Google Chrome",true,false
1,45771,"Sign in - Google Accounts - Google Chrome",true,false
1,45883,"Sign in - Google Accounts - Google Chrome",true,false
1,45992,"Sign in - Google Accounts - Google Chrome",true,false
1,46100,"Sign in - Google Accounts - Google Chrome",true,false
1,46206,"Sign in - Google Accounts - Google Chrome",true,false
1,46314,"Sign in - Google Accounts - Google Chrome",true,false
1,46421,"Sign in - Google Accounts - Google Chrome",true,false
1,46528,"Sign in - Google Accounts - Google Chrome",true,false
1,46639,"Sign in - Google Accounts - Google Chrome",true,false
1,46749,"Sign in - Google Accounts - Google Chrome",true,false
1,46858,"Sign in - Google Accounts - Google Chrome",true,false
1,46969,"Sign in - Google Accounts - Google Chrome",true,false
1,47078,"Sign in - Google Accounts - Google Chrome",true,false
1,47187,"Sign in - Google Accounts - Google Chrome",true,false
1,47296,"Sign in - Google Accounts - Google Chrome",true,false
1,47405,"Sign in - Google Accounts - Google Chrome",true,false
1,47515,"Sign in - Google Accounts - Google Chrome",true,false
1,47623,"Sign in - Google Accounts - Google Chrome",true,false
1,47730,"Sign in - Google Accounts - Google Chrome",true,false
1,47837,"Sign in - Google Accounts - Google Chrome",true,false
1,47947,"Sign in - Google Accounts - Google Chrome",true,false
1,48056,"Sign in - Google Accounts - Google Chrome",true,false
1,48166,"Sign in - Google Accounts - Google Chrome",true,false
1,48275,"Sign in - Google Accounts - Google Chrome",true,false
1,48384,"Sign in - Google Accounts - Google Chrome",true,false
1,48492,"Sign in - Google Accounts - Google Chrome",true,false
1,48602,"Sign in - Google Accounts - Google Chrome",true,false
1,48709,"Sign in - Google Accounts - Google Chrome",true,false
1,48815,"Sign in - Google Accounts - Google Chrome",true,false
1,48920,"Sign in - Google Accounts - Google Chrome",true,false
1,49029,"Sign in - Google Accounts - Google Chrome",true,false
1,49138,"Sign in - Google Accounts - Google Chrome",true,false
1,49248,"Sign in - Google Accounts - Google Chrome",true,false
1,49357,"Sign in - Google Accounts - Google Chrome",true,false
1,49467,"Sign in - Google Accounts - Google Chrome",true,false
1,49572,"Sign in - Google Accounts - Google Chrome",true,false
1,49677,"Sign in - Google Accounts - Google Chrome",true,false
1,49782,"Sign in - Google Accounts - Google Chrome",true,false
1,49890,"Hi RAJA MUHAMMAD AZRIEN BIN RAJA AZAMAN SHAH - Google Chrome",true,false
1,49996,"Hi RAJA MUHAMMAD AZRIEN BIN RAJA AZAMAN SHAH - Google Chrome",true,true
1,50105,"Hi RAJA MUHAMMAD AZRIEN BIN RAJA AZAMAN SHAH - Google Chrome",true,true
1,50207,"Hi RAJA MUHAMMAD AZRIEN BIN RAJA AZAMAN SHAH - Google Chrome",true,true
1,50315,"Hi RAJA MUHAMMAD AZRIEN BIN RAJA AZAMAN SHAH - Google Chrome",true,true
1,50422,"Hi RAJA MUHAMMAD AZRIEN BIN RAJA AZAMAN SHAH - Google Chrome",true,true
1,50530,"Hi RAJA MUHAMMAD AZRIEN BIN RAJA AZAMAN SHAH - Google Chrome",true,true
1,50638,"Hi RAJA MUHAMMAD AZRIEN BIN RAJA AZAMAN SHAH - Google Chrome",true,true
1,50745,"Hi RAJA MUHAMMAD AZRIEN BIN RAJA AZAMAN SHAH - Google Chrome",true,true
1,50856,"Hi RAJA MUHAMMAD AZRIEN BIN RAJA AZAMAN SHAH - Google Chrome",true,true
1,50964,"Hi RAJA MUHAMMAD AZRIEN BIN RAJA AZAMAN SHAH - Google Chrome",true,true
1,51074,"Hi RAJA MUHAMMAD AZRIEN BIN RAJA AZAMAN SHAH - Google Chrome",true,true
1,51182,"Hi RAJA MUHAMMAD AZRIEN BIN RAJA AZAMAN SHAH - Google Chrome",true,true
1,51289,"Hi RAJA MUHAMMAD AZRIEN BIN RAJA AZAMAN SHAH - Google Chrome",true,true
1,51399,"Hi RAJA MUHAMMAD AZRIEN BIN RAJA AZAMAN SHAH - Google Chrome",true,true
1,51503,"Hi RAJA MUHAMMAD AZRIEN BIN RAJA AZAMAN SHAH - Google Chrome",true,true
1,51613,"Hi RAJA MUHAMMAD AZRIEN BIN RAJA AZAMAN SHAH - Google Chrome",true,true
1,51725,"Hi RAJA MUHAMMAD AZRIEN BIN RAJA AZAMAN SHAH - Google Chrome",true,true
1,51838,"Hi RAJA MUHAMMAD AZRIEN BIN RAJA AZAMAN SHAH - Google Chrome",true,true
1,51945,"Hi RAJA MUHAMMAD AZRIEN BIN RAJA AZAMAN SHAH - Google Chrome",true,true
1,52055,"Hi RAJA MUHAMMAD AZRIEN BIN RAJA AZAMAN SHAH - Google Chrome",true,true
1,52167,"Hi RAJA MUHAMMAD AZRIEN BIN RAJA AZAMAN SHAH - Google Chrome",true,true
1,52274,"Hi RAJA MUHAMMAD AZRIEN BIN RAJA AZAMAN SHAH - Google Chrome",true,true
1,52382,"Hi RAJA MUHAMMAD AZRIEN BIN RAJA AZAMAN SHAH - Google Chrome",true,true
1,52487,"Hi RAJA MUHAMMAD AZRIEN BIN RAJA AZAMAN SHAH - Google Chrome",true,true
1,52597,"Hi RAJA MUHAMMAD AZRIEN BIN RAJA AZAMAN SHAH - Google Chrome",true,true
1,52710,"Hi RAJA MUHAMMAD AZRIEN BIN RAJA AZAMAN SHAH - Google Chrome",true,true
1,52820,"Hi RAJA MUHAMMAD AZRIEN BIN RAJA AZAMAN SHAH - Google Chrome",true,true
1,52929,"Hi RAJA MUHAMMAD AZRIEN BIN RAJA AZAMAN SHAH - Google Chrome",true,true
1,53035,"Hi RAJA MUHAMMAD AZRIEN BIN RAJA AZAMAN SHAH - Google Chrome",true,true
1,53144,"Hi RAJA MUHAMMAD AZRIEN BIN RAJA AZAMAN SHAH - Google Chrome",true,true
1,53253,"Hi RAJA MUHAMMAD AZRIEN BIN RAJA AZAMAN SHAH - Google Chrome",true,true
1,53365,"Hi RAJA MUHAMMAD AZRIEN BIN RAJA AZAMAN SHAH - Google Chrome",true,true
1,53475,"Hi RAJA MUHAMMAD AZRIEN BIN RAJA AZAMAN SHAH - Google Chrome",true,true
1,53583,"Hi RAJA MUHAMMAD AZRIEN BIN RAJA AZAMAN SHAH - Google Chrome",true,true
1,53690,"Hi RAJA MUHAMMAD AZRIEN BIN RAJA AZAMAN SHAH - Google Chrome",true,true
1,53798,"Hi RAJA MUHAMMAD AZRIEN BIN RAJA AZAMAN SHAH - Google Chrome",true,true
1,53906,"Hi RAJA MUHAMMAD AZRIEN BIN RAJA AZAMAN SHAH - Google Chrome",true,true
1,54013,"Hi RAJA MUHAMMAD AZRIEN BIN RAJA AZAMAN SHAH - Google Chrome",true,true
1,54123,"Hi RAJA MUHAMMAD AZRIEN BIN RAJA AZAMAN SHAH - Google Chrome",true,true
1,54230,"Hi RAJA MUHAMMAD AZRIEN BIN RAJA AZAMAN SHAH - Google Chrome",true,true
1,54337,"Hi RAJA MUHAMMAD AZRIEN BIN RAJA AZAMAN SHAH - Google Chrome",true,true
1,54445,"Hi RAJA MUHAMMAD AZRIEN BIN RAJA AZAMAN SHAH - Google Chrome",true,true
1,54554,"Hi RAJA MUHAMMAD AZRIEN BIN RAJA AZAMAN SHAH - Google Chrome",true,true
1,54660,"Hi RAJA MUHAMMAD AZRIEN BIN RAJA AZAMAN SHAH - Google Chrome",true,true
1,54767,"Hi RAJA MUHAMMAD AZRIEN BIN RAJA AZAMAN SHAH - Google Chrome",true,true
1,54876,"Hi RAJA MUHAMMAD AZRIEN BIN RAJA AZAMAN SHAH - Google Chrome",true,true
1,54982,"Hi RAJA MUHAMMAD AZRIEN BIN RAJA AZAMAN SHAH - Google Chrome",true,true
1,55090,"Hi RAJA MUHAMMAD AZRIEN BIN RAJA AZAMAN SHAH - Google Chrome",true,true
1,55197,"Hi RAJA MUHAMMAD AZRIEN BIN RAJA AZAMAN SHAH - Google Chrome",true,true
1,55306,"Hi RAJA MUHAMMAD AZRIEN BIN RAJA AZAMAN SHAH - Google Chrome",true,true
1,55417,"Hi RAJA MUHAMMAD AZRIEN BIN RAJA AZAMAN SHAH - Google Chrome",true,true
1,55534,"Hi RAJA MUHAMMAD AZRIEN BIN RAJA AZAMAN SHAH - Google Chrome",true,true
1,55642,"Hi RAJA MUHAMMAD AZRIEN BIN RAJA AZAMAN SHAH - Google Chrome",true,true
1,55753,"Hi RAJA MUHAMMAD AZRIEN BIN RAJA AZAMAN SHAH - Google Chrome",true,true
1,55860,"Hi RAJA MUHAMMAD AZRIEN BIN RAJA AZAMAN SHAH - Google Chrome",true,true
1,55966,"Hi RAJA MUHAMMAD AZRIEN BIN RAJA AZAMAN SHAH - Google Chrome",true,true
1,56075,"Hi RAJA MUHAMMAD AZRIEN BIN RAJA AZAMAN SHAH - Google Chrome",true,true
1,56183,"Hi RAJA MUHAMMAD AZRIEN BIN RAJA AZAMAN SHAH - Google Chrome",true,true
1,56290,"Hi RAJA MUHAMMAD AZRIEN BIN RAJA AZAMAN SHAH - Google Chrome",true,true
1,56399,"Hi RAJA MUHAMMAD AZRIEN BIN RAJA AZAMAN SHAH - Google Chrome",true,true
1,56505,"Hi RAJA MUHAMMAD AZRIEN BIN RAJA AZAMAN SHAH - Google Chrome",true,true
1,56612,"Hi RAJA MUHAMMAD AZRIEN BIN RAJA AZAMAN SHAH - Google Chrome",true,true
1,56718,"Hi RAJA MUHAMMAD AZRIEN BIN RAJA AZAMAN SHAH - Google Chrome",true,true
1,56830,"Hi RAJA MUHAMMAD AZRIEN BIN RAJA AZAMAN SHAH - Google Chrome",true,true
1,56934,"Hi RAJA MUHAMMAD AZRIEN BIN RAJA AZAMAN SHAH - Google Chrome",true,true
1,57042,"Hi RAJA MUHAMMAD AZRIEN BIN RAJA AZAMAN SHAH - Google Chrome",true,true
1,57154,"Hi RAJA MUHAMMAD AZRIEN BIN RAJA AZAMAN SHAH - Google Chrome",true,true
1,57263,"Hi RAJA MUHAMMAD AZRIEN BIN RAJA AZAMAN SHAH - Google Chrome",true,true
1,57371,"Hi RAJA MUHAMMAD AZRIEN BIN RAJA AZAMAN SHAH - Google Chrome",true,true
1,57481,"Hi RAJA MUHAMMAD AZRIEN BIN RAJA AZAMAN SHAH - Google Chrome",true,true
1,57590,"Hi RAJA MUHAMMAD AZRIEN BIN RAJA AZAMAN SHAH - Google Chrome",true,true
1,57698,"Hi RAJA MUHAMMAD AZRIEN BIN RAJA AZAMAN SHAH - Google Chrome",true,true
1,57805,"Hi RAJA MUHAMMAD AZRIEN BIN RAJA AZAMAN SHAH - Google Chrome",true,true
1,57912,"Hi RAJA MUHAMMAD AZRIEN BIN RAJA AZAMAN SHAH - Google Chrome",true,true
1,58020,"Hi RAJA MUHAMMAD AZRIEN BIN RAJA AZAMAN SHAH - Google Chrome",true,true
1,58132,"Hi RAJA MUHAMMAD AZRIEN BIN RAJA AZAMAN SHAH - Google Chrome",true,true
1,58238,"Hi RAJA MUHAMMAD AZRIEN BIN RAJA AZAMAN SHAH - Google Chrome",true,true
1,58346,"Hi RAJA MUHAMMAD AZRIEN BIN RAJA AZAMAN SHAH - Google Chrome",true,true
1,58455,"Hi RAJA MUHAMMAD AZRIEN BIN RAJA AZAMAN SHAH - Google Chrome",true,true
1,58562,"Hi RAJA MUHAMMAD AZRIEN BIN RAJA AZAMAN SHAH - Google Chrome",true,true
1,58671,"Hi RAJA MUHAMMAD AZRIEN BIN RAJA AZAMAN SHAH - Google Chrome",true,true
1,58778,"Hi RAJA MUHAMMAD AZRIEN BIN RAJA AZAMAN SHAH - Google Chrome",true,true
1,58886,"Hi RAJA MUHAMMAD AZRIEN BIN RAJA AZAMAN SHAH - Google Chrome",true,true
1,58996,"Hi RAJA MUHAMMAD AZRIEN BIN RAJA AZAMAN SHAH - Google Chrome",true,true
1,59105,"Hi RAJA MUHAMMAD AZRIEN BIN RAJA AZAMAN SHAH - Google Chrome",true,true
1,59214,"Hi RAJA MUHAMMAD AZRIEN BIN RAJA AZAMAN SHAH - Google Chrome",true,true
1,59323,"Hi RAJA MUHAMMAD AZRIEN BIN RAJA AZAMAN SHAH - Google Chrome",true,true
1,59432,"Hi RAJA MUHAMMAD AZRIEN BIN RAJA AZAMAN SHAH - Google Chrome",true,true
1,59540,"Hi RAJA MUHAMMAD AZRIEN BIN RAJA AZAMAN SHAH - Google Chrome",true,true
1,59648,"Hi RAJA MUHAMMAD AZRIEN BIN RAJA AZAMAN SHAH - Google Chrome",true,true
1,59756,"Hi RAJA MUHAMMAD AZRIEN BIN RAJA AZAMAN SHAH - Google Chrome",true,true
1,59864,"Hi RAJA MUHAMMAD AZRIEN BIN RAJA AZAMAN SHAH - Google Chrome",true,true
1,59972,"Hi RAJA MUHAMMAD AZRIEN BIN RAJA AZAMAN SHAH - Google Chrome",true,true
1,60080,"Hi RAJA MUHAMMAD AZRIEN BIN RAJA AZAMAN SHAH - Google Chrome",true,true
1,60189,"Hi RAJA MUHAMMAD AZRIEN BIN RAJA AZAMAN SHAH - Google Chrome",true,true
1,60295,"",true,false
1,60405,"",true,false
1,60513,"",true,false
1,60622,"",true,false
1,60732,"",true,false
1,60840,"",true,false
1,60948,"",true,false
1,61057,"",true,false
1,61165,"",true,false
1,61272,"",true,false
1,61377,"",true,false
1,61486,"",true,false
1,61596,"",true,false
1,61706,"",true,false
1,61817,"",true,false
1,61923,"",true,false
1,62031,"",true,false
1,62141,"",true,false
1,62250,"",true,false
1,62359,"",true,false
1,62467,"",true,false
1,62578,"",true,false
1,62689,"",true,false
1,62800,"",true,false
1,62911,"",true,false
1,63019,"",true,false
1,63128,"",true,false
1,63238,"",true,false
1,63341,"",true,false
1,63453,"",true,false
1,63560,"",true,false
1,63669,"",true,false
1,63777,"",true,false
1,63888,"",true,false
1,63997,"",true,false
1,64103,"",true,false
1,64211,"",true,false
1,64319,"",true,false
1,64427,"",true,false
1,64540,"",true,false
1,64649,"Hi RAJA MUHAMMAD AZRIEN BIN RAJA AZAMAN SHAH - Google Chrome",true,true
1,64759,"Hi RAJA MUHAMMAD AZRIEN BIN RAJA AZAMAN SHAH - Google Chrome",true,true
1,64870,"Hi RAJA MUHAMMAD AZRIEN BIN RAJA AZAMAN SHAH - Google Chrome",true,true
1,64977,"Hi RAJA MUHAMMAD AZRIEN BIN RAJA AZAMAN SHAH - Google Chrome",true,true
1,65088,"Hi RAJA MUHAMMAD AZRIEN BIN RAJA AZAMAN SHAH - Google Chrome",true,true
1,65197,"Hi RAJA MUHAMMAD AZRIEN BIN RAJA AZAMAN SHAH - Google Chrome",true,true
1,65306,"Hi RAJA MUHAMMAD AZRIEN BIN RAJA AZAMAN SHAH - Google Chrome",true,true
1,65411,"Hi RAJA MUHAMMAD AZRIEN BIN RAJA AZAMAN SHAH - Google Chrome",true,true
1,65520,"Hi RAJA MUHAMMAD AZRIEN BIN RAJA AZAMAN SHAH - Google Chrome",true,true
1,65629,"Hi RAJA MUHAMMAD AZRIEN BIN RAJA AZAMAN SHAH - Google Chrome",true,true
1,65738,"Hi RAJA MUHAMMAD AZRIEN BIN RAJA AZAMAN SHAH - Google Chrome",true,true
1,65848,"Hi RAJA MUHAMMAD AZRIEN BIN RAJA AZAMAN SHAH - Google Chrome",true,true
1,65953,"Hi RAJA MUHAMMAD AZRIEN BIN RAJA AZAMAN SHAH - Google Chrome",true,true
1,66064,"Hi RAJA MUHAMMAD AZRIEN BIN RAJA AZAMAN SHAH - Google Chrome",true,true
1,66173,"Hi RAJA MUHAMMAD AZRIEN BIN RAJA AZAMAN SHAH - Google Chrome",true,true
1,66283,"Hi RAJA MUHAMMAD AZRIEN BIN RAJA AZAMAN SHAH - Google Chrome",true,true
1,66389,"Hi RAJA MUHAMMAD AZRIEN BIN RAJA AZAMAN SHAH - Google Chrome",true,true
1,66497,"Hi RAJA MUHAMMAD AZRIEN BIN RAJA AZAMAN SHAH - Google Chrome",true,true
1,66606,"Hi RAJA MUHAMMAD AZRIEN BIN RAJA AZAMAN SHAH - Google Chrome",true,true
1,66713,"Hi RAJA MUHAMMAD AZRIEN BIN RAJA AZAMAN SHAH - Google Chrome",true,true
1,66819,"Hi RAJA MUHAMMAD AZRIEN BIN RAJA AZAMAN SHAH - Google Chrome",true,true
1,66939,"Hi RAJA MUHAMMAD AZRIEN BIN RAJA AZAMAN SHAH - Google Chrome",true,true
1,67046,"Hi RAJA MUHAMMAD AZRIEN BIN RAJA AZAMAN SHAH - Google Chrome",true,true
1,67154,"Hi RAJA MUHAMMAD AZRIEN BIN RAJA AZAMAN SHAH - Google Chrome",true,true
1,67265,"Hi RAJA MUHAMMAD AZRIEN BIN RAJA AZAMAN SHAH - Google Chrome",true,true
1,67375,"Hi RAJA MUHAMMAD AZRIEN BIN RAJA AZAMAN SHAH - Google Chrome",true,true
1,67484,"Hi RAJA MUHAMMAD AZRIEN BIN RAJA AZAMAN SHAH - Google Chrome",true,true
1,67590,"Hi RAJA MUHAMMAD AZRIEN BIN RAJA AZAMAN SHAH - Google Chrome",true,true
1,67699,"Hi RAJA MUHAMMAD AZRIEN BIN RAJA AZAMAN SHAH - Google Chrome",true,true
1,67806,"Hi RAJA MUHAMMAD AZRIEN BIN RAJA AZAMAN SHAH - Google Chrome",true,true
1,67913,"Hi RAJA MUHAMMAD AZRIEN BIN RAJA AZAMAN SHAH - Google Chrome",true,true
1,68021,"Hi RAJA MUHAMMAD AZRIEN BIN RAJA AZAMAN SHAH - Google Chrome",true,true
1,68130,"Hi RAJA MUHAMMAD AZRIEN BIN RAJA AZAMAN SHAH - Google Chrome",true,true
1,68239,"Hi RAJA MUHAMMAD AZRIEN BIN RAJA AZAMAN SHAH - Google Chrome",true,true
1,68346,"Hi RAJA MUHAMMAD AZRIEN BIN RAJA AZAMAN SHAH - Google Chrome",true,true
1,68453,"Hi RAJA MUHAMMAD AZRIEN BIN RAJA AZAMAN SHAH - Google Chrome",true,true
1,68563,"Hi RAJA MUHAMMAD AZRIEN BIN RAJA AZAMAN SHAH - Google Chrome",true,true
1,68674,"Hi RAJA MUHAMMAD AZRIEN BIN RAJA AZAMAN SHAH - Google Chrome",true,true
1,68782,"Hi RAJA MUHAMMAD AZRIEN BIN RAJA AZAMAN SHAH - Google Chrome",true,true
1,68893,"Hi RAJA MUHAMMAD AZRIEN BIN RAJA AZAMAN SHAH - Google Chrome",true,true
1,68997,"Hi RAJA MUHAMMAD AZRIEN BIN RAJA AZAMAN SHAH - Google Chrome",true,true
1,69106,"Hi RAJA MUHAMMAD AZRIEN BIN RAJA AZAMAN SHAH - Google Chrome",true,true
1,69214,"Hi RAJA MUHAMMAD AZRIEN BIN RAJA AZAMAN SHAH - Google Chrome",true,true
1,69323,"Hi RAJA MUHAMMAD AZRIEN BIN RAJA AZAMAN SHAH - Google Chrome",true,true
1,69428,"Hi RAJA MUHAMMAD AZRIEN BIN RAJA AZAMAN SHAH - Google Chrome",true,true
1,69537,"Hi RAJA MUHAMMAD AZRIEN BIN RAJA AZAMAN SHAH - Google Chrome",true,true
1,69659,"Hi RAJA MUHAMMAD AZRIEN BIN RAJA AZAMAN SHAH - Google Chrome",true,true
1,69771,"Hi RAJA MUHAMMAD AZRIEN BIN RAJA AZAMAN SHAH - Google Chrome",true,true
1,69876,"Hi RAJA MUHAMMAD AZRIEN BIN RAJA AZAMAN SHAH - Google Chrome",true,true
1,69986,"Hi RAJA MUHAMMAD AZRIEN BIN RAJA AZAMAN SHAH - Google Chrome",true,true
1,70098,"Hi RAJA MUHAMMAD AZRIEN BIN RAJA AZAMAN SHAH - Google Chrome",true,true
1,70209,"Hi RAJA MUHAMMAD AZRIEN BIN RAJA AZAMAN SHAH - Google Chrome",true,true
1,70316,"Hi RAJA MUHAMMAD AZRIEN BIN RAJA AZAMAN SHAH - Google Chrome",true,true
1,70425,"Hi RAJA MUHAMMAD AZRIEN BIN RAJA AZAMAN SHAH - Google Chrome",true,true
1,70533,"Hi RAJA MUHAMMAD AZRIEN BIN RAJA AZAMAN SHAH - Google Chrome",true,true
1,70638,"Hi RAJA MUHAMMAD AZRIEN BIN RAJA AZAMAN SHAH - Google Chrome",true,true
1,70749,"Hi RAJA MUHAMMAD AZRIEN BIN RAJA AZAMAN SHAH - Google Chrome",true,true
1,70855,"Hi RAJA MUHAMMAD AZRIEN BIN RAJA AZAMAN SHAH - Google Chrome",true,true
1,70964,"Hi RAJA MUHAMMAD AZRIEN BIN RAJA AZAMAN SHAH - Google Chrome",true,true
1,71075,"Hi RAJA MUHAMMAD AZRIEN BIN RAJA AZAMAN SHAH - Google Chrome",true,true
1,71186,"Hi RAJA MUHAMMAD AZRIEN BIN RAJA AZAMAN SHAH - Google Chrome",true,true
1,71296,"Hi RAJA MUHAMMAD AZRIEN BIN RAJA AZAMAN SHAH - Google Chrome",true,true
1,71401,"Hi RAJA MUHAMMAD AZRIEN BIN RAJA AZAMAN SHAH - Google Chrome",true,true
1,71510,"Hi RAJA MUHAMMAD AZRIEN BIN RAJA AZAMAN SHAH - Google Chrome",true,true
1,71620,"Hi RAJA MUHAMMAD AZRIEN BIN RAJA AZAMAN SHAH - Google Chrome",true,true
1,71729,"Hi RAJA MUHAMMAD AZRIEN BIN RAJA AZAMAN SHAH - Google Chrome",true,true
1,71838,"Hi RAJA MUHAMMAD AZRIEN BIN RAJA AZAMAN SHAH - Google Chrome",true,true
1,71944,"Hi RAJA MUHAMMAD AZRIEN BIN RAJA AZAMAN SHAH - Google Chrome",true,true
1,72052,"Hi RAJA MUHAMMAD AZRIEN BIN RAJA AZAMAN SHAH - Google Chrome",true,true
1,72159,"Hi RAJA MUHAMMAD AZRIEN BIN RAJA AZAMAN SHAH - Google Chrome",true,true
1,72269,"Hi RAJA MUHAMMAD AZRIEN BIN RAJA AZAMAN SHAH - Google Chrome",true,true
1,72378,"Hi RAJA MUHAMMAD AZRIEN BIN RAJA AZAMAN SHAH - Google Chrome",true,true
1,72490,"Hi RAJA MUHAMMAD AZRIEN BIN RAJA AZAMAN SHAH - Google Chrome",true,true
1,72597,"Hi RAJA MUHAMMAD AZRIEN BIN RAJA AZAMAN SHAH - Google Chrome",true,true
1,72706,"Hi RAJA MUHAMMAD AZRIEN BIN RAJA AZAMAN SHAH - Google Chrome",true,true
1,72814,"Hi RAJA MUHAMMAD AZRIEN BIN RAJA AZAMAN SHAH - Google Chrome",true,true
1,72921,"Hi RAJA MUHAMMAD AZRIEN BIN RAJA AZAMAN SHAH - Google Chrome",true,true
1,73030,"Hi RAJA MUHAMMAD AZRIEN BIN RAJA AZAMAN SHAH - Google Chrome",true,true
1,73140,"Hi RAJA MUHAMMAD AZRIEN BIN RAJA AZAMAN SHAH - Google Chrome",true,true
1,73253,"Hi RAJA MUHAMMAD AZRIEN BIN RAJA AZAMAN SHAH - Google Chrome",true,true
1,73359,"Hi RAJA MUHAMMAD AZRIEN BIN RAJA AZAMAN SHAH - Google Chrome",true,true
1,73467,"Hi RAJA MUHAMMAD AZRIEN BIN RAJA AZAMAN SHAH - Google Chrome",true,true
1,73575,"Hi RAJA MUHAMMAD AZRIEN BIN RAJA AZAMAN SHAH - Google Chrome",true,true
1,73679,"Hi RAJA MUHAMMAD AZRIEN BIN RAJA AZAMAN SHAH - Google Chrome",true,true
1,73789,"Hi RAJA MUHAMMAD AZRIEN BIN RAJA AZAMAN SHAH - Google Chrome",true,true
1,73897,"Hi RAJA MUHAMMAD AZRIEN BIN RAJA AZAMAN SHAH - Google Chrome",true,true
1,74006,"Hi RAJA MUHAMMAD AZRIEN BIN RAJA AZAMAN SHAH - Google Chrome",true,true
1,74113,"Hi RAJA MUHAMMAD AZRIEN BIN RAJA AZAMAN SHAH - Google Chrome",true,true
1,74223,"Hi RAJA MUHAMMAD AZRIEN BIN RAJA AZAMAN SHAH - Google Chrome",true,true
1,74334,"Hi RAJA MUHAMMAD AZRIEN BIN RAJA AZAMAN SHAH - Google Chrome",true,true
1,74442,"Hi RAJA MUHAMMAD AZRIEN BIN RAJA AZAMAN SHAH - Google Chrome",true,true
1,74552,"Hi RAJA MUHAMMAD AZRIEN BIN RAJA AZAMAN SHAH - Google Chrome",true,true
1,74659,"Hi RAJA MUHAMMAD AZRIEN BIN RAJA AZAMAN SHAH - Google Chrome",true,true
1,74766,"Hi RAJA MUHAMMAD AZRIEN BIN RAJA AZAMAN SHAH - Google Chrome",true,true
1,74870,"Hi RAJA MUHAMMAD AZRIEN BIN RAJA AZAMAN SHAH - Google Chrome",true,true
1,74975,"Hi RAJA MUHAMMAD AZRIEN BIN RAJA AZAMAN SHAH - Google Chrome",true,true
1,75077,"Hi RAJA MUHAMMAD AZRIEN BIN RAJA AZAMAN SHAH - Google Chrome",true,true
1,75185,"Hi RAJA MUHAMMAD AZRIEN BIN RAJA AZAMAN SHAH - Google Chrome",true,true
1,75295,"Hi RAJA MUHAMMAD AZRIEN BIN RAJA AZAMAN SHAH - Google Chrome",true,true
1,75402,"Hi RAJA MUHAMMAD AZRIEN BIN RAJA AZAMAN SHAH - Google Chrome",true,true
1,75509,"Hi RAJA MUHAMMAD AZRIEN BIN RAJA AZAMAN SHAH - Google Chrome",true,true
1,75613,"Hi RAJA MUHAMMAD AZRIEN BIN RAJA AZAMAN SHAH - Google Chrome",true,true
1,75719,"Hi RAJA MUHAMMAD AZRIEN BIN RAJA AZAMAN SHAH - Google Chrome",true,true
1,75825,"Hi RAJA MUHAMMAD AZRIEN BIN RAJA AZAMAN SHAH - Google Chrome",true,true
1,75934,"Hi RAJA MUHAMMAD AZRIEN BIN RAJA AZAMAN SHAH - Google Chrome",true,true
1,76043,"Hi RAJA MUHAMMAD AZRIEN BIN RAJA AZAMAN SHAH - Google Chrome",true,true
1,76150,"Hi RAJA MUHAMMAD AZRIEN BIN RAJA AZAMAN SHAH - Google Chrome",true,true
1,76255,"Hi RAJA MUHAMMAD AZRIEN BIN RAJA AZAMAN SHAH - Google Chrome",true,true
1,76363,"Hi RAJA MUHAMMAD AZRIEN BIN RAJA AZAMAN SHAH - Google Chrome",true,true
1,76475,"Hi RAJA MUHAMMAD AZRIEN BIN RAJA AZAMAN SHAH - Google Chrome",true,true
1,76582,"Hi RAJA MUHAMMAD AZRIEN BIN RAJA AZAMAN SHAH - Google Chrome",true,true
1,76690,"Hi RAJA MUHAMMAD AZRIEN BIN RAJA AZAMAN SHAH - Google Chrome",true,true
1,76796,"Hi RAJA MUHAMMAD AZRIEN BIN RAJA AZAMAN SHAH - Google Chrome",true,true
1,76903,"Hi RAJA MUHAMMAD AZRIEN BIN RAJA AZAMAN SHAH - Google Chrome",true,true
1,77013,"Hi RAJA MUHAMMAD AZRIEN BIN RAJA AZAMAN SHAH - Google Chrome",true,true
1,77122,"Hi RAJA MUHAMMAD AZRIEN BIN RAJA AZAMAN SHAH - Google Chrome",true,true
1,77228,"Hi RAJA MUHAMMAD AZRIEN BIN RAJA AZAMAN SHAH - Google Chrome",true,true
1,77335,"Hi RAJA MUHAMMAD AZRIEN BIN RAJA AZAMAN SHAH - Google Chrome",true,true
1,77444,"Hi RAJA MUHAMMAD AZRIEN BIN RAJA AZAMAN SHAH - Google Chrome",true,true
1,77554,"Hi RAJA MUHAMMAD AZRIEN BIN RAJA AZAMAN SHAH - Google Chrome",true,true
1,77663,"Hi RAJA MUHAMMAD AZRIEN BIN RAJA AZAMAN SHAH - Google Chrome",true,true
1,77770,"Hi RAJA MUHAMMAD AZRIEN BIN RAJA AZAMAN SHAH - Google Chrome",true,true
1,77880,"Hi RAJA MUHAMMAD AZRIEN BIN RAJA AZAMAN SHAH - Google Chrome",true,true
1,77990,"Hi RAJA MUHAMMAD AZRIEN BIN RAJA AZAMAN SHAH - Google Chrome",true,true
1,78097,"Hi RAJA MUHAMMAD AZRIEN BIN RAJA AZAMAN SHAH - Google Chrome",true,true
1,78204,"Hi RAJA MUHAMMAD AZRIEN BIN RAJA AZAMAN SHAH - Google Chrome",true,true
1,78314,"Hi RAJA MUHAMMAD AZRIEN BIN RAJA AZAMAN SHAH - Google Chrome",true,true
1,78420,"Hi RAJA MUHAMMAD AZRIEN BIN RAJA AZAMAN SHAH - Google Chrome",true,true
1,78530,"Hi RAJA MUHAMMAD AZRIEN BIN RAJA AZAMAN SHAH - Google Chrome",true,true
1,78636,"Hi RAJA MUHAMMAD AZRIEN BIN RAJA AZAMAN SHAH - Google Chrome",true,true
1,78745,"Hi RAJA MUHAMMAD AZRIEN BIN RAJA AZAMAN SHAH - Google Chrome",true,true
1,78850,"Hi RAJA MUHAMMAD AZRIEN BIN RAJA AZAMAN SHAH - Google Chrome",true,true
1,78957,"Hi RAJA MUHAMMAD AZRIEN BIN RAJA AZAMAN SHAH - Google Chrome",true,true
1,79062,"Hi RAJA MUHAMMAD AZRIEN BIN RAJA AZAMAN SHAH - Google Chrome",true,true
1,79170,"Hi RAJA MUHAMMAD AZRIEN BIN RAJA AZAMAN SHAH - Google Chrome",true,true
1,79277,"Hi RAJA MUHAMMAD AZRIEN BIN RAJA AZAMAN SHAH - Google Chrome",true,true
1,79385,"Hi RAJA MUHAMMAD AZRIEN BIN RAJA AZAMAN SHAH - Google Chrome",true,true
1,79493,"Hi RAJA MUHAMMAD AZRIEN BIN RAJA AZAMAN SHAH - Google Chrome",true,true
1,79602,"Hi RAJA MUHAMMAD AZRIEN BIN RAJA AZAMAN SHAH - Google Chrome",true,true
1,79710,"Hi RAJA MUHAMMAD AZRIEN BIN RAJA AZAMAN SHAH - Google Chrome",true,true
1,79818,"Hi RAJA MUHAMMAD AZRIEN BIN RAJA AZAMAN SHAH - Google Chrome",true,true
1,79927,"Hi RAJA MUHAMMAD AZRIEN BIN RAJA AZAMAN SHAH - Google Chrome",true,true
1,80037,"Hi RAJA MUHAMMAD AZRIEN BIN RAJA AZAMAN SHAH - Google Chrome",true,true
1,80148,"Hi RAJA MUHAMMAD AZRIEN BIN RAJA AZAMAN SHAH - Google Chrome",true,true
1,80259,"Hi RAJA MUHAMMAD AZRIEN BIN RAJA AZAMAN SHAH - Google Chrome",true,true
1,80367,"Hi RAJA MUHAMMAD AZRIEN BIN RAJA AZAMAN SHAH - Google Chrome",true,true
1,80475,"Hi RAJA MUHAMMAD AZRIEN BIN RAJA AZAMAN SHAH - Google Chrome",true,true
1,80584,"Hi RAJA MUHAMMAD AZRIEN BIN RAJA AZAMAN SHAH - Google Chrome",true,true
1,80692,"Hi RAJA MUHAMMAD AZRIEN BIN RAJA AZAMAN SHAH - Google Chrome",true,true
1,80802,"Hi RAJA MUHAMMAD AZRIEN BIN RAJA AZAMAN SHAH - Google Chrome",true,true
1,80911,"Hi RAJA MUHAMMAD AZRIEN BIN RAJA AZAMAN SHAH - Google Chrome",true,true
1,81021,"Hi RAJA MUHAMMAD AZRIEN BIN RAJA AZAMAN SHAH - Google Chrome",true,true
1,81130,"Hi RAJA MUHAMMAD AZRIEN BIN RAJA AZAMAN SHAH - Google Chrome",true,true
1,81239,"Hi RAJA MUHAMMAD AZRIEN BIN RAJA AZAMAN SHAH - Google Chrome",true,true
1,81346,"Hi RAJA MUHAMMAD AZRIEN BIN RAJA AZAMAN SHAH - Google Chrome",true,true
1,81453,"Hi RAJA MUHAMMAD AZRIEN BIN RAJA AZAMAN SHAH - Google Chrome",true,true
1,81560,"Hi RAJA MUHAMMAD AZRIEN BIN RAJA AZAMAN SHAH - Google Chrome",true,true
1,81669,"Hi RAJA MUHAMMAD AZRIEN BIN RAJA AZAMAN SHAH - Google Chrome",true,true
1,81778,"Hi RAJA MUHAMMAD AZRIEN BIN RAJA AZAMAN SHAH - Google Chrome",true,true
1,81887,"Hi RAJA MUHAMMAD AZRIEN BIN RAJA AZAMAN SHAH - Google Chrome",true,true
1,81994,"Hi RAJA MUHAMMAD AZRIEN BIN RAJA AZAMAN SHAH - Google Chrome",true,true
1,82103,"Hi RAJA MUHAMMAD AZRIEN BIN RAJA AZAMAN SHAH - Google Chrome",true,true
1,82211,"Hi RAJA MUHAMMAD AZRIEN BIN RAJA AZAMAN SHAH - Google Chrome",true,true
1,82319,"Hi RAJA MUHAMMAD AZRIEN BIN RAJA AZAMAN SHAH - Google Chrome",true,true
1,82429,"Hi RAJA MUHAMMAD AZRIEN BIN RAJA AZAMAN SHAH - Google Chrome",true,true
1,82538,"Hi RAJA MUHAMMAD AZRIEN BIN RAJA AZAMAN SHAH - Google Chrome",true,true
1,82646,"Hi RAJA MUHAMMAD AZRIEN BIN RAJA AZAMAN SHAH - Google Chrome",true,true
1,82756,"",true,false
1,82862,"",true,false
1,82969,"",true,false
1,83078,"",true,false
1,83188,"",true,false
1,83296,"",true,false
1,83405,"",true,false
1,83513,"",true,false
1,83623,"",true,false
1,83732,"",true,false
1,83840,"",true,false
1,83944,"",true,false
1,84053,"",true,false
1,84160,"",true,false
1,84270,"",true,false
1,84374,"",true,false
1,84482,"",true,false
1,84590,"",true,false
1,84700,"",true,false
1,84807,"",true,false
1,84917,"",true,false
1,85022,"",true,false
1,85128,"",true,false
1,85236,"",true,false
1,85345,"",true,false
1,85454,"",true,false
1,85561,"",true,false
1,85669,"",true,false
1,85778,"",true,false
1,85887,"",true,false
1,85995,"The Informant's Gambit - A Darknet Mystery - YouTube - Google Chrome",true,false
1,86106,"New Tab - Google Chrome",true,false
1,86215,"New Tab - Google Chrome",true,false
1,86323,"New Tab - Google Chrome",true,false
1,86447,"New Tab - Google Chrome",true,false
1,86555,"New Tab - Google Chrome",true,false
1,86663,"New Tab - Google Chrome",true,false
1,86770,"New Tab - Google Chrome",true,false
1,86880,"New Tab - Google Chrome",true,false
1,86989,"New Tab - Google Chrome",true,false
1,87097,"New Tab - Google Chrome",true,false
1,87204,"New Tab - Google Chrome",true,false
1,87310,"New Tab - Google Chrome",true,false
1,87418,"New Tab - Google Chrome",true,false
1,87520,"New Tab - Google Chrome",true,false
1,87628,"New Tab - Google Chrome",true,false
1,87737,"New Tab - Google Chrome",true,false
1,87843,"New Tab - Google Chrome",true,false
1,87952,"New Tab - Google Chrome",true,false
1,88059,"New Tab - Google Chrome",true,false
1,88167,"New Tab - Google Chrome",true,false
1,88276,"New Tab - Google Chrome",true,false
1,88381,"New Tab - Google Chrome",true,false
1,88490,"New Tab - Google Chrome",true,false
1,88596,"New Tab - Google Chrome",true,false
1,88706,"New Tab - Google Chrome",true,false
1,88816,"New Tab - Google Chrome",true,false
1,88924,"",true,false
1,89032,"Hi RAJA MUHAMMAD AZRIEN BIN RAJA AZAMAN SHAH - Google Chrome",true,true
1,89141,"Hi RAJA MUHAMMAD AZRIEN BIN RAJA AZAMAN SHAH - Google Chrome",true,true
1,89247,"Hi RAJA MUHAMMAD AZRIEN BIN RAJA AZAMAN SHAH - Google Chrome",true,true
1,89350,"Hi RAJA MUHAMMAD AZRIEN BIN RAJA AZAMAN SHAH - Google Chrome",true,true
1,89455,"Hi RAJA MUHAMMAD AZRIEN BIN RAJA AZAMAN SHAH - Google Chrome",true,true
1,89563,"Hi RAJA MUHAMMAD AZRIEN BIN RAJA AZAMAN SHAH - Google Chrome",true,true
1,89671,"Hi RAJA MUHAMMAD AZRIEN BIN RAJA AZAMAN SHAH - Google Chrome",true,true
1,89779,"Hi RAJA MUHAMMAD AZRIEN BIN RAJA AZAMAN SHAH - Google Chrome",true,true
1,89884,"Hi RAJA MUHAMMAD AZRIEN BIN RAJA AZAMAN SHAH - Google Chrome",true,true
1,89993,"Hi RAJA MUHAMMAD AZRIEN BIN RAJA AZAMAN SHAH - Google Chrome",true,true
1,90117,"Hi RAJA MUHAMMAD AZRIEN BIN RAJA AZAMAN SHAH - Google Chrome",true,true
1,90225,"Hi RAJA MUHAMMAD AZRIEN BIN RAJA AZAMAN SHAH - Google Chrome",true,true
1,90334,"Hi RAJA MUHAMMAD AZRIEN BIN RAJA AZAMAN SHAH - Google Chrome",true,true
1,90439,"Hi RAJA MUHAMMAD AZRIEN BIN RAJA AZAMAN SHAH - Google Chrome",true,true
1,90547,"Hi RAJA MUHAMMAD AZRIEN BIN RAJA AZAMAN SHAH - Google Chrome",true,true
1,90653,"Hi RAJA MUHAMMAD AZRIEN BIN RAJA AZAMAN SHAH - Google Chrome",true,true
1,90759,"Hi RAJA MUHAMMAD AZRIEN BIN RAJA AZAMAN SHAH - Google Chrome",true,true
1,90864,"Hi RAJA MUHAMMAD AZRIEN BIN RAJA AZAMAN SHAH - Google Chrome",true,true
1,90975,"Hi RAJA MUHAMMAD AZRIEN BIN RAJA AZAMAN SHAH - Google Chrome",true,true
1,91081,"Hi RAJA MUHAMMAD AZRIEN BIN RAJA AZAMAN SHAH - Google Chrome",true,true
1,91190,"Hi RAJA MUHAMMAD AZRIEN BIN RAJA AZAMAN SHAH - Google Chrome",true,false
1,91297,"Hi RAJA MUHAMMAD AZRIEN BIN RAJA AZAMAN SHAH - Google Chrome",true,false
1,91405,"Hi RAJA MUHAMMAD AZRIEN BIN RAJA AZAMAN SHAH - Google Chrome",true,false
1,91517,"Hi RAJA MUHAMMAD AZRIEN BIN RAJA AZAMAN SHAH - Google Chrome",true,false
1,91623,"Hi RAJA MUHAMMAD AZRIEN BIN RAJA AZAMAN SHAH - Google Chrome",true,false
1,91728,"Hi RAJA MUHAMMAD AZRIEN BIN RAJA AZAMAN SHAH - Google Chrome",true,false
1,91832,"Hi RAJA MUHAMMAD AZRIEN BIN RAJA AZAMAN SHAH - Google Chrome",true,false
1,91941,"Hi RAJA MUHAMMAD AZRIEN BIN RAJA AZAMAN SHAH - Google Chrome",true,false
1,92052,"Hi RAJA MUHAMMAD AZRIEN BIN RAJA AZAMAN SHAH - Google Chrome",true,false
1,92159,"Hi RAJA MUHAMMAD AZRIEN BIN RAJA AZAMAN SHAH - Google Chrome",true,false
1,92269,"Hi RAJA MUHAMMAD AZRIEN BIN RAJA AZAMAN SHAH - Google Chrome",true,false
1,92376,"Hi RAJA MUHAMMAD AZRIEN BIN RAJA AZAMAN SHAH - Google Chrome",true,false
1,92483,"Hi RAJA MUHAMMAD AZRIEN BIN RAJA AZAMAN SHAH - Google Chrome",true,false
1,92591,"Hi RAJA MUHAMMAD AZRIEN BIN RAJA AZAMAN SHAH - Google Chrome",true,false
1,92702,"Hi RAJA MUHAMMAD AZRIEN BIN RAJA AZAMAN SHAH - Google Chrome",true,false
1,92809,"Hi RAJA MUHAMMAD AZRIEN BIN RAJA AZAMAN SHAH - Google Chrome",true,false
1,92915,"Hi RAJA MUHAMMAD AZRIEN BIN RAJA AZAMAN SHAH - Google Chrome",true,false
1,93024,"Hi RAJA MUHAMMAD AZRIEN BIN RAJA AZAMAN SHAH - Google Chrome",true,false
1,93130,"Hi RAJA MUHAMMAD AZRIEN BIN RAJA AZAMAN SHAH - Google Chrome",true,false
1,93234,"Hi RAJA MUHAMMAD AZRIEN BIN RAJA AZAMAN SHAH - Google Chrome",true,false
1,93339,"Hi RAJA MUHAMMAD AZRIEN BIN RAJA AZAMAN SHAH - Google Chrome",true,false
1,93447,"Hi RAJA MUHAMMAD AZRIEN BIN RAJA AZAMAN SHAH - Google Chrome",true,false
1,93555,"Hi RAJA MUHAMMAD AZRIEN BIN RAJA AZAMAN SHAH - Google Chrome",true,false
1,93666,"Hi RAJA MUHAMMAD AZRIEN BIN RAJA AZAMAN SHAH - Google Chrome",true,false
1,93774,"Hi RAJA MUHAMMAD AZRIEN BIN RAJA AZAMAN SHAH - Google Chrome",true,false
1,93877,"Hi RAJA MUHAMMAD AZRIEN BIN RAJA AZAMAN SHAH - Google Chrome",true,false
1,94003,"Hi RAJA MUHAMMAD AZRIEN BIN RAJA AZAMAN SHAH - Google Chrome",true,false
1,94109,"Redirecting - Google Chrome",true,false
1,94218,"Redirecting - Google Chrome",true,false
1,94326,"Redirecting - Google Chrome",true,false
1,94435,"Redirecting - Google Chrome",true,false
1,94544,"Redirecting - Google Chrome",true,false
1,94652,"Redirecting - Google Chrome",true,false
1,94758,"Redirecting - Google Chrome",true,false
1,94865,"Redirecting - Google Chrome",true,false
1,94975,"",true,false
1,95084,"",true,false
1,95192,"",true,false
1,95300,"",true,false
1,95409,"",true,false
1,95515,"",true,false
1,95622,"",true,false
1,95725,"",true,false
1,95830,"",true,false
1,95938,"",true,false
1,96045,"",true,false
1,96152,"",true,false
1,96259,"",true,false
1,96363,"",true,false
1,96467,"",true,false
1,96576,"",true,false
1,96685,"Sign in – Google accounts - Google Chrome",true,false
1,96792,"Sign in – Google accounts - Google Chrome",true,false
1,96899,"Sign in – Google accounts - Google Chrome",true,false
1,97005,"Sign in – Google accounts - Google Chrome",true,false
1,97114,"Sign in – Google accounts - Google Chrome",true,false
1,97223,"Sign in – Google accounts - Google Chrome",true,false
1,97330,"Sign in – Google accounts - Google Chrome",true,false
1,97437,"Sign in – Google accounts - Google Chrome",true,false
1,97544,"Sign in – Google accounts - Google Chrome",true,false
1,97649,"Sign in – Google accounts - Google Chrome",true,false
1,97759,"Sign in – Google accounts - Google Chrome",true,false
1,97867,"Sign in – Google accounts - Google Chrome",true,false
1,97975,"Sign in – Google accounts - Google Chrome",true,false
1,98078,"Sign in – Google accounts - Google Chrome",true,false
1,98186,"Sign in – Google accounts - Google Chrome",true,false
1,98297,"Sign in – Google accounts - Google Chrome",true,false
1,98406,"Sign in – Google accounts - Google Chrome",true,false
1,98526,"Sign in – Google accounts - Google Chrome",true,false
1,98636,"DELIMa 3.0 Digital Educational Learning Initiative Malaysia - Google Chrome",true,false
1,98744,"DELIMa 3.0 Digital Educational Learning Initiative Malaysia - Google Chrome",true,false
1,98946,"DELIMa 3.0 Digital Educational Learning Initiative Malaysia - Google Chrome",true,false
1,99056,"DELIMa 3.0 Digital Educational Learning Initiative Malaysia - Google Chrome",true,false
1,99164,"DELIMa 3.0 Digital Educational Learning Initiative Malaysia - Google Chrome",true,false
1,99274,"DELIMa 3.0 Digital Educational Learning Initiative Malaysia - Google Chrome",true,false
1,99383,"DELIMa 3.0 Digital Educational Learning Initiative Malaysia - Google Chrome",true,false
1,99492,"DELIMa 3.0 Digital Educational Learning Initiative Malaysia - Google Chrome",true,false
1,99601,"DELIMa 3.0 Digital Educational Learning Initiative Malaysia - Google Chrome",true,false
1,99709,"DELIMa 3.0 Digital Educational Learning Initiative Malaysia - Google Chrome",true,false
1,99819,"DELIMa 3.0 Digital Educational Learning Initiative Malaysia - Google Chrome",true,false
1,99928,"DELIMa 3.0 Digital Educational Learning Initiative Malaysia - Google Chrome",true,false
1,100037,"DELIMa 3.0 Digital Educational Learning Initiative Malaysia - Google Chrome",true,false
1,100144,"DELIMa 3.0 Digital Educational Learning Initiative Malaysia - Google Chrome",true,false
1,100254,"DELIMa 3.0 Digital Educational Learning Initiative Malaysia - Google Chrome",true,false
1,100362,"DELIMa 3.0 Digital Educational Learning Initiative Malaysia - Google Chrome",true,false
1,100642,"DELIMa 3.0 Digital Educational Learning Initiative Malaysia - Google Chrome",true,false
1,100750,"DELIMa 3.0 Digital Educational Learning Initiative Malaysia - Google Chrome",true,false
1,100855,"DELIMa 3.0 Digital Educational Learning Initiative Malaysia - Google Chrome",true,false
1,100964,"DELIMa 3.0 Digital Educational Learning Initiative Malaysia - Google Chrome",true,false
1,101073,"DELIMa 3.0 Digital Educational Learning Initiative Malaysia - Google Chrome",true,false
1,101182,"New Tab - Google Chrome",true,false
2,0,"",true,false
2,103,"Delima-AutoLogin - Antigravity IDE - README.md",true,false
2,212,"Delima-AutoLogin - Antigravity IDE - README.md",true,false
2,321,"Delima-AutoLogin - Antigravity IDE - README.md",true,false
2,428,"Delima-AutoLogin - Antigravity IDE - README.md",true,false
2,533,"Delima-AutoLogin - Antigravity IDE - README.md",true,false
2,650,"Delima-AutoLogin - Antigravity IDE - README.md",true,false
2,755,"Delima-AutoLogin - Antigravity IDE - README.md",true,false
2,861,"Delima-AutoLogin - Antigravity IDE - README.md",true,false
2,976,"Delima-AutoLogin - Antigravity IDE - README.md",true,false
2,1080,"Delima-AutoLogin - Antigravity IDE - README.md",true,false
2,1186,"Delima-AutoLogin - Antigravity IDE - README.md",true,false
2,1298,"Delima-AutoLogin - Antigravity IDE - README.md",true,false
2,1410,"Delima-AutoLogin - Antigravity IDE - README.md",true,false
2,1523,"Delima-AutoLogin - Antigravity IDE - README.md",true,false
2,1631,"Delima-AutoLogin - Antigravity IDE - README.md",true,false
2,1744,"Delima-AutoLogin - Antigravity IDE - README.md",true,false
2,1851,"Delima-AutoLogin - Antigravity IDE - README.md",true,false
2,1956,"Delima-AutoLogin - Antigravity IDE - README.md",true,false
2,2060,"Delima-AutoLogin - Antigravity IDE - README.md",true,false
2,2166,"Delima-AutoLogin - Antigravity IDE - README.md",true,false
2,2269,"Delima-AutoLogin - Antigravity IDE - README.md",true,false
2,2374,"Delima-AutoLogin - Antigravity IDE - README.md",true,false
2,2483,"Delima-AutoLogin - Antigravity IDE - README.md",true,false
2,2591,"Delima-AutoLogin - Antigravity IDE - README.md",true,false
2,2695,"Delima-AutoLogin - Antigravity IDE - README.md",true,false
2,2797,"Delima-AutoLogin - Antigravity IDE - README.md",true,false
2,2907,"Delima-AutoLogin - Antigravity IDE - README.md",true,false
2,3018,"Delima-AutoLogin - Antigravity IDE - README.md",true,false
2,3131,"Delima-AutoLogin - Antigravity IDE - README.md",true,false
2,3235,"Delima-AutoLogin - Antigravity IDE - README.md",true,false
2,3348,"Delima-AutoLogin - Antigravity IDE - README.md",true,false
2,3452,"Delima-AutoLogin - Antigravity IDE - README.md",true,false
2,3558,"Delima-AutoLogin - Antigravity IDE - README.md",true,false
2,3662,"Delima-AutoLogin - Antigravity IDE - README.md",true,false
2,3768,"Delima-AutoLogin - Antigravity IDE - README.md",true,false
2,3872,"Delima-AutoLogin - Antigravity IDE - README.md",true,false
2,3977,"Delima-AutoLogin - Antigravity IDE - README.md",true,false
2,4082,"Delima-AutoLogin - Antigravity IDE - README.md",true,false
2,4193,"Delima-AutoLogin - Antigravity IDE - README.md",true,false
2,4307,"Delima-AutoLogin - Antigravity IDE - README.md",true,false
2,4417,"Delima-AutoLogin - Antigravity IDE - README.md",true,false
2,4527,"Delima-AutoLogin - Antigravity IDE - README.md",true,false
2,4642,"Delima-AutoLogin - Antigravity IDE - README.md",true,false
2,4747,"Delima-AutoLogin - Antigravity IDE - README.md",true,false
2,4852,"Delima-AutoLogin - Antigravity IDE - README.md",true,false
2,4959,"Delima-AutoLogin - Antigravity IDE - README.md",true,false
2,5067,"Delima-AutoLogin - Antigravity IDE - README.md",true,false
2,5185,"Delima-AutoLogin - Antigravity IDE - README.md",true,false
2,5293,"Delima-AutoLogin - Antigravity IDE - README.md",true,false
2,5402,"Delima-AutoLogin - Antigravity IDE - README.md",true,false
2,5517,"Delima-AutoLogin - Antigravity IDE - README.md",true,false
2,5635,"Delima-AutoLogin - Antigravity IDE - README.md",true,false
2,5744,"Delima-AutoLogin - Antigravity IDE - README.md",true,false
2,5847,"Delima-AutoLogin - Antigravity IDE - README.md",true,false
2,5953,"Delima-AutoLogin - Antigravity IDE - README.md",true,false
2,6056,"Delima-AutoLogin - Antigravity IDE - README.md",true,false
2,6167,"Delima-AutoLogin - Antigravity IDE - README.md",true,false
2,6272,"Delima-AutoLogin - Antigravity IDE - README.md",true,false
2,6376,"Delima-AutoLogin - Antigravity IDE - README.md",true,false
2,6486,"Delima-AutoLogin - Antigravity IDE - README.md",true,false
2,6604,"Delima-AutoLogin - Antigravity IDE - README.md",true,false
2,6711,"Delima-AutoLogin - Antigravity IDE - README.md",true,false
2,6825,"Delima-AutoLogin - Antigravity IDE - README.md",true,false
2,6939,"Delima-AutoLogin - Antigravity IDE - README.md",true,false
2,7042,"Delima-AutoLogin - Antigravity IDE - README.md",true,false
2,7156,"Delima-AutoLogin - Antigravity IDE - README.md",true,false
2,7263,"Delima-AutoLogin - Antigravity IDE - README.md",true,false
2,7378,"Delima-AutoLogin - Antigravity IDE - README.md",true,false
2,7493,"Delima-AutoLogin - Antigravity IDE - README.md",true,false
2,7595,"Delima-AutoLogin - Antigravity IDE - README.md",true,false
2,7708,"Delima-AutoLogin - Antigravity IDE - README.md",true,false
2,7812,"Delima-AutoLogin - Antigravity IDE - README.md",true,false
2,7923,"Delima-AutoLogin - Antigravity IDE - README.md",true,false
2,8027,"Delima-AutoLogin - Antigravity IDE - README.md",true,false
2,8133,"Delima-AutoLogin - Antigravity IDE - README.md",true,false
2,8235,"Delima-AutoLogin - Antigravity IDE - README.md",true,false
2,8338,"Delima-AutoLogin - Antigravity IDE - README.md",true,false
2,8442,"Delima-AutoLogin - Antigravity IDE - README.md",true,false
2,8556,"Delima-AutoLogin - Antigravity IDE - README.md",true,false
2,8663,"Delima-AutoLogin - Antigravity IDE - README.md",true,false
2,8765,"Delima-AutoLogin - Antigravity IDE - README.md",true,false
2,8872,"Delima-AutoLogin - Antigravity IDE - README.md",true,false
2,8982,"Delima-AutoLogin - Antigravity IDE - README.md",true,false
2,9085,"Delima-AutoLogin - Antigravity IDE - README.md",true,false
2,9188,"Delima-AutoLogin - Antigravity IDE - README.md",true,false
2,9292,"Delima-AutoLogin - Antigravity IDE - README.md",true,false
2,9406,"Delima-AutoLogin - Antigravity IDE - README.md",true,false
2,9513,"Delima-AutoLogin - Antigravity IDE - README.md",true,false
2,9630,"Delima-AutoLogin - Antigravity IDE - README.md",true,false
2,9732,"Delima-AutoLogin - Antigravity IDE - README.md",true,false
2,9846,"Delima-AutoLogin - Antigravity IDE - README.md",true,false
2,9952,"Delima-AutoLogin - Antigravity IDE - README.md",true,false
2,10066,"Delima-AutoLogin - Antigravity IDE - README.md",true,false
2,10182,"Delima-AutoLogin - Antigravity IDE - README.md",true,false
2,10285,"Delima-AutoLogin - Antigravity IDE - README.md",true,false
2,10392,"Delima-AutoLogin - Antigravity IDE - README.md",true,false
2,10506,"Delima-AutoLogin - Antigravity IDE - README.md",true,false
2,10617,"Delima-AutoLogin - Antigravity IDE - README.md",true,false
2,10722,"Delima-AutoLogin - Antigravity IDE - README.md",true,false
2,10835,"Delima-AutoLogin - Antigravity IDE - README.md",true,false
2,10942,"Delima-AutoLogin - Antigravity IDE - README.md",true,false
2,11053,"Delima-AutoLogin - Antigravity IDE - README.md",true,false
2,11168,"Delima-AutoLogin - Antigravity IDE - README.md",true,false
2,11277,"Delima-AutoLogin - Antigravity IDE - README.md",true,false
2,11387,"Delima-AutoLogin - Antigravity IDE - README.md",true,false
2,11492,"Delima-AutoLogin - Antigravity IDE - README.md",true,false
2,11595,"Delima-AutoLogin - Antigravity IDE - README.md",true,false
2,11697,"Delima-AutoLogin - Antigravity IDE - README.md",true,false
2,11809,"Delima-AutoLogin - Antigravity IDE - README.md",true,false
2,11918,"Delima-AutoLogin - Antigravity IDE - README.md",true,false
2,12030,"Delima-AutoLogin - Antigravity IDE - README.md",true,false
2,12135,"Delima-AutoLogin - Antigravity IDE - README.md",true,false
2,12247,"Delima-AutoLogin - Antigravity IDE - README.md",true,false
2,12363,"Delima-AutoLogin - Antigravity IDE - README.md",true,false
2,12470,"Delima-AutoLogin - Antigravity IDE - README.md",true,false
2,12575,"Delima-AutoLogin - Antigravity IDE - README.md",true,false
2,12690,"DELIMa 3.0 Digital Educational Learning Initiative Malaysia - Google Chrome",true,false
2,12801,"DELIMa 3.0 Digital Educational Learning Initiative Malaysia - Google Chrome",true,false
2,12902,"DELIMa 3.0 Digital Educational Learning Initiative Malaysia - Google Chrome",true,false
2,13017,"DELIMa 3.0 Digital Educational Learning Initiative Malaysia - Google Chrome",true,false
2,13119,"DELIMa 3.0 Digital Educational Learning Initiative Malaysia - Google Chrome",true,false
2,13232,"DELIMa 3.0 Digital Educational Learning Initiative Malaysia - Google Chrome",true,false
2,13344,"DELIMa 3.0 Digital Educational Learning Initiative Malaysia - Google Chrome",true,false
2,13447,"DELIMa 3.0 Digital Educational Learning Initiative Malaysia - Google Chrome",true,false
2,13555,"DELIMa 3.0 Digital Educational Learning Initiative Malaysia - Google Chrome",true,false
2,13662,"DELIMa 3.0 Digital Educational Learning Initiative Malaysia - Google Chrome",true,false
2,13773,"DELIMa 3.0 Digital Educational Learning Initiative Malaysia - Google Chrome",true,false
2,13881,"DELIMa 3.0 Digital Educational Learning Initiative Malaysia - Google Chrome",true,false
2,13993,"DELIMa 3.0 Digital Educational Learning Initiative Malaysia - Google Chrome",true,false
2,14102,"DELIMa 3.0 Digital Educational Learning Initiative Malaysia - Google Chrome",true,false
2,14215,"DELIMa 3.0 Digital Educational Learning Initiative Malaysia - Google Chrome",true,false
2,14322,"DELIMa 3.0 Digital Educational Learning Initiative Malaysia - Google Chrome",true,false
2,14434,"DELIMa 3.0 Digital Educational Learning Initiative Malaysia - Google Chrome",true,false
2,14559,"DELIMa 3.0 Digital Educational Learning Initiative Malaysia - Google Chrome",true,false
2,14675,"Sign in - Google Accounts - Google Chrome",true,false
2,14780,"Sign in - Google Accounts - Google Chrome",true,false
2,14883,"Sign in - Google Accounts - Google Chrome",true,false
2,14997,"Sign in - Google Accounts - Google Chrome",true,false
2,15108,"Sign in - Google Accounts - Google Chrome",true,false
2,15213,"Sign in - Google Accounts - Google Chrome",true,false
2,15460,"Sign in - Google Accounts - Google Chrome",true,false
2,15566,"Sign in - Google Accounts - Google Chrome",true,false
2,15675,"Sign in - Google Accounts - Google Chrome",true,false
2,15779,"Sign in - Google Accounts - Google Chrome",true,false
2,15889,"Sign in - Google Accounts - Google Chrome",true,false
2,15995,"Sign in - Google Accounts - Google Chrome",true,false
2,16103,"Sign in - Google Accounts - Google Chrome",true,false
2,16209,"Sign in - Google Accounts - Google Chrome",true,false
2,16314,"Sign in - Google Accounts - Google Chrome",true,false
2,16419,"Sign in - Google Accounts - Google Chrome",true,false
2,16527,"Sign in - Google Accounts - Google Chrome",true,false
2,16637,"Sign in - Google Accounts - Google Chrome",true,false
2,16746,"Sign in - Google Accounts - Google Chrome",true,false
2,16851,"Sign in - Google Accounts - Google Chrome",true,false
2,16955,"Sign in - Google Accounts - Google Chrome",true,false
2,17072,"Sign in - Google Accounts - Google Chrome",true,false
2,17176,"Sign in - Google Accounts - Google Chrome",true,false
2,17279,"Sign in - Google Accounts - Google Chrome",true,false
2,17386,"Sign in - Google Accounts - Google Chrome",true,false
2,17490,"Sign in - Google Accounts - Google Chrome",true,false
2,17597,"Sign in - Google Accounts - Google Chrome",true,false
2,17701,"Sign in - Google Accounts - Google Chrome",true,false
2,17814,"Sign in - Google Accounts - Google Chrome",true,false
2,17926,"Sign in - Google Accounts - Google Chrome",true,false
2,18035,"Sign in - Google Accounts - Google Chrome",true,false
2,18147,"Sign in - Google Accounts - Google Chrome",true,false
2,18254,"Sign in - Google Accounts - Google Chrome",true,false
2,18357,"Sign in - Google Accounts - Google Chrome",true,false
2,18472,"Sign in - Google Accounts - Google Chrome",true,false
2,18577,"Sign in - Google Accounts - Google Chrome",true,false
2,18690,"Sign in - Google Accounts - Google Chrome",true,false
2,18806,"Sign in - Google Accounts - Google Chrome",true,false
2,18914,"Sign in - Google Accounts - Google Chrome",true,false
2,19027,"Sign in - Google Accounts - Google Chrome",true,false
2,19131,"",true,false
2,19239,"New Tab - Google Chrome",true,false
2,19348,"New Tab - Google Chrome",true,false
2,19454,"New Tab - Google Chrome",true,false
2,19559,"New Tab - Google Chrome",true,false
2,19667,"New Tab - Google Chrome",true,false
2,19774,"New Tab - Google Chrome",true,false
2,19885,"New Tab - Google Chrome",true,false
2,19990,"New Tab - Google Chrome",true,false
2,20097,"New Tab - Google Chrome",true,false
2,20202,"New Tab - Google Chrome",true,false
2,20311,"New Tab - Google Chrome",true,false
2,20421,"New Tab - Google Chrome",true,false
2,20525,"New Tab - Google Chrome",true,false
2,20634,"New Tab - Google Chrome",true,false
2,20744,"",true,false
2,20851,"",true,false
2,20960,"",true,false
2,21069,"",true,false
2,21176,"",true,false
2,21283,"",true,false
2,21390,"",true,false
2,21494,"",true,false
2,21604,"",true,false
2,21712,"",true,false
2,21819,"",true,false
2,21926,"",true,false
2,22033,"",true,false
2,22135,"",true,false
2,22241,"",true,false
2,22345,"",true,false
2,22452,"",true,false
2,22558,"",true,false
2,22665,"",true,false
2,22772,"",true,false
2,22881,"",true,false
2,22988,"",true,false
2,23098,"",true,false
2,23208,"",true,false
2,23313,"",true,false
2,23421,"",true,false
2,23530,"",true,false
2,23641,"",true,false
2,23752,"",true,false
2,23860,"",true,false
2,23972,"",true,false
2,24080,"",true,false
2,24187,"",true,false
2,24295,"",true,false
2,24405,"",true,false
2,24510,"",true,false
2,24619,"",true,false
2,24725,"",true,false
2,24830,"",true,false
2,24940,"",true,false
2,25047,"",true,false
2,25157,"",true,false
2,25267,"",true,false
2,25372,"",true,false
2,25480,"",true,false
2,25587,"",true,false
2,25695,"",true,false
2,25810,"",true,false
2,25917,"",true,false
2,26028,"",true,false
2,26136,"",true,false
2,26238,"",true,false
2,26352,"",true,false
2,26465,"",true,false
2,26572,"",true,false
2,26679,"",true,false
2,26782,"",true,false
2,26891,"",true,false
2,26997,"",true,false
2,27110,"",true,false
2,27217,"",true,false
2,27324,"",true,false
2,27434,"",true,false
2,27541,"",true,false
2,27650,"",true,false
2,27760,"",true,false
2,27868,"",true,false
2,27975,"",true,false
2,28083,"",true,false
2,28191,"",true,false
2,28298,"",true,false
2,28406,"",true,false
2,28514,"",true,false
2,28624,"",true,false
2,28731,"",true,false
2,28833,"",true,false
2,28941,"",true,false
2,29050,"",true,false
2,29158,"",true,false
2,29267,"",true,false
2,29377,"",true,false
2,29488,"",true,false
2,29594,"",true,false
2,29704,"",true,false
2,29810,"",true,false
2,29915,"",true,false
2,30024,"",true,false
2,30133,"",true,false
2,30243,"",true,false
2,30352,"",true,false
2,30461,"",true,false
2,30569,"",true,false
2,30675,"",true,false
2,30784,"",true,false
2,30894,"",true,false
2,31002,"",true,false
2,31109,"",true,false
2,31220,"",true,false
2,31328,"",true,false
2,31438,"",true,false
2,31548,"",true,false
2,31657,"",true,false
2,31766,"",true,false
2,31874,"",true,false
2,31983,"",true,false
2,32093,"",true,false
2,32202,"",true,false
2,32311,"",true,false
2,32419,"",true,false
2,32528,"",true,false
2,32637,"",true,false
2,32743,"",true,false
2,32846,"",true,false
2,32954,"",true,false
2,33064,"",true,false
2,33166,"",true,false
2,33275,"",true,false
2,33383,"",true,false
2,33495,"",true,false
2,33601,"",true,false
2,33710,"",true,false
2,33832,"Sign in - Google Accounts - Google Chrome",true,false
2,33937,"Sign in - Google Accounts - Google Chrome",true,false
2,34044,"Sign in - Google Accounts - Google Chrome",true,false
2,34151,"Sign in - Google Accounts - Google Chrome",true,false
2,34260,"Sign in - Google Accounts - Google Chrome",true,false
2,34370,"Sign in - Google Accounts - Google Chrome",true,false
2,34479,"Sign in - Google Accounts - Google Chrome",true,false
2,34588,"Sign in - Google Accounts - Google Chrome",true,false
2,34698,"Sign in - Google Accounts - Google Chrome",true,false
2,34806,"Sign in - Google Accounts - Google Chrome",true,false
2,34914,"Sign in - Google Accounts - Google Chrome",true,false
2,35021,"Sign in - Google Accounts - Google Chrome",true,false
2,35129,"Sign in - Google Accounts - Google Chrome",true,false
2,35232,"Sign in - Google Accounts - Google Chrome",true,false
2,35341,"Sign in - Google Accounts - Google Chrome",true,false
2,35450,"Sign in - Google Accounts - Google Chrome",true,false
2,35559,"Sign in - Google Accounts - Google Chrome",true,false
2,35666,"Sign in - Google Accounts - Google Chrome",true,false
2,35775,"Sign in - Google Accounts - Google Chrome",true,false
2,35880,"Sign in - Google Accounts - Google Chrome",true,false
2,35989,"Sign in - Google Accounts - Google Chrome",true,false
2,36094,"Sign in - Google Accounts - Google Chrome",true,false
2,36202,"Sign in - Google Accounts - Google Chrome",true,false
2,36311,"Sign in - Google Accounts - Google Chrome",true,false
2,36422,"Sign in - Google Accounts - Google Chrome",true,false
2,36529,"Sign in - Google Accounts - Google Chrome",true,false
2,36638,"Sign in - Google Accounts - Google Chrome",true,false
2,36744,"Sign in - Google Accounts - Google Chrome",true,false
2,36852,"Sign in - Google Accounts - Google Chrome",true,false
2,36957,"Sign in - Google Accounts - Google Chrome",true,false
2,37066,"Sign in - Google Accounts - Google Chrome",true,false
2,37173,"Sign in - Google Accounts - Google Chrome",true,false
2,37278,"Sign in - Google Accounts - Google Chrome",true,false
2,37389,"Sign in - Google Accounts - Google Chrome",true,false
2,37495,"Sign in - Google Accounts - Google Chrome",true,false
2,37602,"Sign in - Google Accounts - Google Chrome",true,false
2,37712,"Sign in - Google Accounts - Google Chrome",true,false
2,37821,"Sign in - Google Accounts - Google Chrome",true,false
2,37930,"Sign in - Google Accounts - Google Chrome",true,false
2,38037,"Sign in - Google Accounts - Google Chrome",true,false
2,38241,"Hi RAJA MUHAMMAD AZRIEN BIN RAJA AZAMAN SHAH - Google Chrome",true,false
2,38348,"Hi RAJA MUHAMMAD AZRIEN BIN RAJA AZAMAN SHAH - Google Chrome",true,true
2,38456,"Hi RAJA MUHAMMAD AZRIEN BIN RAJA AZAMAN SHAH - Google Chrome",true,true
2,38563,"Hi RAJA MUHAMMAD AZRIEN BIN RAJA AZAMAN SHAH - Google Chrome",true,true
2,38672,"Hi RAJA MUHAMMAD AZRIEN BIN RAJA AZAMAN SHAH - Google Chrome",true,true
2,38780,"Hi RAJA MUHAMMAD AZRIEN BIN RAJA AZAMAN SHAH - Google Chrome",true,true
2,38889,"Hi RAJA MUHAMMAD AZRIEN BIN RAJA AZAMAN SHAH - Google Chrome",true,true
2,38998,"Hi RAJA MUHAMMAD AZRIEN BIN RAJA AZAMAN SHAH - Google Chrome",true,true
2,39106,"Hi RAJA MUHAMMAD AZRIEN BIN RAJA AZAMAN SHAH - Google Chrome",true,true
2,39215,"Hi RAJA MUHAMMAD AZRIEN BIN RAJA AZAMAN SHAH - Google Chrome",true,true
2,39325,"Hi RAJA MUHAMMAD AZRIEN BIN RAJA AZAMAN SHAH - Google Chrome",true,true
2,39433,"Hi RAJA MUHAMMAD AZRIEN BIN RAJA AZAMAN SHAH - Google Chrome",true,true
2,39543,"Hi RAJA MUHAMMAD AZRIEN BIN RAJA AZAMAN SHAH - Google Chrome",true,true
2,39648,"",true,false
3,0,"",true,false
3,105,"",true,false
3,214,"",true,false
3,334,"Delima-AutoLogin - Antigravity IDE - README.md",true,false
3,444,"Delima-AutoLogin - Antigravity IDE - README.md",true,false
3,549,"Delima-AutoLogin - Antigravity IDE - README.md",true,false
3,653,"Delima-AutoLogin - Antigravity IDE - README.md",true,false
3,759,"Delima-AutoLogin - Antigravity IDE - README.md",true,false
3,865,"Delima-AutoLogin - Antigravity IDE - README.md",true,false
3,974,"Delima-AutoLogin - Antigravity IDE - README.md",true,false
3,1081,"Delima-AutoLogin - Antigravity IDE - README.md",true,false
3,1190,"Delima-AutoLogin - Antigravity IDE - README.md",true,false
3,1293,"Delima-AutoLogin - Antigravity IDE - README.md",true,false
3,1395,"Delima-AutoLogin - Antigravity IDE - README.md",true,false
3,1500,"Delima-AutoLogin - Antigravity IDE - README.md",true,false
3,1614,"Delima-AutoLogin - Antigravity IDE - README.md",true,false
3,1718,"",true,false
3,1832,"DELIMa 3.0 Digital Educational Learning Initiative Malaysia - Google Chrome",true,false
3,1969,"DELIMa 3.0 Digital Educational Learning Initiative Malaysia - Google Chrome",true,false
3,2074,"DELIMa 3.0 Digital Educational Learning Initiative Malaysia - Google Chrome",true,false
3,2186,"DELIMa 3.0 Digital Educational Learning Initiative Malaysia - Google Chrome",true,false
3,2289,"DELIMa 3.0 Digital Educational Learning Initiative Malaysia - Google Chrome",true,false
3,2410,"DELIMa 3.0 Digital Educational Learning Initiative Malaysia - Google Chrome",true,false
3,2528,"DELIMa 3.0 Digital Educational Learning Initiative Malaysia - Google Chrome",true,false
3,2633,"DELIMa 3.0 Digital Educational Learning Initiative Malaysia - Google Chrome",true,false
3,2749,"DELIMa 3.0 Digital Educational Learning Initiative Malaysia - Google Chrome",true,false
3,2858,"DELIMa 3.0 Digital Educational Learning Initiative Malaysia - Google Chrome",true,false
3,2965,"DELIMa 3.0 Digital Educational Learning Initiative Malaysia - Google Chrome",true,false
3,3080,"DELIMa 3.0 Digital Educational Learning Initiative Malaysia - Google Chrome",true,false
3,3184,"DELIMa 3.0 Digital Educational Learning Initiative Malaysia - Google Chrome",true,false
3,3295,"DELIMa 3.0 Digital Educational Learning Initiative Malaysia - Google Chrome",true,false
3,3402,"Sign in - Google Accounts - Google Chrome",true,false
3,3515,"Sign in - Google Accounts - Google Chrome",true,false
3,3617,"Sign in - Google Accounts - Google Chrome",true,false
3,3940,"Sign in - Google Accounts - Google Chrome",true,false
3,4047,"Sign in - Google Accounts - Google Chrome",true,false
3,4152,"Sign in - Google Accounts - Google Chrome",true,false
3,4262,"Sign in - Google Accounts - Google Chrome",true,false
3,4368,"Sign in - Google Accounts - Google Chrome",true,false
3,4475,"Sign in - Google Accounts - Google Chrome",true,false
3,4578,"Sign in - Google Accounts - Google Chrome",true,false
3,4689,"Sign in - Google Accounts - Google Chrome",true,false
3,4802,"Sign in - Google Accounts - Google Chrome",true,false
3,4904,"Sign in - Google Accounts - Google Chrome",true,false
3,5013,"Sign in - Google Accounts - Google Chrome",true,false
3,5120,"Sign in - Google Accounts - Google Chrome",true,false
3,5234,"Sign in - Google Accounts - Google Chrome",true,false
3,5349,"Sign in - Google Accounts - Google Chrome",true,false
3,5455,"Sign in - Google Accounts - Google Chrome",true,false
3,5558,"Sign in - Google Accounts - Google Chrome",true,false
3,5663,"Sign in - Google Accounts - Google Chrome",true,false
3,5777,"Sign in - Google Accounts - Google Chrome",true,false
3,5880,"Sign in - Google Accounts - Google Chrome",true,false
3,5984,"Sign in - Google Accounts - Google Chrome",true,false
3,6099,"Sign in - Google Accounts - Google Chrome",true,false
3,6214,"Sign in - Google Accounts - Google Chrome",true,false
3,6329,"Sign in - Google Accounts - Google Chrome",true,false
3,6434,"Sign in - Google Accounts - Google Chrome",true,false
3,6539,"Sign in - Google Accounts - Google Chrome",true,false
3,6641,"Sign in - Google Accounts - Google Chrome",true,false
3,6749,"Sign in - Google Accounts - Google Chrome",true,false
3,6862,"Sign in - Google Accounts - Google Chrome",true,false
3,6970,"Sign in - Google Accounts - Google Chrome",true,false
3,7073,"Sign in - Google Accounts - Google Chrome",true,false
3,7186,"Sign in - Google Accounts - Google Chrome",true,false
3,7300,"Sign in - Google Accounts - Google Chrome",true,false
3,7402,"Sign in - Google Accounts - Google Chrome",true,false
3,7506,"Sign in - Google Accounts - Google Chrome",true,false
3,7615,"Sign in - Google Accounts - Google Chrome",true,false
3,7728,"Sign in - Google Accounts - Google Chrome",true,false
3,7841,"Sign in - Google Accounts - Google Chrome",true,false
3,7950,"Sign in - Google Accounts - Google Chrome",true,false
3,8063,"Sign in - Google Accounts - Google Chrome",true,false
3,8169,"Hi RAJA MUHAMMAD AZRIEN BIN RAJA AZAMAN SHAH - Google Chrome",true,false
3,8282,"Hi RAJA MUHAMMAD AZRIEN BIN RAJA AZAMAN SHAH - Google Chrome",true,false
3,8462,"Hi RAJA MUHAMMAD AZRIEN BIN RAJA AZAMAN SHAH - Google Chrome",true,true
3,8569,"Hi RAJA MUHAMMAD AZRIEN BIN RAJA AZAMAN SHAH - Google Chrome",true,true
3,8675,"Hi RAJA MUHAMMAD AZRIEN BIN RAJA AZAMAN SHAH - Google Chrome",true,true
3,8782,"Hi RAJA MUHAMMAD AZRIEN BIN RAJA AZAMAN SHAH - Google Chrome",true,true
3,8890,"Hi RAJA MUHAMMAD AZRIEN BIN RAJA AZAMAN SHAH - Google Chrome",true,true
3,8995,"Hi RAJA MUHAMMAD AZRIEN BIN RAJA AZAMAN SHAH - Google Chrome",true,true
3,9101,"Hi RAJA MUHAMMAD AZRIEN BIN RAJA AZAMAN SHAH - Google Chrome",true,true
3,9208,"Hi RAJA MUHAMMAD AZRIEN BIN RAJA AZAMAN SHAH - Google Chrome",false,
4,0,"",true,false
4,116,"",true,false
4,220,"",true,false
4,337,"",true,false
4,441,"",true,false
4,544,"",true,false
4,656,"",true,false
4,761,"",true,false
4,866,"",true,false
4,973,"",true,false
4,1078,"",true,false
4,1196,"",true,false
4,1304,"",true,false
4,1411,"",true,false
4,1516,"",true,false
4,1620,"",true,false
4,1726,"",true,false
4,1830,"",true,false
4,1939,"",true,false
4,2055,"",true,false
4,2165,"",true,false
4,2273,"DELIMa 3.0 Digital Educational Learning Initiative Malaysia - Google Chrome",true,false
4,2386,"DELIMa 3.0 Digital Educational Learning Initiative Malaysia - Google Chrome",true,false
4,2491,"DELIMa 3.0 Digital Educational Learning Initiative Malaysia - Google Chrome",true,false
4,2609,"Sign in - Google Accounts - Google Chrome",true,false
4,2714,"Sign in - Google Accounts - Google Chrome",true,false
4,2831,"Sign in - Google Accounts - Google Chrome",true,false
4,3103,"Sign in - Google Accounts - Google Chrome",true,false
4,3220,"Sign in - Google Accounts - Google Chrome",true,false
4,3323,"Sign in - Google Accounts - Google Chrome",true,false
4,3437,"Sign in - Google Accounts - Google Chrome",true,false
4,3546,"Sign in - Google Accounts - Google Chrome",true,false
4,3649,"Sign in - Google Accounts - Google Chrome",true,false
4,3752,"Sign in - Google Accounts - Google Chrome",true,false
4,3861,"Sign in - Google Accounts - Google Chrome",true,false
4,3962,"Sign in - Google Accounts - Google Chrome",true,false
4,4071,"Sign in - Google Accounts - Google Chrome",true,false
4,4173,"Sign in - Google Accounts - Google Chrome",true,false
4,4276,"Sign in - Google Accounts - Google Chrome",true,false
4,4390,"Sign in - Google Accounts - Google Chrome",true,false
4,4500,"Sign in - Google Accounts - Google Chrome",true,false
4,4602,"Sign in - Google Accounts - Google Chrome",true,false
4,4715,"Sign in - Google Accounts - Google Chrome",true,false
4,4819,"Sign in - Google Accounts - Google Chrome",true,false
4,4928,"Sign in - Google Accounts - Google Chrome",true,false
4,5031,"Sign in - Google Accounts - Google Chrome",true,false
4,5147,"Sign in - Google Accounts - Google Chrome",true,false
4,5260,"Sign in - Google Accounts - Google Chrome",true,false
4,5365,"Sign in - Google Accounts - Google Chrome",true,false
4,5466,"Sign in - Google Accounts - Google Chrome",true,false
4,5574,"Sign in - Google Accounts - Google Chrome",true,false
4,5677,"Sign in - Google Accounts - Google Chrome",true,false
4,5785,"Sign in - Google Accounts - Google Chrome",true,false
4,5894,"Sign in - Google Accounts - Google Chrome",true,false
4,6000,"Sign in - Google Accounts - Google Chrome",true,false
4,6111,"Hi RAJA MUHAMMAD AZRIEN BIN RAJA AZAMAN SHAH - Google Chrome",true,false
4,6216,"Hi RAJA MUHAMMAD AZRIEN BIN RAJA AZAMAN SHAH - Google Chrome",true,false
4,6321,"Hi RAJA MUHAMMAD AZRIEN BIN RAJA AZAMAN SHAH - Google Chrome",true,false
4,6435,"Hi RAJA MUHAMMAD AZRIEN BIN RAJA AZAMAN SHAH - Google Chrome",true,true
4,6544,"Hi RAJA MUHAMMAD AZRIEN BIN RAJA AZAMAN SHAH - Google Chrome",true,true
4,6655,"Hi RAJA MUHAMMAD AZRIEN BIN RAJA AZAMAN SHAH - Google Chrome",true,true
4,6773,"Hi RAJA MUHAMMAD AZRIEN BIN RAJA AZAMAN SHAH - Google Chrome",true,true
4,6876,"Hi RAJA MUHAMMAD AZRIEN BIN RAJA AZAMAN SHAH - Google Chrome",true,true
4,6983,"Hi RAJA MUHAMMAD AZRIEN BIN RAJA AZAMAN SHAH - Google Chrome",true,true
4,7092,"Hi RAJA MUHAMMAD AZRIEN BIN RAJA AZAMAN SHAH - Google Chrome",true,true
4,7200,"Hi RAJA MUHAMMAD AZRIEN BIN RAJA AZAMAN SHAH - Google Chrome",true,true
4,7305,"Hi RAJA MUHAMMAD AZRIEN BIN RAJA AZAMAN SHAH - Google Chrome",false,
5,0,"",true,false
5,112,"",true,false
5,228,"",true,false
5,331,"",true,false
5,443,"",true,false
5,551,"",true,false
5,654,"",true,false
5,764,"",true,false
5,879,"",true,false
5,995,"",true,false
5,1111,"",true,false
5,1217,"",true,false
5,1319,"",true,false
5,1424,"",true,false
5,1537,"",true,false
5,1642,"DELIMa 3.0 Digital Educational Learning Initiative Malaysia - Google Chrome",true,false
5,1747,"DELIMa 3.0 Digital Educational Learning Initiative Malaysia - Google Chrome",true,false
5,1858,"DELIMa 3.0 Digital Educational Learning Initiative Malaysia - Google Chrome",true,false
5,1964,"accounts.google.com/v3/signin/identifier?opparams=%253F&dsh=S-1439446485%3A1787293532105514&client_id=950472034074-acj262jqk6trve8i4ndsudqeokvh5pef.apps.googleusercontent.com&o2v=2&redirect_uri=https%3A%2F%2Fd3.delima.edu.my%2Fauthentication%2Fcode&response_type=code&scope=openid+email+profile&service=lso&state=81272dca308848c7d47efe939732d802&flowName=GeneralOAuthFlow&continue=https%3A%2F%2Faccounts.google.com%2Fsignin%2Foauth%2Fv3%2Fconsent%3Fauthuser%3Dunknown%26part%3DAJi8hANW4KmzWCSk2E5fa1s_REe0R1PbIfCCqzjICV8Xxsu-jIyd7rJfR3KMk79Vv46y6YlIHPS3peYHERGLahLkXtvnptxsHCdzmZ4DwipC0r9Rbj2RRJtGk2v7-mdSvaQ6ls0KK3EediMtfuBK8uTCxOAPFdMxD_mrRVnv_ypfbc1mjqzE9dBh5_TjPJpVceETNEOnBDyPhptoInQcArwD2EKnzEbAX4bXWJx-EXpW_cSD0V08ZRM3RKE6P8-ekGwCoovXHByG1GQ6e789ffYr5DEs1iGbU_UziCDbWihWJkD5JbZ57HAneDKAIuAyagBV4WbuJ1SXE2KIlECu9TDB3ws2OBnTkt3hDemF6CoHhuk3qUv9RdYLErebXbVdZNZbjUTPCp6QT_O0B_2Bmj0tfjP0pWNrbt8VhhBXI2Qu53d4E1oZX9Rx1ZHNU0Ytl7wCc5ePL4h8Aduah0UQ-sV_70NQI7QeGQ%26flowName%3DGeneralOAuthFlow%26as%3DS-1439446485%253A178729353",true,false
5,2077,"accounts.google.com/v3/signin/identifier?opparams=%253F&dsh=S-1439446485%3A1787293532105514&client_id=950472034074-acj262jqk6trve8i4ndsudqeokvh5pef.apps.googleusercontent.com&o2v=2&redirect_uri=https%3A%2F%2Fd3.delima.edu.my%2Fauthentication%2Fcode&response_type=code&scope=openid+email+profile&service=lso&state=81272dca308848c7d47efe939732d802&flowName=GeneralOAuthFlow&continue=https%3A%2F%2Faccounts.google.com%2Fsignin%2Foauth%2Fv3%2Fconsent%3Fauthuser%3Dunknown%26part%3DAJi8hANW4KmzWCSk2E5fa1s_REe0R1PbIfCCqzjICV8Xxsu-jIyd7rJfR3KMk79Vv46y6YlIHPS3peYHERGLahLkXtvnptxsHCdzmZ4DwipC0r9Rbj2RRJtGk2v7-mdSvaQ6ls0KK3EediMtfuBK8uTCxOAPFdMxD_mrRVnv_ypfbc1mjqzE9dBh5_TjPJpVceETNEOnBDyPhptoInQcArwD2EKnzEbAX4bXWJx-EXpW_cSD0V08ZRM3RKE6P8-ekGwCoovXHByG1GQ6e789ffYr5DEs1iGbU_UziCDbWihWJkD5JbZ57HAneDKAIuAyagBV4WbuJ1SXE2KIlECu9TDB3ws2OBnTkt3hDemF6CoHhuk3qUv9RdYLErebXbVdZNZbjUTPCp6QT_O0B_2Bmj0tfjP0pWNrbt8VhhBXI2Qu53d4E1oZX9Rx1ZHNU0Ytl7wCc5ePL4h8Aduah0UQ-sV_70NQI7QeGQ%26flowName%3DGeneralOAuthFlow%26as%3DS-1439446485%253A178729353",true,false
5,2191,"Sign in - Google Accounts - Google Chrome",true,false
5,2307,"Sign in - Google Accounts - Google Chrome",true,false
5,2696,"Sign in - Google Accounts - Google Chrome",true,false
5,2809,"Sign in - Google Accounts - Google Chrome",true,false
5,2912,"Sign in - Google Accounts - Google Chrome",true,false
5,3015,"Sign in - Google Accounts - Google Chrome",true,false
5,3129,"Sign in - Google Accounts - Google Chrome",true,false
5,3244,"Sign in - Google Accounts - Google Chrome",true,false
5,3357,"Sign in - Google Accounts - Google Chrome",true,false
5,3461,"Sign in - Google Accounts - Google Chrome",true,false
5,3574,"Sign in - Google Accounts - Google Chrome",true,false
5,3686,"Sign in - Google Accounts - Google Chrome",true,false
5,3799,"Sign in - Google Accounts - Google Chrome",true,false
5,3905,"Sign in - Google Accounts - Google Chrome",true,false
5,4007,"Sign in - Google Accounts - Google Chrome",true,false
5,4110,"Sign in - Google Accounts - Google Chrome",true,false
5,4227,"Sign in - Google Accounts - Google Chrome",true,false
5,4331,"Sign in - Google Accounts - Google Chrome",true,false
5,4441,"Sign in - Google Accounts - Google Chrome",true,false
5,4544,"Sign in - Google Accounts - Google Chrome",true,false
5,4653,"Sign in - Google Accounts - Google Chrome",true,false
5,4757,"Sign in - Google Accounts - Google Chrome",true,false
5,4869,"Sign in - Google Accounts - Google Chrome",true,false
5,4973,"Sign in - Google Accounts - Google Chrome",true,false
5,5082,"Hi RAJA MUHAMMAD AZRIEN BIN RAJA AZAMAN SHAH - Google Chrome",true,false
5,5194,"Hi RAJA MUHAMMAD AZRIEN BIN RAJA AZAMAN SHAH - Google Chrome",true,false
5,5304,"Hi RAJA MUHAMMAD AZRIEN BIN RAJA AZAMAN SHAH - Google Chrome",true,false
5,5415,"Hi RAJA MUHAMMAD AZRIEN BIN RAJA AZAMAN SHAH - Google Chrome",true,true
5,5528,"Hi RAJA MUHAMMAD AZRIEN BIN RAJA AZAMAN SHAH - Google Chrome",true,true
5,5634,"Hi RAJA MUHAMMAD AZRIEN BIN RAJA AZAMAN SHAH - Google Chrome",true,true
5,5744,"Hi RAJA MUHAMMAD AZRIEN BIN RAJA AZAMAN SHAH - Google Chrome",true,true
5,5853,"Hi RAJA MUHAMMAD AZRIEN BIN RAJA AZAMAN SHAH - Google Chrome",true,true
5,5961,"Hi RAJA MUHAMMAD AZRIEN BIN RAJA AZAMAN SHAH - Google Chrome",true,true
5,6067,"Hi RAJA MUHAMMAD AZRIEN BIN RAJA AZAMAN SHAH - Google Chrome",true,true
5,6182,"Hi RAJA MUHAMMAD AZRIEN BIN RAJA AZAMAN SHAH - Google Chrome",true,true
5,6287,"Hi RAJA MUHAMMAD AZRIEN BIN RAJA AZAMAN SHAH - Google Chrome",true,true
5,6395,"Hi RAJA MUHAMMAD AZRIEN BIN RAJA AZAMAN SHAH - Google Chrome",true,true
5,6501,"Hi RAJA MUHAMMAD AZRIEN BIN RAJA AZAMAN SHAH - Google Chrome",true,true
5,6610,"Hi RAJA MUHAMMAD AZRIEN BIN RAJA AZAMAN SHAH - Google Chrome",true,true
5,6718,"Hi RAJA MUHAMMAD AZRIEN BIN RAJA AZAMAN SHAH - Google Chrome",true,true
5,6820,"Hi RAJA MUHAMMAD AZRIEN BIN RAJA AZAMAN SHAH - Google Chrome",true,true
5,6925,"Hi RAJA MUHAMMAD AZRIEN BIN RAJA AZAMAN SHAH - Google Chrome",true,true
5,7039,"Hi RAJA MUHAMMAD AZRIEN BIN RAJA AZAMAN SHAH - Google Chrome",true,true
5,7150,"Hi RAJA MUHAMMAD AZRIEN BIN RAJA AZAMAN SHAH - Google Chrome",true,true
5,7254,"",true,false
6,0,"",true,false
6,112,"",true,false
6,218,"",true,false
6,327,"",true,false
6,431,"",true,false
6,536,"",true,false
6,653,"",true,false
6,755,"",true,false
6,861,"",true,false
6,968,"",true,false
6,1081,"",true,false
6,1196,"",true,false
6,1298,"",true,false
6,1413,"",true,false
6,1526,"",true,false
6,1637,"",true,false
6,1751,"DELIMa 3.0 Digital Educational Learning Initiative Malaysia - Google Chrome",true,false
6,1859,"DELIMa 3.0 Digital Educational Learning Initiative Malaysia - Google Chrome",true,false
6,1971,"DELIMa 3.0 Digital Educational Learning Initiative Malaysia - Google Chrome",true,false
6,2079,"accounts.google.com/v3/signin/identifier?opparams=%253F&dsh=S926558888%3A1787293540314965&client_id=950472034074-acj262jqk6trve8i4ndsudqeokvh5pef.apps.googleusercontent.com&o2v=2&redirect_uri=https%3A%2F%2Fd3.delima.edu.my%2Fauthentication%2Fcode&response_type=code&scope=openid+email+profile&service=lso&state=0d89b4fe1c2fc3352154642e36f468b5&flowName=GeneralOAuthFlow&continue=https%3A%2F%2Faccounts.google.com%2Fsignin%2Foauth%2Fconsent%3Fauthuser%3Dunknown%26part%3DAJi8hAPfpziT6WKjtHmCrgeIGrUD5mcbNWNS4jMlhhHdIlUXhIVZA6v3kiS63L0eolClnn6WH5Gy63n7En7LEVlvP4K0K2FyAJbVYCIABBlnK6lFHIF_E9lrGzMFVgc8oHKOOGoNh_ZnYsNrOBLD641ErGXnRtEfCK-TgVFTwVxSQiH0fr3BypfCT0Q9HwlYMoRuAEPmDV7rlqP0TX8yspeph8xEjuJ7fOBaDvyDQJ20e0DozxsmtPKGubZo18EVYhp7vWFfggZzVM1OXeTKYnlPeOVAcZ2xRtFRW1urC7dZ9wRKXzqdQr3cKvi3AikarLQgXKXoQr5BZJaMZdrznKXUYwC90s0WIbswzZ93vV5CJa9VfjZVKhQC5MNOM0cUg6zgQkc-1iZj53U30ARlrup0nTqSD6o5uhaCJMhjp6fYPzRQDVaSuFOYI34Eda3lvNWpUSH-I4JGdb1JVDQJ1GIAKAicMydH2A%26flowName%3DGeneralOAuthFlow%26as%3DS926558888%253A1787293540314965%2",true,false
6,2200,"accounts.google.com/v3/signin/identifier?opparams=%253F&dsh=S926558888%3A1787293540314965&client_id=950472034074-acj262jqk6trve8i4ndsudqeokvh5pef.apps.googleusercontent.com&o2v=2&redirect_uri=https%3A%2F%2Fd3.delima.edu.my%2Fauthentication%2Fcode&response_type=code&scope=openid+email+profile&service=lso&state=0d89b4fe1c2fc3352154642e36f468b5&flowName=GeneralOAuthFlow&continue=https%3A%2F%2Faccounts.google.com%2Fsignin%2Foauth%2Fconsent%3Fauthuser%3Dunknown%26part%3DAJi8hAPfpziT6WKjtHmCrgeIGrUD5mcbNWNS4jMlhhHdIlUXhIVZA6v3kiS63L0eolClnn6WH5Gy63n7En7LEVlvP4K0K2FyAJbVYCIABBlnK6lFHIF_E9lrGzMFVgc8oHKOOGoNh_ZnYsNrOBLD641ErGXnRtEfCK-TgVFTwVxSQiH0fr3BypfCT0Q9HwlYMoRuAEPmDV7rlqP0TX8yspeph8xEjuJ7fOBaDvyDQJ20e0DozxsmtPKGubZo18EVYhp7vWFfggZzVM1OXeTKYnlPeOVAcZ2xRtFRW1urC7dZ9wRKXzqdQr3cKvi3AikarLQgXKXoQr5BZJaMZdrznKXUYwC90s0WIbswzZ93vV5CJa9VfjZVKhQC5MNOM0cUg6zgQkc-1iZj53U30ARlrup0nTqSD6o5uhaCJMhjp6fYPzRQDVaSuFOYI34Eda3lvNWpUSH-I4JGdb1JVDQJ1GIAKAicMydH2A%26flowName%3DGeneralOAuthFlow%26as%3DS926558888%253A1787293540314965%2",true,false
6,2302,"Sign in - Google Accounts - Google Chrome",true,false
6,2421,"Sign in - Google Accounts - Google Chrome",true,false
6,2751,"Sign in - Google Accounts - Google Chrome",true,false
6,2867,"Sign in - Google Accounts - Google Chrome",true,false
6,2982,"Sign in - Google Accounts - Google Chrome",true,false
6,3087,"Sign in - Google Accounts - Google Chrome",true,false
6,3197,"Sign in - Google Accounts - Google Chrome",true,false
6,3300,"Sign in - Google Accounts - Google Chrome",true,false
6,3409,"Sign in - Google Accounts - Google Chrome",true,false
6,3512,"Sign in - Google Accounts - Google Chrome",true,false
6,3625,"Sign in - Google Accounts - Google Chrome",true,false
6,3731,"Sign in - Google Accounts - Google Chrome",true,false
6,3834,"Sign in - Google Accounts - Google Chrome",true,false
6,3941,"Sign in - Google Accounts - Google Chrome",true,false
6,4057,"Sign in - Google Accounts - Google Chrome",true,false
6,4167,"Sign in - Google Accounts - Google Chrome",true,false
6,4280,"Sign in - Google Accounts - Google Chrome",true,false
6,4391,"Sign in - Google Accounts - Google Chrome",true,false
6,4500,"Sign in - Google Accounts - Google Chrome",true,false
6,4612,"Sign in - Google Accounts - Google Chrome",true,false
6,4725,"Sign in - Google Accounts - Google Chrome",true,false
6,4836,"Sign in - Google Accounts - Google Chrome",true,false
6,4942,"Sign in - Google Accounts - Google Chrome",true,false
6,5051,"Sign in - Google Accounts - Google Chrome",true,false
6,5159,"Sign in - Google Accounts - Google Chrome",true,false
6,5266,"Sign in - Google Accounts - Google Chrome",true,false
6,5377,"Sign in - Google Accounts - Google Chrome",true,false
6,5492,"Sign in - Google Accounts - Google Chrome",true,false
6,5596,"Sign in - Google Accounts - Google Chrome",true,false
6,5700,"Sign in - Google Accounts - Google Chrome",true,false
6,5805,"Sign in - Google Accounts - Google Chrome",true,false
6,5919,"Sign in - Google Accounts - Google Chrome",true,false
6,6031,"Hi RAJA MUHAMMAD AZRIEN BIN RAJA AZAMAN SHAH - Google Chrome",true,false
6,6141,"Hi RAJA MUHAMMAD AZRIEN BIN RAJA AZAMAN SHAH - Google Chrome",true,false
6,6251,"Hi RAJA MUHAMMAD AZRIEN BIN RAJA AZAMAN SHAH - Google Chrome",true,true
6,6361,"Hi RAJA MUHAMMAD AZRIEN BIN RAJA AZAMAN SHAH - Google Chrome",true,true
6,6468,"Hi RAJA MUHAMMAD AZRIEN BIN RAJA AZAMAN SHAH - Google Chrome",true,true
6,6576,"Hi RAJA MUHAMMAD AZRIEN BIN RAJA AZAMAN SHAH - Google Chrome",true,true
6,6680,"Hi RAJA MUHAMMAD AZRIEN BIN RAJA AZAMAN SHAH - Google Chrome",true,true
6,6788,"Hi RAJA MUHAMMAD AZRIEN BIN RAJA AZAMAN SHAH - Google Chrome",true,true
6,6899,"Hi RAJA MUHAMMAD AZRIEN BIN RAJA AZAMAN SHAH - Google Chrome",true,true
6,7005,"Hi RAJA MUHAMMAD AZRIEN BIN RAJA AZAMAN SHAH - Google Chrome",true,true
6,7114,"Hi RAJA MUHAMMAD AZRIEN BIN RAJA AZAMAN SHAH - Google Chrome",true,true
6,7226,"Hi RAJA MUHAMMAD AZRIEN BIN RAJA AZAMAN SHAH - Google Chrome",true,true
6,7330,"Hi RAJA MUHAMMAD AZRIEN BIN RAJA AZAMAN SHAH - Google Chrome",true,true
6,7434,"Hi RAJA MUHAMMAD AZRIEN BIN RAJA AZAMAN SHAH - Google Chrome",true,true
6,7542,"Hi RAJA MUHAMMAD AZRIEN BIN RAJA AZAMAN SHAH - Google Chrome",true,true
6,7646,"Hi RAJA MUHAMMAD AZRIEN BIN RAJA AZAMAN SHAH - Google Chrome",true,true
6,7750,"Hi RAJA MUHAMMAD AZRIEN BIN RAJA AZAMAN SHAH - Google Chrome",true,true
6,7860,"Hi RAJA MUHAMMAD AZRIEN BIN RAJA AZAMAN SHAH - Google Chrome",true,true
6,7966,"Hi RAJA MUHAMMAD AZRIEN BIN RAJA AZAMAN SHAH - Google Chrome",true,true
6,8070,"Hi RAJA MUHAMMAD AZRIEN BIN RAJA AZAMAN SHAH - Google Chrome",true,true
6,8176,"Hi RAJA MUHAMMAD AZRIEN BIN RAJA AZAMAN SHAH - Google Chrome",true,true
6,8281,"Hi RAJA MUHAMMAD AZRIEN BIN RAJA AZAMAN SHAH - Google Chrome",true,true
6,8392,"Hi RAJA MUHAMMAD AZRIEN BIN RAJA AZAMAN SHAH - Google Chrome",true,true
6,8496,"Hi RAJA MUHAMMAD AZRIEN BIN RAJA AZAMAN SHAH - Google Chrome",true,true
6,8601,"Hi RAJA MUHAMMAD AZRIEN BIN RAJA AZAMAN SHAH - Google Chrome",true,true
6,8707,"Hi RAJA MUHAMMAD AZRIEN BIN RAJA AZAMAN SHAH - Google Chrome",true,true
6,8821,"Hi RAJA MUHAMMAD AZRIEN BIN RAJA AZAMAN SHAH - Google Chrome",true,true
6,8925,"Hi RAJA MUHAMMAD AZRIEN BIN RAJA AZAMAN SHAH - Google Chrome",true,true
6,9036,"Hi RAJA MUHAMMAD AZRIEN BIN RAJA AZAMAN SHAH - Google Chrome",true,true
6,9139,"Hi RAJA MUHAMMAD AZRIEN BIN RAJA AZAMAN SHAH - Google Chrome",true,true
6,9242,"Hi RAJA MUHAMMAD AZRIEN BIN RAJA AZAMAN SHAH - Google Chrome",true,true
6,9356,"Hi RAJA MUHAMMAD AZRIEN BIN RAJA AZAMAN SHAH - Google Chrome",true,true
6,9458,"Hi RAJA MUHAMMAD AZRIEN BIN RAJA AZAMAN SHAH - Google Chrome",true,true
6,9566,"Hi RAJA MUHAMMAD AZRIEN BIN RAJA AZAMAN SHAH - Google Chrome",true,true
6,9671,"Hi RAJA MUHAMMAD AZRIEN BIN RAJA AZAMAN SHAH - Google Chrome",true,true
6,9782,"Hi RAJA MUHAMMAD AZRIEN BIN RAJA AZAMAN SHAH - Google Chrome",true,true
6,9896,"Hi RAJA MUHAMMAD AZRIEN BIN RAJA AZAMAN SHAH - Google Chrome",true,true
6,10012,"Hi RAJA MUHAMMAD AZRIEN BIN RAJA AZAMAN SHAH - Google Chrome",true,true
6,10124,"Hi RAJA MUHAMMAD AZRIEN BIN RAJA AZAMAN SHAH - Google Chrome",true,true
6,10230,"Hi RAJA MUHAMMAD AZRIEN BIN RAJA AZAMAN SHAH - Google Chrome",true,true
6,10345,"Hi RAJA MUHAMMAD AZRIEN BIN RAJA AZAMAN SHAH - Google Chrome",true,true
6,10459,"Hi RAJA MUHAMMAD AZRIEN BIN RAJA AZAMAN SHAH - Google Chrome",true,true
6,10573,"Hi RAJA MUHAMMAD AZRIEN BIN RAJA AZAMAN SHAH - Google Chrome",true,true
6,10676,"Hi RAJA MUHAMMAD AZRIEN BIN RAJA AZAMAN SHAH - Google Chrome",true,true
6,10779,"Hi RAJA MUHAMMAD AZRIEN BIN RAJA AZAMAN SHAH - Google Chrome",true,true
6,10881,"Hi RAJA MUHAMMAD AZRIEN BIN RAJA AZAMAN SHAH - Google Chrome",true,true
6,10990,"Hi RAJA MUHAMMAD AZRIEN BIN RAJA AZAMAN SHAH - Google Chrome",true,true
6,11102,"Hi RAJA MUHAMMAD AZRIEN BIN RAJA AZAMAN SHAH - Google Chrome",true,true
6,11206,"Hi RAJA MUHAMMAD AZRIEN BIN RAJA AZAMAN SHAH - Google Chrome",true,true
6,11311,"Hi RAJA MUHAMMAD AZRIEN BIN RAJA AZAMAN SHAH - Google Chrome",false,
7,0,"",true,false
7,108,"",true,false
7,222,"",true,false
7,328,"",true,false
7,441,"",true,false
7,545,"",true,false
7,655,"",true,false
7,768,"",true,false
7,883,"",true,false
7,997,"",true,false
7,1109,"",true,false
7,1225,"",true,false
7,1335,"",true,false
7,1445,"",true,false
7,1556,"",true,false
7,1669,"",true,false
7,1781,"DELIMa 3.0 Digital Educational Learning Initiative Malaysia - Google Chrome",true,false
7,1894,"DELIMa 3.0 Digital Educational Learning Initiative Malaysia - Google Chrome",true,false
7,2006,"DELIMa 3.0 Digital Educational Learning Initiative Malaysia - Google Chrome",true,false
7,2117,"accounts.google.com/v3/signin/identifier?opparams=%253F&dsh=S1947005220%3A1787293552595397&client_id=950472034074-acj262jqk6trve8i4ndsudqeokvh5pef.apps.googleusercontent.com&o2v=2&redirect_uri=https%3A%2F%2Fd3.delima.edu.my%2Fauthentication%2Fcode&response_type=code&scope=openid+email+profile&service=lso&state=7349c495cfda21b9300905f19dadf94e&flowName=GeneralOAuthFlow&continue=https%3A%2F%2Faccounts.google.com%2Fsignin%2Foauth%2Fv3%2Fconsent%3Fauthuser%3Dunknown%26part%3DAJi8hAP5Mv4D9um5CKCAWC2szvJbM3g3Cv3GN5AoxdfvLDX56WTLNDkwJ2fTsOI3kErCPb8xXMLTyMZHpXXHRF3KEbyyUjuIG2xVcwzmR0n7YohKJbnkNZoSb0ecmXqiY88u-hRyoQ3LWC5eBxwxk9xczFA3RqbvT1fHQMTBoM_hsOAgUMx2Q6geqyAf9FHSAdOpF-bJ1wy-R7FSZWXvEjXn8ke11liFG8z1XErXHb3pMghMoh7B-XSCMSI1m4dnP7QYoN1YKNtduL55BjHQaf0lko-EWK_Q_n1HoySwhMBU-gG_58O5ZK6MT6JEVSSYWoq2vxM9J_xM1uEkxY_qSolESd-x6P34jqyDF0QQ0CAOEF2FmVMgaUffcuyJ53B7hmagTWbjWQ2tWRCvV680FqbPHji3h3eSnbUT8svZrgxrzAKgohjgxi_4-XfgTLDgJKbpCMly6aKEnVanRZX4LFyt55WF-k_alQ%26flowName%3DGeneralOAuthFlow%26as%3DS1947005220%253A17872935525",true,false
7,2233,"accounts.google.com/v3/signin/identifier?opparams=%253F&dsh=S1947005220%3A1787293552595397&client_id=950472034074-acj262jqk6trve8i4ndsudqeokvh5pef.apps.googleusercontent.com&o2v=2&redirect_uri=https%3A%2F%2Fd3.delima.edu.my%2Fauthentication%2Fcode&response_type=code&scope=openid+email+profile&service=lso&state=7349c495cfda21b9300905f19dadf94e&flowName=GeneralOAuthFlow&continue=https%3A%2F%2Faccounts.google.com%2Fsignin%2Foauth%2Fv3%2Fconsent%3Fauthuser%3Dunknown%26part%3DAJi8hAP5Mv4D9um5CKCAWC2szvJbM3g3Cv3GN5AoxdfvLDX56WTLNDkwJ2fTsOI3kErCPb8xXMLTyMZHpXXHRF3KEbyyUjuIG2xVcwzmR0n7YohKJbnkNZoSb0ecmXqiY88u-hRyoQ3LWC5eBxwxk9xczFA3RqbvT1fHQMTBoM_hsOAgUMx2Q6geqyAf9FHSAdOpF-bJ1wy-R7FSZWXvEjXn8ke11liFG8z1XErXHb3pMghMoh7B-XSCMSI1m4dnP7QYoN1YKNtduL55BjHQaf0lko-EWK_Q_n1HoySwhMBU-gG_58O5ZK6MT6JEVSSYWoq2vxM9J_xM1uEkxY_qSolESd-x6P34jqyDF0QQ0CAOEF2FmVMgaUffcuyJ53B7hmagTWbjWQ2tWRCvV680FqbPHji3h3eSnbUT8svZrgxrzAKgohjgxi_4-XfgTLDgJKbpCMly6aKEnVanRZX4LFyt55WF-k_alQ%26flowName%3DGeneralOAuthFlow%26as%3DS1947005220%253A17872935525",true,false
7,2337,"Sign in - Google Accounts - Google Chrome",true,false
7,2692,"Sign in - Google Accounts - Google Chrome",true,false
7,2801,"Sign in - Google Accounts - Google Chrome",true,false
7,2903,"Sign in - Google Accounts - Google Chrome",true,false
7,3015,"Sign in - Google Accounts - Google Chrome",true,false
7,3122,"Sign in - Google Accounts - Google Chrome",true,false
7,3227,"Sign in - Google Accounts - Google Chrome",true,false
7,3341,"Sign in - Google Accounts - Google Chrome",true,false
7,3454,"Sign in - Google Accounts - Google Chrome",true,false
7,3564,"Sign in - Google Accounts - Google Chrome",true,false
7,3670,"Sign in - Google Accounts - Google Chrome",true,false
7,3772,"Sign in - Google Accounts - Google Chrome",true,false
7,3880,"Sign in - Google Accounts - Google Chrome",true,false
7,3992,"Sign in - Google Accounts - Google Chrome",true,false
7,4098,"Sign in - Google Accounts - Google Chrome",true,false
7,4206,"Sign in - Google Accounts - Google Chrome",true,false
7,4319,"Sign in - Google Accounts - Google Chrome",true,false
7,4426,"Sign in - Google Accounts - Google Chrome",true,false
7,4540,"Sign in - Google Accounts - Google Chrome",true,false
7,4655,"Sign in - Google Accounts - Google Chrome",true,false
7,4769,"Sign in - Google Accounts - Google Chrome",true,false
7,4882,"Sign in - Google Accounts - Google Chrome",true,false
7,4986,"Sign in - Google Accounts - Google Chrome",true,false
7,5094,"Sign in - Google Accounts - Google Chrome",true,false
7,5197,"Sign in - Google Accounts - Google Chrome",true,false
7,5301,"Sign in - Google Accounts - Google Chrome",true,false
7,5403,"Hi RAJA MUHAMMAD AZRIEN BIN RAJA AZAMAN SHAH - Google Chrome",true,false
7,5510,"Hi RAJA MUHAMMAD AZRIEN BIN RAJA AZAMAN SHAH - Google Chrome",true,false
7,5625,"Hi RAJA MUHAMMAD AZRIEN BIN RAJA AZAMAN SHAH - Google Chrome",true,false
7,5730,"Hi RAJA MUHAMMAD AZRIEN BIN RAJA AZAMAN SHAH - Google Chrome",true,true
7,5837,"Hi RAJA MUHAMMAD AZRIEN BIN RAJA AZAMAN SHAH - Google Chrome",true,true
7,5939,"Hi RAJA MUHAMMAD AZRIEN BIN RAJA AZAMAN SHAH - Google Chrome",true,true
7,6043,"Hi RAJA MUHAMMAD AZRIEN BIN RAJA AZAMAN SHAH - Google Chrome",true,true
7,6159,"Hi RAJA MUHAMMAD AZRIEN BIN RAJA AZAMAN SHAH - Google Chrome",true,true
7,6262,"Hi RAJA MUHAMMAD AZRIEN BIN RAJA AZAMAN SHAH - Google Chrome",true,true
7,6376,"Hi RAJA MUHAMMAD AZRIEN BIN RAJA AZAMAN SHAH - Google Chrome",true,true
7,6483,"Hi RAJA MUHAMMAD AZRIEN BIN RAJA AZAMAN SHAH - Google Chrome",true,true
7,6587,"Hi RAJA MUHAMMAD AZRIEN BIN RAJA AZAMAN SHAH - Google Chrome",true,true
7,6695,"Hi RAJA MUHAMMAD AZRIEN BIN RAJA AZAMAN SHAH - Google Chrome",true,true
7,6798,"Hi RAJA MUHAMMAD AZRIEN BIN RAJA AZAMAN SHAH - Google Chrome",true,true
7,6906,"Hi RAJA MUHAMMAD AZRIEN BIN RAJA AZAMAN SHAH - Google Chrome",true,true
7,7020,"Hi RAJA MUHAMMAD AZRIEN BIN RAJA AZAMAN SHAH - Google Chrome",true,true
7,7125,"Hi RAJA MUHAMMAD AZRIEN BIN RAJA AZAMAN SHAH - Google Chrome",true,true
7,7229,"Hi RAJA MUHAMMAD AZRIEN BIN RAJA AZAMAN SHAH - Google Chrome",true,true
7,7345,"Hi RAJA MUHAMMAD AZRIEN BIN RAJA AZAMAN SHAH - Google Chrome",true,true
7,7457,"Hi RAJA MUHAMMAD AZRIEN BIN RAJA AZAMAN SHAH - Google Chrome",true,true
7,7570,"Hi RAJA MUHAMMAD AZRIEN BIN RAJA AZAMAN SHAH - Google Chrome",true,true
7,7674,"Hi RAJA MUHAMMAD AZRIEN BIN RAJA AZAMAN SHAH - Google Chrome",true,true
7,7789,"Hi RAJA MUHAMMAD AZRIEN BIN RAJA AZAMAN SHAH - Google Chrome",true,true
7,7891,"Hi RAJA MUHAMMAD AZRIEN BIN RAJA AZAMAN SHAH - Google Chrome",true,true
7,7993,"Hi RAJA MUHAMMAD AZRIEN BIN RAJA AZAMAN SHAH - Google Chrome",true,true
7,8098,"Hi RAJA MUHAMMAD AZRIEN BIN RAJA AZAMAN SHAH - Google Chrome",true,true
7,8203,"Hi RAJA MUHAMMAD AZRIEN BIN RAJA AZAMAN SHAH - Google Chrome",true,true
7,8320,"Hi RAJA MUHAMMAD AZRIEN BIN RAJA AZAMAN SHAH - Google Chrome",true,true
7,8433,"Hi RAJA MUHAMMAD AZRIEN BIN RAJA AZAMAN SHAH - Google Chrome",true,true
7,8545,"Hi RAJA MUHAMMAD AZRIEN BIN RAJA AZAMAN SHAH - Google Chrome",true,true
7,8648,"Hi RAJA MUHAMMAD AZRIEN BIN RAJA AZAMAN SHAH - Google Chrome",true,true
7,8759,"Hi RAJA MUHAMMAD AZRIEN BIN RAJA AZAMAN SHAH - Google Chrome",true,true
7,8873,"Hi RAJA MUHAMMAD AZRIEN BIN RAJA AZAMAN SHAH - Google Chrome",true,true
7,8978,"Hi RAJA MUHAMMAD AZRIEN BIN RAJA AZAMAN SHAH - Google Chrome",false,
8,0,"",true,false
8,110,"",true,false
8,218,"",true,false
8,324,"",true,false
8,427,"",true,false
8,537,"",true,false
8,652,"",true,false
8,764,"",true,false
8,881,"",true,false
8,992,"",true,false
8,1104,"",true,false
8,1216,"",true,false
8,1320,"",true,false
8,1424,"",true,false
8,1530,"",true,false
8,1644,"",true,false
8,1750,"",true,false
8,1860,"",true,false
8,1974,"Translate this page?",true,false
8,2085,"Translate this page?",true,false
8,2190,"Translate this page?",true,false
8,2296,"DELIMa 3.0 Digital Educational Learning Initiative Malaysia - Google Chrome",true,false
8,2414,"DELIMa 3.0 Digital Educational Learning Initiative Malaysia - Google Chrome",true,false
8,2532,"DELIMa 3.0 Digital Educational Learning Initiative Malaysia - Google Chrome",true,false
8,2638,"Sign in - Google Accounts - Google Chrome",true,false
8,2755,"Sign in - Google Accounts - Google Chrome",true,false
8,2856,"Sign in - Google Accounts - Google Chrome",true,false
8,3193,"Sign in - Google Accounts - Google Chrome",true,false
8,3295,"Sign in - Google Accounts - Google Chrome",true,false
8,3403,"Sign in - Google Accounts - Google Chrome",true,false
8,3506,"Sign in - Google Accounts - Google Chrome",true,false
8,3620,"Sign in - Google Accounts - Google Chrome",true,false
8,3735,"Sign in - Google Accounts - Google Chrome",true,false
8,3839,"Sign in - Google Accounts - Google Chrome",true,false
8,3946,"Sign in - Google Accounts - Google Chrome",true,false
8,4056,"Sign in - Google Accounts - Google Chrome",true,false
8,4167,"Sign in - Google Accounts - Google Chrome",true,false
8,4269,"Sign in - Google Accounts - Google Chrome",true,false
8,4374,"Sign in - Google Accounts - Google Chrome",true,false
8,4476,"Sign in - Google Accounts - Google Chrome",true,false
8,4578,"Delima-AutoLogin - Antigravity IDE - README.md",true,false
8,4685,"Delima-AutoLogin - Antigravity IDE - README.md",true,false
8,4792,"Delima-AutoLogin - Antigravity IDE - README.md",true,false
8,4904,"Delima-AutoLogin - Antigravity IDE - README.md",true,false
8,5009,"Delima-AutoLogin - Antigravity IDE - README.md",true,false
8,5113,"Delima-AutoLogin - Antigravity IDE - README.md",true,false
8,5220,"Delima-AutoLogin - Antigravity IDE - README.md",true,false
8,5334,"Delima-AutoLogin - Antigravity IDE - README.md",true,false
8,5448,"Delima-AutoLogin - Antigravity IDE - README.md",true,false
8,5552,"Delima-AutoLogin - Antigravity IDE - README.md",true,false
8,5661,"Delima-AutoLogin - Antigravity IDE - README.md",true,false
8,5771,"Delima-AutoLogin - Antigravity IDE - README.md",true,false
8,5874,"Delima-AutoLogin - Antigravity IDE - README.md",true,false
8,5975,"Delima-AutoLogin - Antigravity IDE - README.md",true,false
8,6089,"Delima-AutoLogin - Antigravity IDE - README.md",true,false
8,6198,"Delima-AutoLogin - Antigravity IDE - README.md",true,false
8,6303,"Delima-AutoLogin - Antigravity IDE - README.md",true,false
8,6409,"Delima-AutoLogin - Antigravity IDE - README.md",true,false
8,6514,"Delima-AutoLogin - Antigravity IDE - README.md",true,false
8,6618,"Delima-AutoLogin - Antigravity IDE - README.md",true,false
8,6722,"Delima-AutoLogin - Antigravity IDE - README.md",true,false
8,6838,"Delima-AutoLogin - Antigravity IDE - README.md",true,false
8,6950,"Delima-AutoLogin - Antigravity IDE - README.md",true,false
8,7054,"Delima-AutoLogin - Antigravity IDE - README.md",true,false
8,7157,"Delima-AutoLogin - Antigravity IDE - README.md",true,false
8,7270,"Delima-AutoLogin - Antigravity IDE - README.md",true,false
8,7374,"Delima-AutoLogin - Antigravity IDE - README.md",true,false
8,7487,"Delima-AutoLogin - Antigravity IDE - README.md",true,false
8,7593,"Delima-AutoLogin - Antigravity IDE - README.md",true,false
8,7695,"Delima-AutoLogin - Antigravity IDE - README.md",true,false
8,7801,"Delima-AutoLogin - Antigravity IDE - README.md",true,false
8,7903,"Delima-AutoLogin - Antigravity IDE - README.md",true,false
8,8019,"Delima-AutoLogin - Antigravity IDE - README.md",true,false
8,8127,"Delima-AutoLogin - Antigravity IDE - README.md",true,false
8,8232,"Delima-AutoLogin - Antigravity IDE - README.md",true,false
8,8343,"Delima-AutoLogin - Antigravity IDE - README.md",true,false
8,8448,"Delima-AutoLogin - Antigravity IDE - README.md",true,false
8,8555,"Delima-AutoLogin - Antigravity IDE - README.md",true,false
8,8660,"Hi RAJA MUHAMMAD AZRIEN BIN RAJA AZAMAN SHAH - Google Chrome",true,false
8,8764,"Hi RAJA MUHAMMAD AZRIEN BIN RAJA AZAMAN SHAH - Google Chrome",true,false
8,8867,"Hi RAJA MUHAMMAD AZRIEN BIN RAJA AZAMAN SHAH - Google Chrome",true,false
8,8974,"Hi RAJA MUHAMMAD AZRIEN BIN RAJA AZAMAN SHAH - Google Chrome",true,false
8,9077,"Hi RAJA MUHAMMAD AZRIEN BIN RAJA AZAMAN SHAH - Google Chrome",true,true
8,9190,"Hi RAJA MUHAMMAD AZRIEN BIN RAJA AZAMAN SHAH - Google Chrome",true,true
8,9298,"Hi RAJA MUHAMMAD AZRIEN BIN RAJA AZAMAN SHAH - Google Chrome",true,true
8,9412,"Hi RAJA MUHAMMAD AZRIEN BIN RAJA AZAMAN SHAH - Google Chrome",true,true
8,9513,"Hi RAJA MUHAMMAD AZRIEN BIN RAJA AZAMAN SHAH - Google Chrome",true,true
8,9619,"Hi RAJA MUHAMMAD AZRIEN BIN RAJA AZAMAN SHAH - Google Chrome",true,true
8,9733,"Hi RAJA MUHAMMAD AZRIEN BIN RAJA AZAMAN SHAH - Google Chrome",true,true
8,9842,"Hi RAJA MUHAMMAD AZRIEN BIN RAJA AZAMAN SHAH - Google Chrome",true,true
8,9945,"Hi RAJA MUHAMMAD AZRIEN BIN RAJA AZAMAN SHAH - Google Chrome",true,true
8,10059,"Hi RAJA MUHAMMAD AZRIEN BIN RAJA AZAMAN SHAH - Google Chrome",true,true
8,10173,"Hi RAJA MUHAMMAD AZRIEN BIN RAJA AZAMAN SHAH - Google Chrome",true,true
8,10281,"Hi RAJA MUHAMMAD AZRIEN BIN RAJA AZAMAN SHAH - Google Chrome",true,true
8,10385,"Hi RAJA MUHAMMAD AZRIEN BIN RAJA AZAMAN SHAH - Google Chrome",true,true
8,10498,"Hi RAJA MUHAMMAD AZRIEN BIN RAJA AZAMAN SHAH - Google Chrome",true,true
8,10602,"Hi RAJA MUHAMMAD AZRIEN BIN RAJA AZAMAN SHAH - Google Chrome",true,true
8,10709,"Hi RAJA MUHAMMAD AZRIEN BIN RAJA AZAMAN SHAH - Google Chrome",true,true
8,10812,"Delima-AutoLogin - Antigravity IDE - README.md",true,false
9,0,"Delima-AutoLogin - Antigravity IDE - README.md",true,false
9,103,"Delima-AutoLogin - Antigravity IDE - README.md",true,false
9,210,"Untitled - Google Chrome",true,false
9,358,"Untitled - Google Chrome",true,false
9,473,"Untitled - Google Chrome",true,false
9,579,"DELIMa 3.0 Digital Educational Learning Initiative Malaysia - Google Chrome",true,false
9,688,"DELIMa 3.0 Digital Educational Learning Initiative Malaysia - Google Chrome",true,false
9,797,"DELIMa 3.0 Digital Educational Learning Initiative Malaysia - Google Chrome",true,false
9,903,"DELIMa 3.0 Digital Educational Learning Initiative Malaysia - Google Chrome",true,false
9,1017,"DELIMa 3.0 Digital Educational Learning Initiative Malaysia - Google Chrome",true,false
9,1130,"DELIMa 3.0 Digital Educational Learning Initiative Malaysia - Google Chrome",true,false
9,1241,"DELIMa 3.0 Digital Educational Learning Initiative Malaysia - Google Chrome",true,false
9,1353,"DELIMa 3.0 Digital Educational Learning Initiative Malaysia - Google Chrome",true,false
9,1456,"DELIMa 3.0 Digital Educational Learning Initiative Malaysia - Google Chrome",true,false
9,1569,"DELIMa 3.0 Digital Educational Learning Initiative Malaysia - Google Chrome",true,false
9,1685,"Translate this page?",true,false
9,1791,"Translate this page?",true,false
9,1899,"Translate this page?",true,false
9,2009,"DELIMa 3.0 Digital Educational Learning Initiative Malaysia - Google Chrome",true,false
9,2116,"DELIMa 3.0 Digital Educational Learning Initiative Malaysia - Google Chrome",true,false
9,2218,"DELIMa 3.0 Digital Educational Learning Initiative Malaysia - Google Chrome",true,false
9,2328,"DELIMa 3.0 Digital Educational Learning Initiative Malaysia - Google Chrome",true,false
9,2436,"DELIMa 3.0 Digital Educational Learning Initiative Malaysia - Google Chrome",true,false
9,2555,"DELIMa 3.0 Digital Educational Learning Initiative Malaysia - Google Chrome",true,false
9,2658,"Sign in - Google Accounts - Google Chrome",true,false
9,2761,"Sign in - Google Accounts - Google Chrome",true,false
9,3059,"Sign in - Google Accounts - Google Chrome",true,false
9,3177,"Sign in - Google Accounts - Google Chrome",true,false
9,3293,"Sign in - Google Accounts - Google Chrome",true,false
9,3407,"Sign in - Google Accounts - Google Chrome",true,false
9,3512,"Sign in - Google Accounts - Google Chrome",true,false
9,3617,"Sign in - Google Accounts - Google Chrome",true,false
9,3721,"Sign in - Google Accounts - Google Chrome",true,false
9,3828,"Sign in - Google Accounts - Google Chrome",true,false
9,3942,"Sign in - Google Accounts - Google Chrome",true,false
9,4045,"Sign in - Google Accounts - Google Chrome",true,false
9,4150,"Sign in - Google Accounts - Google Chrome",true,false
9,4262,"Sign in - Google Accounts - Google Chrome",true,false
9,4367,"Sign in - Google Accounts - Google Chrome",true,false
9,4470,"Sign in - Google Accounts - Google Chrome",true,false
9,4583,"Sign in - Google Accounts - Google Chrome",true,false
9,4695,"Sign in - Google Accounts - Google Chrome",true,false
9,4809,"Sign in - Google Accounts - Google Chrome",true,false
9,4916,"Sign in - Google Accounts - Google Chrome",true,false
9,5020,"Sign in - Google Accounts - Google Chrome",true,false
9,5132,"Sign in - Google Accounts - Google Chrome",true,false
9,5235,"Sign in - Google Accounts - Google Chrome",true,false
9,5348,"Sign in - Google Accounts - Google Chrome",true,false
9,5454,"Sign in - Google Accounts - Google Chrome",true,false
9,5567,"Sign in - Google Accounts - Google Chrome",true,false
9,5670,"Sign in - Google Accounts - Google Chrome",true,false
9,5779,"Hi RAJA MUHAMMAD AZRIEN BIN RAJA AZAMAN SHAH - Google Chrome",true,false
9,5883,"Hi RAJA MUHAMMAD AZRIEN BIN RAJA AZAMAN SHAH - Google Chrome",true,false
9,5988,"Hi RAJA MUHAMMAD AZRIEN BIN RAJA AZAMAN SHAH - Google Chrome",true,true
9,6104,"Hi RAJA MUHAMMAD AZRIEN BIN RAJA AZAMAN SHAH - Google Chrome",true,true
9,6208,"Hi RAJA MUHAMMAD AZRIEN BIN RAJA AZAMAN SHAH - Google Chrome",true,true
9,6312,"Hi RAJA MUHAMMAD AZRIEN BIN RAJA AZAMAN SHAH - Google Chrome",true,true
9,6422,"Hi RAJA MUHAMMAD AZRIEN BIN RAJA AZAMAN SHAH - Google Chrome",true,true
9,6524,"Hi RAJA MUHAMMAD AZRIEN BIN RAJA AZAMAN SHAH - Google Chrome",true,true
9,6633,"Hi RAJA MUHAMMAD AZRIEN BIN RAJA AZAMAN SHAH - Google Chrome",true,true
9,6738,"Hi RAJA MUHAMMAD AZRIEN BIN RAJA AZAMAN SHAH - Google Chrome",true,true
9,6847,"Hi RAJA MUHAMMAD AZRIEN BIN RAJA AZAMAN SHAH - Google Chrome",true,true
9,6952,"Hi RAJA MUHAMMAD AZRIEN BIN RAJA AZAMAN SHAH - Google Chrome",true,true
9,7057,"Hi RAJA MUHAMMAD AZRIEN BIN RAJA AZAMAN SHAH - Google Chrome",true,true
9,7173,"Hi RAJA MUHAMMAD AZRIEN BIN RAJA AZAMAN SHAH - Google Chrome",true,true
9,7287,"Hi RAJA MUHAMMAD AZRIEN BIN RAJA AZAMAN SHAH - Google Chrome",true,true
9,7390,"Hi RAJA MUHAMMAD AZRIEN BIN RAJA AZAMAN SHAH - Google Chrome",true,true
9,7499,"Delima-AutoLogin - Antigravity IDE - README.md",true,false
10,0,"Delima-AutoLogin - Antigravity IDE - README.md",true,false
10,103,"Delima-AutoLogin - Antigravity IDE - README.md",true,false
10,207,"Untitled - Google Chrome",true,false
10,360,"Untitled - Google Chrome",true,false
10,477,"Untitled - Google Chrome",true,false
10,582,"DELIMa 3.0 Digital Educational Learning Initiative Malaysia - Google Chrome",true,false
10,696,"DELIMa 3.0 Digital Educational Learning Initiative Malaysia - Google Chrome",true,false
10,810,"DELIMa 3.0 Digital Educational Learning Initiative Malaysia - Google Chrome",true,false
10,923,"DELIMa 3.0 Digital Educational Learning Initiative Malaysia - Google Chrome",true,false
10,1027,"DELIMa 3.0 Digital Educational Learning Initiative Malaysia - Google Chrome",true,false
10,1140,"DELIMa 3.0 Digital Educational Learning Initiative Malaysia - Google Chrome",true,false
10,1252,"DELIMa 3.0 Digital Educational Learning Initiative Malaysia - Google Chrome",true,false
10,1356,"DELIMa 3.0 Digital Educational Learning Initiative Malaysia - Google Chrome",true,false
10,1465,"DELIMa 3.0 Digital Educational Learning Initiative Malaysia - Google Chrome",true,false
10,1568,"DELIMa 3.0 Digital Educational Learning Initiative Malaysia - Google Chrome",true,false
10,1681,"DELIMa 3.0 Digital Educational Learning Initiative Malaysia - Google Chrome",true,false
10,1784,"Translate this page?",true,false
10,1898,"Translate this page?",true,false
10,2011,"Translate this page?",true,false
10,2124,"DELIMa 3.0 Digital Educational Learning Initiative Malaysia - Google Chrome",true,false
10,2234,"DELIMa 3.0 Digital Educational Learning Initiative Malaysia - Google Chrome",true,false
10,2339,"DELIMa 3.0 Digital Educational Learning Initiative Malaysia - Google Chrome",true,false
10,2441,"DELIMa 3.0 Digital Educational Learning Initiative Malaysia - Google Chrome",true,false
10,2553,"DELIMa 3.0 Digital Educational Learning Initiative Malaysia - Google Chrome",true,false
10,2666,"Sign in - Google Accounts - Google Chrome",true,false
10,2771,"Sign in - Google Accounts - Google Chrome",true,false
10,2877,"Sign in - Google Accounts - Google Chrome",true,false
10,2992,"Sign in - Google Accounts - Google Chrome",true,false
10,3234,"Sign in - Google Accounts - Google Chrome",true,false
10,3339,"Sign in - Google Accounts - Google Chrome",true,false
10,3453,"Sign in - Google Accounts - Google Chrome",true,false
10,3557,"Sign in - Google Accounts - Google Chrome",true,false
10,3660,"Sign in - Google Accounts - Google Chrome",true,false
10,3774,"Sign in - Google Accounts - Google Chrome",true,false
10,3882,"Sign in - Google Accounts - Google Chrome",true,false
10,3992,"Sign in - Google Accounts - Google Chrome",true,false
10,4108,"Sign in - Google Accounts - Google Chrome",true,false
10,4213,"Sign in - Google Accounts - Google Chrome",true,false
10,4318,"Sign in - Google Accounts - Google Chrome",true,false
10,4431,"Sign in - Google Accounts - Google Chrome",true,false
10,4538,"Sign in - Google Accounts - Google Chrome",true,false
10,4644,"Sign in - Google Accounts - Google Chrome",true,false
10,4753,"Sign in - Google Accounts - Google Chrome",true,false
10,4869,"Sign in - Google Accounts - Google Chrome",true,false
10,4974,"Sign in - Google Accounts - Google Chrome",true,false
10,5081,"Sign in - Google Accounts - Google Chrome",true,false
10,5184,"Sign in - Google Accounts - Google Chrome",true,false
10,5299,"Sign in - Google Accounts - Google Chrome",true,false
10,5414,"Sign in - Google Accounts - Google Chrome",true,false
10,5518,"Sign in - Google Accounts - Google Chrome",true,false
10,5622,"Sign in - Google Accounts - Google Chrome",true,false
10,5739,"Sign in - Google Accounts - Google Chrome",true,false
10,5847,"Sign in - Google Accounts - Google Chrome",true,false
10,5949,"Sign in - Google Accounts - Google Chrome",true,false
10,6060,"Sign in - Google Accounts - Google Chrome",true,false
10,6173,"Sign in - Google Accounts - Google Chrome",true,false
10,6289,"Hi RAJA MUHAMMAD AZRIEN BIN RAJA AZAMAN SHAH - Google Chrome",true,false
10,6398,"Hi RAJA MUHAMMAD AZRIEN BIN RAJA AZAMAN SHAH - Google Chrome",true,false
10,6510,"Hi RAJA MUHAMMAD AZRIEN BIN RAJA AZAMAN SHAH - Google Chrome",true,true
10,6622,"Hi RAJA MUHAMMAD AZRIEN BIN RAJA AZAMAN SHAH - Google Chrome",true,true
10,6723,"Hi RAJA MUHAMMAD AZRIEN BIN RAJA AZAMAN SHAH - Google Chrome",true,true
10,6831,"Hi RAJA MUHAMMAD AZRIEN BIN RAJA AZAMAN SHAH - Google Chrome",true,true
10,6938,"Hi RAJA MUHAMMAD AZRIEN BIN RAJA AZAMAN SHAH - Google Chrome",true,true
10,7054,"Hi RAJA MUHAMMAD AZRIEN BIN RAJA AZAMAN SHAH - Google Chrome",true,true
10,7164,"Hi RAJA MUHAMMAD AZRIEN BIN RAJA AZAMAN SHAH - Google Chrome",true,true
10,7275,"Hi RAJA MUHAMMAD AZRIEN BIN RAJA AZAMAN SHAH - Google Chrome",true,true
10,7386,"Hi RAJA MUHAMMAD AZRIEN BIN RAJA AZAMAN SHAH - Google Chrome",true,true
10,7494,"Hi RAJA MUHAMMAD AZRIEN BIN RAJA AZAMAN SHAH - Google Chrome",true,true
10,7598,"Hi RAJA MUHAMMAD AZRIEN BIN RAJA AZAMAN SHAH - Google Chrome",true,true
10,7704,"Hi RAJA MUHAMMAD AZRIEN BIN RAJA AZAMAN SHAH - Google Chrome",true,true
10,7815,"Delima-AutoLogin - Antigravity IDE - README.md",true,false
10,7927,"Delima-AutoLogin - Antigravity IDE - README.md",true,false
11,0,"Delima-AutoLogin - Antigravity IDE - README.md",true,false
11,109,"Delima-AutoLogin - Antigravity IDE - README.md",true,false
11,213,"Untitled - Google Chrome",true,false
11,364,"Untitled - Google Chrome",true,false
11,482,"Untitled - Google Chrome",true,false
11,600,"DELIMa 3.0 Digital Educational Learning Initiative Malaysia - Google Chrome",true,false
11,711,"DELIMa 3.0 Digital Educational Learning Initiative Malaysia - Google Chrome",true,false
11,815,"DELIMa 3.0 Digital Educational Learning Initiative Malaysia - Google Chrome",true,false
11,920,"DELIMa 3.0 Digital Educational Learning Initiative Malaysia - Google Chrome",true,false
11,1025,"DELIMa 3.0 Digital Educational Learning Initiative Malaysia - Google Chrome",true,false
11,1131,"DELIMa 3.0 Digital Educational Learning Initiative Malaysia - Google Chrome",true,false
11,1246,"DELIMa 3.0 Digital Educational Learning Initiative Malaysia - Google Chrome",true,false
11,1350,"DELIMa 3.0 Digital Educational Learning Initiative Malaysia - Google Chrome",true,false
11,1459,"DELIMa 3.0 Digital Educational Learning Initiative Malaysia - Google Chrome",true,false
11,1568,"DELIMa 3.0 Digital Educational Learning Initiative Malaysia - Google Chrome",true,false
11,1685,"Translate this page?",true,false
11,1798,"Translate this page?",true,false
11,1912,"Translate this page?",true,false
11,2023,"DELIMa 3.0 Digital Educational Learning Initiative Malaysia - Google Chrome",true,false
11,2140,"DELIMa 3.0 Digital Educational Learning Initiative Malaysia - Google Chrome",true,false
11,2252,"DELIMa 3.0 Digital Educational Learning Initiative Malaysia - Google Chrome",true,false
11,2356,"DELIMa 3.0 Digital Educational Learning Initiative Malaysia - Google Chrome",true,false
11,2459,"DELIMa 3.0 Digital Educational Learning Initiative Malaysia - Google Chrome",true,false
11,2572,"DELIMa 3.0 Digital Educational Learning Initiative Malaysia - Google Chrome",true,false
11,2676,"DELIMa 3.0 Digital Educational Learning Initiative Malaysia - Google Chrome",true,false
11,2786,"accounts.google.com/v3/signin/identifier?opparams=%253F&dsh=S740744672%3A1787293592099849&client_id=950472034074-acj262jqk6trve8i4ndsudqeokvh5pef.apps.googleusercontent.com&o2v=2&redirect_uri=https%3A%2F%2Fd3.delima.edu.my%2Fauthentication%2Fcode&response_type=code&scope=openid+email+profile&service=lso&state=2b525f4fdc66bbebd0d25d7f19637356&flowName=GeneralOAuthFlow&continue=https%3A%2F%2Faccounts.google.com%2Fsignin%2Foauth%2Fconsent%3Fauthuser%3Dunknown%26part%3DAJi8hAP40otMBbNVHwgULVO7LupmQ3xPwFqZR3_UMiko-8AROA9M06fhQDgTZvr0lv-Vyj3jAf9mN0yKJBBDd4fAWYKhE2FGPVu0EeLa0UW3U4v6rLFUfTP3w9MMO0zlRToI1m5b0ZJxi1B_lKEFg45t3mhk2qy4PY6OrPcKcR4EHyUF0P0XwvTHDiCqQg8oNbaMtq8orIGaCGZm6TzCOR3heS-hBlf9LrPhXhV9L2M3vK725UGnNKJhs6ApFBs0DuqeSRTIyn2OJF1oMYbZ4K4cBzS_VUc4UnU62vcBRm5clvm8RupT9wRvG4xrLoxSfVapDhpqlLRq9pvM2Jir1xkYUPqcG6adqsGHn7_XIYkOO98j7F0JFMhjhe4mrPVGfV3DXM8dzV-YnVKkGRLCp-joBiUHyoXdMs4PyzIA4RWwXd7jVMTkL-koxGXQINck1yWRgLBTuSDH65yAzY2Ds8qJcFit4SxGVA%26flowName%3DGeneralOAuthFlow%26as%3DS740744672%253A1787293592099849%2",true,false
11,2889,"accounts.google.com/v3/signin/identifier?opparams=%253F&dsh=S740744672%3A1787293592099849&client_id=950472034074-acj262jqk6trve8i4ndsudqeokvh5pef.apps.googleusercontent.com&o2v=2&redirect_uri=https%3A%2F%2Fd3.delima.edu.my%2Fauthentication%2Fcode&response_type=code&scope=openid+email+profile&service=lso&state=2b525f4fdc66bbebd0d25d7f19637356&flowName=GeneralOAuthFlow&continue=https%3A%2F%2Faccounts.google.com%2Fsignin%2Foauth%2Fconsent%3Fauthuser%3Dunknown%26part%3DAJi8hAP40otMBbNVHwgULVO7LupmQ3xPwFqZR3_UMiko-8AROA9M06fhQDgTZvr0lv-Vyj3jAf9mN0yKJBBDd4fAWYKhE2FGPVu0EeLa0UW3U4v6rLFUfTP3w9MMO0zlRToI1m5b0ZJxi1B_lKEFg45t3mhk2qy4PY6OrPcKcR4EHyUF0P0XwvTHDiCqQg8oNbaMtq8orIGaCGZm6TzCOR3heS-hBlf9LrPhXhV9L2M3vK725UGnNKJhs6ApFBs0DuqeSRTIyn2OJF1oMYbZ4K4cBzS_VUc4UnU62vcBRm5clvm8RupT9wRvG4xrLoxSfVapDhpqlLRq9pvM2Jir1xkYUPqcG6adqsGHn7_XIYkOO98j7F0JFMhjhe4mrPVGfV3DXM8dzV-YnVKkGRLCp-joBiUHyoXdMs4PyzIA4RWwXd7jVMTkL-koxGXQINck1yWRgLBTuSDH65yAzY2Ds8qJcFit4SxGVA%26flowName%3DGeneralOAuthFlow%26as%3DS740744672%253A1787293592099849%2",true,false
11,3000,"Sign in - Google Accounts - Google Chrome",true,false
11,3328,"Sign in - Google Accounts - Google Chrome",true,false
11,3430,"Sign in - Google Accounts - Google Chrome",true,false
11,3538,"Sign in - Google Accounts - Google Chrome",true,false
11,3643,"Sign in - Google Accounts - Google Chrome",true,false
11,3746,"Sign in - Google Accounts - Google Chrome",true,false
11,3855,"Sign in - Google Accounts - Google Chrome",true,false
11,3958,"Sign in - Google Accounts - Google Chrome",true,false
11,4062,"Sign in - Google Accounts - Google Chrome",true,false
11,4169,"Sign in - Google Accounts - Google Chrome",true,false
11,4276,"Sign in - Google Accounts - Google Chrome",true,false
11,4383,"Sign in - Google Accounts - Google Chrome",true,false
11,4487,"Sign in - Google Accounts - Google Chrome",true,false
11,4589,"Sign in - Google Accounts - Google Chrome",true,false
11,4693,"Sign in - Google Accounts - Google Chrome",true,false
11,4797,"Sign in - Google Accounts - Google Chrome",true,false
11,4911,"Sign in - Google Accounts - Google Chrome",true,false
11,5016,"Sign in - Google Accounts - Google Chrome",true,false
11,5118,"Sign in - Google Accounts - Google Chrome",true,false
11,5233,"Sign in - Google Accounts - Google Chrome",true,false
11,5347,"Sign in - Google Accounts - Google Chrome",true,false
11,5463,"Sign in - Google Accounts - Google Chrome",true,false
11,5576,"Sign in - Google Accounts - Google Chrome",true,false
11,5691,"Sign in - Google Accounts - Google Chrome",true,false
11,5801,"Sign in - Google Accounts - Google Chrome",true,false
11,5912,"Sign in - Google Accounts - Google Chrome",true,false
11,6022,"Sign in - Google Accounts - Google Chrome",true,false
11,6137,"Sign in - Google Accounts - Google Chrome",true,false
11,6243,"Sign in - Google Accounts - Google Chrome",true,false
11,6355,"Sign in - Google Accounts - Google Chrome",true,false
11,6460,"Sign in - Google Accounts - Google Chrome",true,false
11,6573,"Sign in - Google Accounts - Google Chrome",true,false
11,6678,"Sign in - Google Accounts - Google Chrome",true,false
11,6780,"Hi RAJA MUHAMMAD AZRIEN BIN RAJA AZAMAN SHAH - Google Chrome",true,false
11,6886,"Hi RAJA MUHAMMAD AZRIEN BIN RAJA AZAMAN SHAH - Google Chrome",true,true
11,6990,"Hi RAJA MUHAMMAD AZRIEN BIN RAJA AZAMAN SHAH - Google Chrome",true,true
11,7107,"Hi RAJA MUHAMMAD AZRIEN BIN RAJA AZAMAN SHAH - Google Chrome",true,true
11,7212,"Hi RAJA MUHAMMAD AZRIEN BIN RAJA AZAMAN SHAH - Google Chrome",true,true
11,7319,"Hi RAJA MUHAMMAD AZRIEN BIN RAJA AZAMAN SHAH - Google Chrome",true,true
11,7421,"Hi RAJA MUHAMMAD AZRIEN BIN RAJA AZAMAN SHAH - Google Chrome",true,true
11,7529,"Hi RAJA MUHAMMAD AZRIEN BIN RAJA AZAMAN SHAH - Google Chrome",true,true
11,7637,"Hi RAJA MUHAMMAD AZRIEN BIN RAJA AZAMAN SHAH - Google Chrome",true,true
11,7741,"Hi RAJA MUHAMMAD AZRIEN BIN RAJA AZAMAN SHAH - Google Chrome",true,true
11,7844,"Hi RAJA MUHAMMAD AZRIEN BIN RAJA AZAMAN SHAH - Google Chrome",true,true
11,7953,"Hi RAJA MUHAMMAD AZRIEN BIN RAJA AZAMAN SHAH - Google Chrome",true,true
11,8061,"Hi RAJA MUHAMMAD AZRIEN BIN RAJA AZAMAN SHAH - Google Chrome",true,true
11,8174,"Hi RAJA MUHAMMAD AZRIEN BIN RAJA AZAMAN SHAH - Google Chrome",true,true
11,8281,"Hi RAJA MUHAMMAD AZRIEN BIN RAJA AZAMAN SHAH - Google Chrome",true,true
11,8396,"Hi RAJA MUHAMMAD AZRIEN BIN RAJA AZAMAN SHAH - Google Chrome",true,true
11,8511,"Hi RAJA MUHAMMAD AZRIEN BIN RAJA AZAMAN SHAH - Google Chrome",true,true
11,8618,"Hi RAJA MUHAMMAD AZRIEN BIN RAJA AZAMAN SHAH - Google Chrome",true,true
11,8732,"Hi RAJA MUHAMMAD AZRIEN BIN RAJA AZAMAN SHAH - Google Chrome",true,true
11,8848,"Hi RAJA MUHAMMAD AZRIEN BIN RAJA AZAMAN SHAH - Google Chrome",true,true
11,8952,"Hi RAJA MUHAMMAD AZRIEN BIN RAJA AZAMAN SHAH - Google Chrome",true,true
11,9130,"Delima-AutoLogin - Antigravity IDE - README.md",true,false
12,0,"Delima-AutoLogin - Antigravity IDE - README.md",true,false
12,106,"Delima-AutoLogin - Antigravity IDE - README.md",true,false
12,229,"Untitled - Google Chrome",true,false
12,385,"Untitled - Google Chrome",true,false
12,500,"Untitled - Google Chrome",true,false
12,608,"Untitled - Google Chrome",true,false
12,716,"DELIMa 3.0 Digital Educational Learning Initiative Malaysia - Google Chrome",true,false
12,831,"DELIMa 3.0 Digital Educational Learning Initiative Malaysia - Google Chrome",true,false
12,941,"DELIMa 3.0 Digital Educational Learning Initiative Malaysia - Google Chrome",true,false
12,1044,"DELIMa 3.0 Digital Educational Learning Initiative Malaysia - Google Chrome",true,false
12,1148,"DELIMa 3.0 Digital Educational Learning Initiative Malaysia - Google Chrome",true,false
12,1251,"DELIMa 3.0 Digital Educational Learning Initiative Malaysia - Google Chrome",true,false
12,1359,"DELIMa 3.0 Digital Educational Learning Initiative Malaysia - Google Chrome",true,false
12,1466,"DELIMa 3.0 Digital Educational Learning Initiative Malaysia - Google Chrome",true,false
12,1571,"DELIMa 3.0 Digital Educational Learning Initiative Malaysia - Google Chrome",true,false
12,1676,"DELIMa 3.0 Digital Educational Learning Initiative Malaysia - Google Chrome",true,false
12,1792,"Translate this page?",true,false
12,1906,"Translate this page?",true,false
12,2009,"Translate this page?",true,false
12,2117,"DELIMa 3.0 Digital Educational Learning Initiative Malaysia - Google Chrome",true,false
12,2230,"DELIMa 3.0 Digital Educational Learning Initiative Malaysia - Google Chrome",true,false
12,2344,"accounts.google.com/v3/signin/identifier?opparams=%253F&dsh=S-717758196%3A1787293601739600&client_id=950472034074-acj262jqk6trve8i4ndsudqeokvh5pef.apps.googleusercontent.com&o2v=2&redirect_uri=https%3A%2F%2Fd3.delima.edu.my%2Fauthentication%2Fcode&response_type=code&scope=openid+email+profile&service=lso&state=2b77b8afaafe9be2497ba65b0d11ecc7&flowName=GeneralOAuthFlow&continue=https%3A%2F%2Faccounts.google.com%2Fsignin%2Foauth%2Fconsent%3Fauthuser%3Dunknown%26part%3DAJi8hAMZhT0lLEMh0L0CQ8WxvCwG4ZD3oQ6i2rGOokDBqH0U9aiY1EOxdEMGwa2noAGr8M4-shBujPGwDCpnDNRlCBPOp9jEF9Y2iDF8lv4OSQVjHQ32Cku7WljbRTm0lnR7gOwT7uSnMvTNTpjADX7_MegUJMzquHFBD-ulCm4Po7HdT6DmA7eTm5heoRBBPkM6sYg6ib4PZf-SZKuXoiYBSpIuNQfCBjvi0d43EwOZg6LlOp4e3aZ0hM_wAvUhWo-9VrMs8oALzGTC5iqlk7lcGTesZVyTV9sP243IC01eREQrgI5wKJht7-zVfM1QoO7v7pZq-ue6sZkt_CKD_R1wTbDIPMzcf4qCfx-qQKfB4OfvTAkr9wcA8Dg7MoYDBKlvpYGW2XOdfwLvdfHfpF82ii9ElHMpz-qghxh4rWPRnD6l5wWE3O1MVcxlgi3SHBFtPL1d2Ycq4QoV06u9d2lSNBXzzxfAGw%26flowName%3DGeneralOAuthFlow%26as%3DS-717758196%253A1787293601739600",true,false
12,2457,"accounts.google.com/v3/signin/identifier?opparams=%253F&dsh=S-717758196%3A1787293601739600&client_id=950472034074-acj262jqk6trve8i4ndsudqeokvh5pef.apps.googleusercontent.com&o2v=2&redirect_uri=https%3A%2F%2Fd3.delima.edu.my%2Fauthentication%2Fcode&response_type=code&scope=openid+email+profile&service=lso&state=2b77b8afaafe9be2497ba65b0d11ecc7&flowName=GeneralOAuthFlow&continue=https%3A%2F%2Faccounts.google.com%2Fsignin%2Foauth%2Fconsent%3Fauthuser%3Dunknown%26part%3DAJi8hAMZhT0lLEMh0L0CQ8WxvCwG4ZD3oQ6i2rGOokDBqH0U9aiY1EOxdEMGwa2noAGr8M4-shBujPGwDCpnDNRlCBPOp9jEF9Y2iDF8lv4OSQVjHQ32Cku7WljbRTm0lnR7gOwT7uSnMvTNTpjADX7_MegUJMzquHFBD-ulCm4Po7HdT6DmA7eTm5heoRBBPkM6sYg6ib4PZf-SZKuXoiYBSpIuNQfCBjvi0d43EwOZg6LlOp4e3aZ0hM_wAvUhWo-9VrMs8oALzGTC5iqlk7lcGTesZVyTV9sP243IC01eREQrgI5wKJht7-zVfM1QoO7v7pZq-ue6sZkt_CKD_R1wTbDIPMzcf4qCfx-qQKfB4OfvTAkr9wcA8Dg7MoYDBKlvpYGW2XOdfwLvdfHfpF82ii9ElHMpz-qghxh4rWPRnD6l5wWE3O1MVcxlgi3SHBFtPL1d2Ycq4QoV06u9d2lSNBXzzxfAGw%26flowName%3DGeneralOAuthFlow%26as%3DS-717758196%253A1787293601739600",true,false
12,2578,"Sign in - Google Accounts - Google Chrome",true,false
12,2685,"Sign in - Google Accounts - Google Chrome",true,false
12,2989,"Sign in - Google Accounts - Google Chrome",true,false
12,3102,"Sign in - Google Accounts - Google Chrome",true,false
12,3206,"Sign in - Google Accounts - Google Chrome",true,false
12,3318,"Sign in - Google Accounts - Google Chrome",true,false
12,3421,"Sign in - Google Accounts - Google Chrome",true,false
12,3526,"Sign in - Google Accounts - Google Chrome",true,false
12,3639,"Sign in - Google Accounts - Google Chrome",true,false
12,3742,"Sign in - Google Accounts - Google Chrome",true,false
12,3846,"Sign in - Google Accounts - Google Chrome",true,false
12,3950,"Sign in - Google Accounts - Google Chrome",true,false
12,4052,"Sign in - Google Accounts - Google Chrome",true,false
12,4155,"Sign in - Google Accounts - Google Chrome",true,false
12,4259,"Sign in - Google Accounts - Google Chrome",true,false
12,4361,"Sign in - Google Accounts - Google Chrome",true,false
12,4474,"Sign in - Google Accounts - Google Chrome",true,false
12,4579,"Sign in - Google Accounts - Google Chrome",true,false
12,4692,"Sign in - Google Accounts - Google Chrome",true,false
12,4806,"Sign in - Google Accounts - Google Chrome",true,false
12,4926,"Sign in - Google Accounts - Google Chrome",true,false
12,5035,"Hi RAJA MUHAMMAD AZRIEN BIN RAJA AZAMAN SHAH - Google Chrome",true,false
12,5150,"Hi RAJA MUHAMMAD AZRIEN BIN RAJA AZAMAN SHAH - Google Chrome",true,false
12,5252,"Hi RAJA MUHAMMAD AZRIEN BIN RAJA AZAMAN SHAH - Google Chrome",true,false
12,5359,"Hi RAJA MUHAMMAD AZRIEN BIN RAJA AZAMAN SHAH - Google Chrome",true,true
12,5461,"Hi RAJA MUHAMMAD AZRIEN BIN RAJA AZAMAN SHAH - Google Chrome",true,true
12,5563,"Hi RAJA MUHAMMAD AZRIEN BIN RAJA AZAMAN SHAH - Google Chrome",true,true
12,5665,"Hi RAJA MUHAMMAD AZRIEN BIN RAJA AZAMAN SHAH - Google Chrome",true,true
12,5772,"Hi RAJA MUHAMMAD AZRIEN BIN RAJA AZAMAN SHAH - Google Chrome",true,true
12,5876,"Hi RAJA MUHAMMAD AZRIEN BIN RAJA AZAMAN SHAH - Google Chrome",true,true
12,5983,"Hi RAJA MUHAMMAD AZRIEN BIN RAJA AZAMAN SHAH - Google Chrome",true,true
12,6092,"Hi RAJA MUHAMMAD AZRIEN BIN RAJA AZAMAN SHAH - Google Chrome",true,true
12,6201,"Hi RAJA MUHAMMAD AZRIEN BIN RAJA AZAMAN SHAH - Google Chrome",true,true
12,6307,"Hi RAJA MUHAMMAD AZRIEN BIN RAJA AZAMAN SHAH - Google Chrome",true,true
12,6415,"Hi RAJA MUHAMMAD AZRIEN BIN RAJA AZAMAN SHAH - Google Chrome",true,true
12,6531,"Hi RAJA MUHAMMAD AZRIEN BIN RAJA AZAMAN SHAH - Google Chrome",true,true
12,6633,"Hi RAJA MUHAMMAD AZRIEN BIN RAJA AZAMAN SHAH - Google Chrome",true,true
12,6868,"Hi RAJA MUHAMMAD AZRIEN BIN RAJA AZAMAN SHAH - Google Chrome",true,true
12,6984,"Hi RAJA MUHAMMAD AZRIEN BIN RAJA AZAMAN SHAH - Google Chrome",true,true
12,7091,"Hi RAJA MUHAMMAD AZRIEN BIN RAJA AZAMAN SHAH - Google Chrome",true,true
12,7207,"Hi RAJA MUHAMMAD AZRIEN BIN RAJA AZAMAN SHAH - Google Chrome",true,true
12,7311,"Hi RAJA MUHAMMAD AZRIEN BIN RAJA AZAMAN SHAH - Google Chrome",true,true
12,7421,"Hi RAJA MUHAMMAD AZRIEN BIN RAJA AZAMAN SHAH - Google Chrome",true,true
12,7526,"Hi RAJA MUHAMMAD AZRIEN BIN RAJA AZAMAN SHAH - Google Chrome",true,true
12,7634,"Delima-AutoLogin - Antigravity IDE - README.md",true,false
13,0,"Delima-AutoLogin - Antigravity IDE - README.md",true,false
13,111,"Delima-AutoLogin - Antigravity IDE - README.md",true,false
13,225,"Untitled - Google Chrome",true,false
13,349,"Untitled - Google Chrome",true,false
13,462,"Untitled - Google Chrome",true,false
13,567,"DELIMa 3.0 Digital Educational Learning Initiative Malaysia - Google Chrome",true,false
13,680,"DELIMa 3.0 Digital Educational Learning Initiative Malaysia - Google Chrome",true,false
13,784,"DELIMa 3.0 Digital Educational Learning Initiative Malaysia - Google Chrome",true,false
13,887,"DELIMa 3.0 Digital Educational Learning Initiative Malaysia - Google Chrome",true,false
13,1002,"DELIMa 3.0 Digital Educational Learning Initiative Malaysia - Google Chrome",true,false
13,1111,"DELIMa 3.0 Digital Educational Learning Initiative Malaysia - Google Chrome",true,false
13,1213,"DELIMa 3.0 Digital Educational Learning Initiative Malaysia - Google Chrome",true,false
13,1329,"DELIMa 3.0 Digital Educational Learning Initiative Malaysia - Google Chrome",true,false
13,1442,"DELIMa 3.0 Digital Educational Learning Initiative Malaysia - Google Chrome",true,false
13,1554,"DELIMa 3.0 Digital Educational Learning Initiative Malaysia - Google Chrome",true,false
13,1667,"DELIMa 3.0 Digital Educational Learning Initiative Malaysia - Google Chrome",true,false
13,1781,"Translate this page?",true,false
13,1896,"Translate this page?",true,false
13,2009,"Translate this page?",true,false
13,2125,"DELIMa 3.0 Digital Educational Learning Initiative Malaysia - Google Chrome",true,false
13,2238,"DELIMa 3.0 Digital Educational Learning Initiative Malaysia - Google Chrome",true,false
13,2350,"DELIMa 3.0 Digital Educational Learning Initiative Malaysia - Google Chrome",true,false
13,2490,"Sign in - Google Accounts - Google Chrome",true,false
13,2596,"Sign in - Google Accounts - Google Chrome",true,false
13,2714,"Sign in - Google Accounts - Google Chrome",true,false
13,2832,"Sign in - Google Accounts - Google Chrome",true,false
13,3070,"Sign in - Google Accounts - Google Chrome",true,false
13,3179,"Sign in - Google Accounts - Google Chrome",true,false
13,3281,"Sign in - Google Accounts - Google Chrome",true,false
13,3388,"Sign in - Google Accounts - Google Chrome",true,false
13,3492,"Sign in - Google Accounts - Google Chrome",true,false
13,3596,"Sign in - Google Accounts - Google Chrome",true,false
13,3698,"Sign in - Google Accounts - Google Chrome",true,false
13,3814,"Sign in - Google Accounts - Google Chrome",true,false
13,3928,"Sign in - Google Accounts - Google Chrome",true,false
13,4033,"Sign in - Google Accounts - Google Chrome",true,false
13,4148,"Sign in - Google Accounts - Google Chrome",true,false
13,4260,"Sign in - Google Accounts - Google Chrome",true,false
13,4369,"Sign in - Google Accounts - Google Chrome",true,false
13,4476,"Sign in - Google Accounts - Google Chrome",true,false
13,4591,"Sign in - Google Accounts - Google Chrome",true,false
13,4704,"Sign in - Google Accounts - Google Chrome",true,false
13,4809,"Sign in - Google Accounts - Google Chrome",true,false
13,4915,"Sign in - Google Accounts - Google Chrome",true,false
13,5029,"Sign in - Google Accounts - Google Chrome",true,false
13,5131,"Sign in - Google Accounts - Google Chrome",true,false
13,5241,"Sign in - Google Accounts - Google Chrome",true,false
13,5343,"Sign in - Google Accounts - Google Chrome",true,false
13,5455,"Sign in - Google Accounts - Google Chrome",true,false
13,5566,"Hi RAJA MUHAMMAD AZRIEN BIN RAJA AZAMAN SHAH - Google Chrome",true,false
13,5682,"Hi RAJA MUHAMMAD AZRIEN BIN RAJA AZAMAN SHAH - Google Chrome",true,true
13,5799,"Hi RAJA MUHAMMAD AZRIEN BIN RAJA AZAMAN SHAH - Google Chrome",true,true
13,5902,"Hi RAJA MUHAMMAD AZRIEN BIN RAJA AZAMAN SHAH - Google Chrome",true,true
13,6007,"Hi RAJA MUHAMMAD AZRIEN BIN RAJA AZAMAN SHAH - Google Chrome",true,true
13,6112,"Hi RAJA MUHAMMAD AZRIEN BIN RAJA AZAMAN SHAH - Google Chrome",true,true
13,6221,"Hi RAJA MUHAMMAD AZRIEN BIN RAJA AZAMAN SHAH - Google Chrome",true,true
13,6330,"Hi RAJA MUHAMMAD AZRIEN BIN RAJA AZAMAN SHAH - Google Chrome",true,true
13,6439,"Hi RAJA MUHAMMAD AZRIEN BIN RAJA AZAMAN SHAH - Google Chrome",true,true
13,6544,"Hi RAJA MUHAMMAD AZRIEN BIN RAJA AZAMAN SHAH - Google Chrome",true,true
13,6650,"Hi RAJA MUHAMMAD AZRIEN BIN RAJA AZAMAN SHAH - Google Chrome",true,true
13,6755,"Hi RAJA MUHAMMAD AZRIEN BIN RAJA AZAMAN SHAH - Google Chrome",true,true
13,6858,"Hi RAJA MUHAMMAD AZRIEN BIN RAJA AZAMAN SHAH - Google Chrome",true,true
13,6961,"Hi RAJA MUHAMMAD AZRIEN BIN RAJA AZAMAN SHAH - Google Chrome",true,true
13,7063,"Hi RAJA MUHAMMAD AZRIEN BIN RAJA AZAMAN SHAH - Google Chrome",true,true
13,7176,"Hi RAJA MUHAMMAD AZRIEN BIN RAJA AZAMAN SHAH - Google Chrome",true,true
13,7287,"Hi RAJA MUHAMMAD AZRIEN BIN RAJA AZAMAN SHAH - Google Chrome",true,true
13,7404,"Hi RAJA MUHAMMAD AZRIEN BIN RAJA AZAMAN SHAH - Google Chrome",true,true
13,7508,"Hi RAJA MUHAMMAD AZRIEN BIN RAJA AZAMAN SHAH - Google Chrome",true,true
13,7612,"Hi RAJA MUHAMMAD AZRIEN BIN RAJA AZAMAN SHAH - Google Chrome",true,true
13,7724,"Hi RAJA MUHAMMAD AZRIEN BIN RAJA AZAMAN SHAH - Google Chrome",false,
14,0,"Delima-AutoLogin - Antigravity IDE - README.md",true,false
14,105,"Delima-AutoLogin - Antigravity IDE - README.md",true,false
14,209,"Untitled - Google Chrome",true,false
14,352,"Untitled - Google Chrome",true,false
14,468,"Untitled - Google Chrome",true,false
14,577,"DELIMa 3.0 Digital Educational Learning Initiative Malaysia - Google Chrome",true,false
14,690,"DELIMa 3.0 Digital Educational Learning Initiative Malaysia - Google Chrome",true,false
14,803,"DELIMa 3.0 Digital Educational Learning Initiative Malaysia - Google Chrome",true,false
14,911,"DELIMa 3.0 Digital Educational Learning Initiative Malaysia - Google Chrome",true,false
14,1017,"DELIMa 3.0 Digital Educational Learning Initiative Malaysia - Google Chrome",true,false
14,1122,"DELIMa 3.0 Digital Educational Learning Initiative Malaysia - Google Chrome",true,false
14,1231,"DELIMa 3.0 Digital Educational Learning Initiative Malaysia - Google Chrome",true,false
14,1334,"DELIMa 3.0 Digital Educational Learning Initiative Malaysia - Google Chrome",true,false
14,1436,"DELIMa 3.0 Digital Educational Learning Initiative Malaysia - Google Chrome",true,false
14,1539,"DELIMa 3.0 Digital Educational Learning Initiative Malaysia - Google Chrome",true,false
14,1652,"Translate this page?",true,false
14,1760,"Translate this page?",true,false
14,1864,"Translate this page?",true,false
14,1977,"DELIMa 3.0 Digital Educational Learning Initiative Malaysia - Google Chrome",true,false
14,2089,"DELIMa 3.0 Digital Educational Learning Initiative Malaysia - Google Chrome",true,false
14,2198,"DELIMa 3.0 Digital Educational Learning Initiative Malaysia - Google Chrome",true,false
14,2316,"Sign in - Google Accounts - Google Chrome",true,false
14,2439,"Sign in - Google Accounts - Google Chrome",true,false
14,2544,"Sign in - Google Accounts - Google Chrome",true,false
14,2836,"Sign in - Google Accounts - Google Chrome",true,false
14,2944,"Sign in - Google Accounts - Google Chrome",true,false
14,3056,"Sign in - Google Accounts - Google Chrome",true,false
14,3159,"Sign in - Google Accounts - Google Chrome",true,false
14,3264,"Sign in - Google Accounts - Google Chrome",true,false
14,3373,"Sign in - Google Accounts - Google Chrome",true,false
14,3478,"Sign in - Google Accounts - Google Chrome",true,false
14,3590,"Sign in - Google Accounts - Google Chrome",true,false
14,3702,"Sign in - Google Accounts - Google Chrome",true,false
14,3815,"Sign in - Google Accounts - Google Chrome",true,false
14,3927,"Sign in - Google Accounts - Google Chrome",true,false
14,4040,"Sign in - Google Accounts - Google Chrome",true,false
14,4146,"Sign in - Google Accounts - Google Chrome",true,false
14,4256,"Sign in - Google Accounts - Google Chrome",true,false
14,4364,"Sign in - Google Accounts - Google Chrome",true,false
14,4480,"Sign in - Google Accounts - Google Chrome",true,false
14,4585,"Sign in - Google Accounts - Google Chrome",true,false
14,4697,"Sign in - Google Accounts - Google Chrome",true,false
14,4809,"Sign in - Google Accounts - Google Chrome",true,false
14,4912,"Sign in - Google Accounts - Google Chrome",true,false
14,5026,"Sign in - Google Accounts - Google Chrome",true,false
14,5142,"Sign in - Google Accounts - Google Chrome",true,false
14,5251,"Sign in - Google Accounts - Google Chrome",true,false
14,5360,"Sign in - Google Accounts - Google Chrome",true,false
14,5473,"Sign in - Google Accounts - Google Chrome",true,false
14,5585,"Welcome - Google Chrome",true,false
14,5690,"Welcome - Google Chrome",true,false
14,5805,"Welcome - Google Chrome",true,false
14,5910,"Welcome - Google Chrome",true,true
14,6015,"Welcome - Google Chrome",true,true
14,6119,"Welcome - Google Chrome",true,true
14,6226,"Welcome - Google Chrome",true,true
14,6332,"Welcome - Google Chrome",true,true
14,6470,"Welcome - Google Chrome",true,true
14,6586,"Delima-AutoLogin - Antigravity IDE - README.md",true,false
15,0,"Delima-AutoLogin - Antigravity IDE - README.md",true,false
15,112,"Delima-AutoLogin - Antigravity IDE - README.md",true,false
15,220,"Untitled - Google Chrome",true,false
15,353,"Untitled - Google Chrome",true,false
15,469,"Untitled - Google Chrome",true,false
15,584,"DELIMa 3.0 Digital Educational Learning Initiative Malaysia - Google Chrome",true,false
15,697,"DELIMa 3.0 Digital Educational Learning Initiative Malaysia - Google Chrome",true,false
15,808,"DELIMa 3.0 Digital Educational Learning Initiative Malaysia - Google Chrome",true,false
15,920,"DELIMa 3.0 Digital Educational Learning Initiative Malaysia - Google Chrome",true,false
15,1027,"DELIMa 3.0 Digital Educational Learning Initiative Malaysia - Google Chrome",true,false
15,1136,"DELIMa 3.0 Digital Educational Learning Initiative Malaysia - Google Chrome",true,false
15,1243,"DELIMa 3.0 Digital Educational Learning Initiative Malaysia - Google Chrome",true,false
15,1348,"DELIMa 3.0 Digital Educational Learning Initiative Malaysia - Google Chrome",true,false
15,1453,"DELIMa 3.0 Digital Educational Learning Initiative Malaysia - Google Chrome",true,false
15,1565,"Translate this page?",true,false
15,1673,"Translate this page?",true,false
15,1786,"Translate this page?",true,false
15,1901,"DELIMa 3.0 Digital Educational Learning Initiative Malaysia - Google Chrome",true,false
15,2011,"DELIMa 3.0 Digital Educational Learning Initiative Malaysia - Google Chrome",true,false
15,2115,"DELIMa 3.0 Digital Educational Learning Initiative Malaysia - Google Chrome",true,false
15,2223,"DELIMa 3.0 Digital Educational Learning Initiative Malaysia - Google Chrome",true,false
15,2341,"Sign in - Google Accounts - Google Chrome",true,false
15,2447,"Sign in - Google Accounts - Google Chrome",true,false
15,2554,"Sign in - Google Accounts - Google Chrome",true,false
15,2904,"Sign in - Google Accounts - Google Chrome",true,false
15,3011,"Sign in - Google Accounts - Google Chrome",true,false
15,3118,"Sign in - Google Accounts - Google Chrome",true,false
15,3221,"Sign in - Google Accounts - Google Chrome",true,false
15,3323,"Sign in - Google Accounts - Google Chrome",true,false
15,3424,"Sign in - Google Accounts - Google Chrome",true,false
15,3527,"Sign in - Google Accounts - Google Chrome",true,false
15,3639,"Sign in - Google Accounts - Google Chrome",true,false
15,3745,"Sign in - Google Accounts - Google Chrome",true,false
15,3848,"Sign in - Google Accounts - Google Chrome",true,false
15,3963,"Sign in - Google Accounts - Google Chrome",true,false
15,4075,"Sign in - Google Accounts - Google Chrome",true,false
15,4190,"Sign in - Google Accounts - Google Chrome",true,false
15,4301,"Sign in - Google Accounts - Google Chrome",true,false
15,4407,"Sign in - Google Accounts - Google Chrome",true,false
15,4512,"Sign in - Google Accounts - Google Chrome",true,false
15,4614,"Sign in - Google Accounts - Google Chrome",true,false
15,4721,"Sign in - Google Accounts - Google Chrome",true,false
15,4823,"Sign in - Google Accounts - Google Chrome",true,false
15,4927,"Sign in - Google Accounts - Google Chrome",true,false
15,5036,"Sign in - Google Accounts - Google Chrome",true,false
15,5139,"Sign in - Google Accounts - Google Chrome",true,false
15,5255,"Sign in - Google Accounts - Google Chrome",true,false
15,5365,"Hi RAJA MUHAMMAD AZRIEN BIN RAJA AZAMAN SHAH - Google Chrome",true,false
15,5477,"Hi RAJA MUHAMMAD AZRIEN BIN RAJA AZAMAN SHAH - Google Chrome",true,false
15,5579,"Hi RAJA MUHAMMAD AZRIEN BIN RAJA AZAMAN SHAH - Google Chrome",true,false
15,5685,"Hi RAJA MUHAMMAD AZRIEN BIN RAJA AZAMAN SHAH - Google Chrome",true,true
15,5798,"Hi RAJA MUHAMMAD AZRIEN BIN RAJA AZAMAN SHAH - Google Chrome",true,true
15,5903,"Hi RAJA MUHAMMAD AZRIEN BIN RAJA AZAMAN SHAH - Google Chrome",true,true
15,6017,"Hi RAJA MUHAMMAD AZRIEN BIN RAJA AZAMAN SHAH - Google Chrome",true,true
15,6127,"Hi RAJA MUHAMMAD AZRIEN BIN RAJA AZAMAN SHAH - Google Chrome",true,true
15,6231,"Hi RAJA MUHAMMAD AZRIEN BIN RAJA AZAMAN SHAH - Google Chrome",true,true
15,6339,"Hi RAJA MUHAMMAD AZRIEN BIN RAJA AZAMAN SHAH - Google Chrome",true,true
15,6446,"Hi RAJA MUHAMMAD AZRIEN BIN RAJA AZAMAN SHAH - Google Chrome",true,true
15,6556,"Hi RAJA MUHAMMAD AZRIEN BIN RAJA AZAMAN SHAH - Google Chrome",true,true
15,6658,"Hi RAJA MUHAMMAD AZRIEN BIN RAJA AZAMAN SHAH - Google Chrome",true,true
15,6765,"Hi RAJA MUHAMMAD AZRIEN BIN RAJA AZAMAN SHAH - Google Chrome",true,true
15,6871,"Hi RAJA MUHAMMAD AZRIEN BIN RAJA AZAMAN SHAH - Google Chrome",true,true
15,6976,"Hi RAJA MUHAMMAD AZRIEN BIN RAJA AZAMAN SHAH - Google Chrome",false,
16,0,"Delima-AutoLogin - Antigravity IDE - README.md",true,false
16,104,"Delima-AutoLogin - Antigravity IDE - README.md",true,false
16,216,"Untitled - Google Chrome",true,false
16,343,"Untitled - Google Chrome",true,false
16,447,"Untitled - Google Chrome",true,false
16,564,"DELIMa 3.0 Digital Educational Learning Initiative Malaysia - Google Chrome",true,false
16,668,"DELIMa 3.0 Digital Educational Learning Initiative Malaysia - Google Chrome",true,false
16,774,"DELIMa 3.0 Digital Educational Learning Initiative Malaysia - Google Chrome",true,false
16,877,"DELIMa 3.0 Digital Educational Learning Initiative Malaysia - Google Chrome",true,false
16,992,"DELIMa 3.0 Digital Educational Learning Initiative Malaysia - Google Chrome",true,false
16,1100,"DELIMa 3.0 Digital Educational Learning Initiative Malaysia - Google Chrome",true,false
16,1202,"DELIMa 3.0 Digital Educational Learning Initiative Malaysia - Google Chrome",true,false
16,1308,"DELIMa 3.0 Digital Educational Learning Initiative Malaysia - Google Chrome",true,false
16,1422,"DELIMa 3.0 Digital Educational Learning Initiative Malaysia - Google Chrome",true,false
16,1535,"DELIMa 3.0 Digital Educational Learning Initiative Malaysia - Google Chrome",true,false
16,1650,"DELIMa 3.0 Digital Educational Learning Initiative Malaysia - Google Chrome",true,false
16,1754,"Translate this page?",true,false
16,1856,"Translate this page?",true,false
16,1960,"Translate this page?",true,false
16,2062,"Translate this page?",true,false
16,2164,"Translate this page?",true,false
16,2273,"Translate this page?",true,false
16,2389,"DELIMa 3.0 Digital Educational Learning Initiative Malaysia - Google Chrome",true,false
16,2499,"DELIMa 3.0 Digital Educational Learning Initiative Malaysia - Google Chrome",true,false
16,2601,"DELIMa 3.0 Digital Educational Learning Initiative Malaysia - Google Chrome",true,false
16,2710,"DELIMa 3.0 Digital Educational Learning Initiative Malaysia - Google Chrome",true,false
16,2823,"DELIMa 3.0 Digital Educational Learning Initiative Malaysia - Google Chrome",true,false
16,2934,"DELIMa 3.0 Digital Educational Learning Initiative Malaysia - Google Chrome",true,false
16,3044,"DELIMa 3.0 Digital Educational Learning Initiative Malaysia - Google Chrome",true,false
16,3160,"DELIMa 3.0 Digital Educational Learning Initiative Malaysia - Google Chrome",true,false
16,3265,"DELIMa 3.0 Digital Educational Learning Initiative Malaysia - Google Chrome",true,false
16,3371,"DELIMa 3.0 Digital Educational Learning Initiative Malaysia - Google Chrome",true,false
16,3481,"DELIMa 3.0 Digital Educational Learning Initiative Malaysia - Google Chrome",true,false
16,3586,"DELIMa 3.0 Digital Educational Learning Initiative Malaysia - Google Chrome",true,false
16,3698,"accounts.google.com/v3/signin/identifier?opparams=%253F&dsh=S-1019753289%3A1787293635677863&client_id=950472034074-acj262jqk6trve8i4ndsudqeokvh5pef.apps.googleusercontent.com&o2v=2&redirect_uri=https%3A%2F%2Fd3.delima.edu.my%2Fauthentication%2Fcode&response_type=code&scope=openid+email+profile&service=lso&state=87fa5dbb0740c88e3eae569453e1ebe2&flowName=GeneralOAuthFlow&continue=https%3A%2F%2Faccounts.google.com%2Fsignin%2Foauth%2Fconsent%3Fauthuser%3Dunknown%26part%3DAJi8hANlqh1ECkZn495JIgh774pgTHPBRDyXlThb5ZFdOOd-qIp-UpXouXFgHQdaqs82x2TF9wyHgBGVW384Rj5cU87qUNQ2SsuHQlSid8qsznAxQHKGN0WNydVc2I5LtxtxGEHWxsQCs3w6-XXqJQs7bmjaqTVb0FmwGelIBW7aczErvRcWcfgjFM09gembrNBa830Wjh-4ojrv51o2dyEAfcWmH0Gekok4yp7-Vn1idT0OFrqVRSYz4KkV277LDLGVw_egWO9xPjj03-WaHlQtpDhpeoSBnW4yxmJ9jgMyYzviwJMk_c-QuU1SKW9cpU6SAwGoIsEfP21Auh0HtEIxRHpiXx6iaKNEfZOpm2cNhTKfwET-0adv51-8FhwppjA1lH5ur8EGzyyETiSPzGzseGpxPbbWrA2xx-gjqg9J-FZABxMKGZjfGBjlvGCxw0oZMjPkVZHxGMlCWovwUfanCtUIfGls6w%26flowName%3DGeneralOAuthFlow%26as%3DS-1019753289%253A17872936356778",true,false
16,3805,"accounts.google.com/v3/signin/identifier?opparams=%253F&dsh=S-1019753289%3A1787293635677863&client_id=950472034074-acj262jqk6trve8i4ndsudqeokvh5pef.apps.googleusercontent.com&o2v=2&redirect_uri=https%3A%2F%2Fd3.delima.edu.my%2Fauthentication%2Fcode&response_type=code&scope=openid+email+profile&service=lso&state=87fa5dbb0740c88e3eae569453e1ebe2&flowName=GeneralOAuthFlow&continue=https%3A%2F%2Faccounts.google.com%2Fsignin%2Foauth%2Fconsent%3Fauthuser%3Dunknown%26part%3DAJi8hANlqh1ECkZn495JIgh774pgTHPBRDyXlThb5ZFdOOd-qIp-UpXouXFgHQdaqs82x2TF9wyHgBGVW384Rj5cU87qUNQ2SsuHQlSid8qsznAxQHKGN0WNydVc2I5LtxtxGEHWxsQCs3w6-XXqJQs7bmjaqTVb0FmwGelIBW7aczErvRcWcfgjFM09gembrNBa830Wjh-4ojrv51o2dyEAfcWmH0Gekok4yp7-Vn1idT0OFrqVRSYz4KkV277LDLGVw_egWO9xPjj03-WaHlQtpDhpeoSBnW4yxmJ9jgMyYzviwJMk_c-QuU1SKW9cpU6SAwGoIsEfP21Auh0HtEIxRHpiXx6iaKNEfZOpm2cNhTKfwET-0adv51-8FhwppjA1lH5ur8EGzyyETiSPzGzseGpxPbbWrA2xx-gjqg9J-FZABxMKGZjfGBjlvGCxw0oZMjPkVZHxGMlCWovwUfanCtUIfGls6w%26flowName%3DGeneralOAuthFlow%26as%3DS-1019753289%253A17872936356778",true,false
16,3909,"Sign in - Google Accounts - Google Chrome",true,false
16,4019,"Sign in - Google Accounts - Google Chrome",true,false
16,4260,"Sign in - Google Accounts - Google Chrome",true,false
16,4363,"Sign in - Google Accounts - Google Chrome",true,false
16,4470,"Sign in - Google Accounts - Google Chrome",true,false
16,4573,"Sign in - Google Accounts - Google Chrome",true,false
16,4678,"Sign in - Google Accounts - Google Chrome",true,false
16,4781,"Sign in - Google Accounts - Google Chrome",true,false
16,4885,"Sign in - Google Accounts - Google Chrome",true,false
16,4989,"Sign in - Google Accounts - Google Chrome",true,false
16,5095,"Sign in - Google Accounts - Google Chrome",true,false
16,5197,"Sign in - Google Accounts - Google Chrome",true,false
16,5306,"Sign in - Google Accounts - Google Chrome",true,false
16,5421,"Sign in - Google Accounts - Google Chrome",true,false
16,5527,"Sign in - Google Accounts - Google Chrome",true,false
16,5640,"Sign in - Google Accounts - Google Chrome",true,false
16,5744,"Sign in - Google Accounts - Google Chrome",true,false
16,5852,"Sign in - Google Accounts - Google Chrome",true,false
16,5954,"Sign in - Google Accounts - Google Chrome",true,false
16,6072,"Sign in - Google Accounts - Google Chrome",true,false
16,6177,"Sign in - Google Accounts - Google Chrome",true,false
16,6281,"Sign in - Google Accounts - Google Chrome",true,false
16,6390,"Sign in - Google Accounts - Google Chrome",true,false
16,6495,"Sign in - Google Accounts - Google Chrome",true,false
16,6597,"Sign in - Google Accounts - Google Chrome",true,false
16,6706,"Sign in - Google Accounts - Google Chrome",true,false
16,6821,"Sign in - Google Accounts - Google Chrome",true,false
16,6935,"Sign in - Google Accounts - Google Chrome",true,false
16,7114,"Sign in - Google Accounts - Google Chrome",true,false
16,7223,"Sign in - Google Accounts - Google Chrome",true,false
16,7337,"Hi RAJA MUHAMMAD AZRIEN BIN RAJA AZAMAN SHAH - Google Chrome",true,false
16,7446,"Hi RAJA MUHAMMAD AZRIEN BIN RAJA AZAMAN SHAH - Google Chrome",true,true
16,7561,"Hi RAJA MUHAMMAD AZRIEN BIN RAJA AZAMAN SHAH - Google Chrome",true,true
16,7665,"Hi RAJA MUHAMMAD AZRIEN BIN RAJA AZAMAN SHAH - Google Chrome",true,true
16,7771,"Hi RAJA MUHAMMAD AZRIEN BIN RAJA AZAMAN SHAH - Google Chrome",true,true
16,7877,"Hi RAJA MUHAMMAD AZRIEN BIN RAJA AZAMAN SHAH - Google Chrome",true,true
16,7983,"Hi RAJA MUHAMMAD AZRIEN BIN RAJA AZAMAN SHAH - Google Chrome",true,true
16,8088,"Hi RAJA MUHAMMAD AZRIEN BIN RAJA AZAMAN SHAH - Google Chrome",true,true
16,8196,"Hi RAJA MUHAMMAD AZRIEN BIN RAJA AZAMAN SHAH - Google Chrome",true,true
16,8301,"Hi RAJA MUHAMMAD AZRIEN BIN RAJA AZAMAN SHAH - Google Chrome",true,true
16,8411,"Hi RAJA MUHAMMAD AZRIEN BIN RAJA AZAMAN SHAH - Google Chrome",true,true
16,8514,"Hi RAJA MUHAMMAD AZRIEN BIN RAJA AZAMAN SHAH - Google Chrome",true,true
16,8627,"Hi RAJA MUHAMMAD AZRIEN BIN RAJA AZAMAN SHAH - Google Chrome",true,true
16,8731,"Hi RAJA MUHAMMAD AZRIEN BIN RAJA AZAMAN SHAH - Google Chrome",true,true
16,8833,"Hi RAJA MUHAMMAD AZRIEN BIN RAJA AZAMAN SHAH - Google Chrome",true,true
16,8949,"Hi RAJA MUHAMMAD AZRIEN BIN RAJA AZAMAN SHAH - Google Chrome",false,
17,0,"Delima-AutoLogin - Antigravity IDE - README.md",true,false
17,115,"Delima-AutoLogin - Antigravity IDE - README.md",true,false
17,218,"Untitled - Google Chrome",true,false
17,356,"Untitled - Google Chrome",true,false
17,474,"Untitled - Google Chrome",true,false
17,581,"DELIMa 3.0 Digital Educational Learning Initiative Malaysia - Google Chrome",true,false
17,695,"DELIMa 3.0 Digital Educational Learning Initiative Malaysia - Google Chrome",true,false
17,811,"DELIMa 3.0 Digital Educational Learning Initiative Malaysia - Google Chrome",true,false
17,919,"DELIMa 3.0 Digital Educational Learning Initiative Malaysia - Google Chrome",true,false
17,1026,"DELIMa 3.0 Digital Educational Learning Initiative Malaysia - Google Chrome",true,false
17,1133,"DELIMa 3.0 Digital Educational Learning Initiative Malaysia - Google Chrome",true,false
17,1241,"DELIMa 3.0 Digital Educational Learning Initiative Malaysia - Google Chrome",true,false
17,1346,"DELIMa 3.0 Digital Educational Learning Initiative Malaysia - Google Chrome",true,false
17,1454,"Translate this page?",true,false
17,1569,"Translate this page?",true,false
17,1684,"Translate this page?",true,false
17,1800,"DELIMa 3.0 Digital Educational Learning Initiative Malaysia - Google Chrome",true,false
17,1914,"DELIMa 3.0 Digital Educational Learning Initiative Malaysia - Google Chrome",true,false
17,2028,"DELIMa 3.0 Digital Educational Learning Initiative Malaysia - Google Chrome",true,false
17,2138,"DELIMa 3.0 Digital Educational Learning Initiative Malaysia - Google Chrome",true,false
17,2246,"Sign in - Google Accounts - Google Chrome",true,false
17,2356,"Sign in - Google Accounts - Google Chrome",true,false
17,2462,"Sign in - Google Accounts - Google Chrome",true,false
17,2791,"Sign in - Google Accounts - Google Chrome",true,false
17,2907,"Sign in - Google Accounts - Google Chrome",true,false
17,3016,"Sign in - Google Accounts - Google Chrome",true,false
17,3130,"Sign in - Google Accounts - Google Chrome",true,false
17,3241,"Sign in - Google Accounts - Google Chrome",true,false
17,3348,"Sign in - Google Accounts - Google Chrome",true,false
17,3462,"Sign in - Google Accounts - Google Chrome",true,false
17,3574,"Sign in - Google Accounts - Google Chrome",true,false
17,3679,"Sign in - Google Accounts - Google Chrome",true,false
17,3781,"Sign in - Google Accounts - Google Chrome",true,false
17,3895,"Sign in - Google Accounts - Google Chrome",true,false
17,4003,"Sign in - Google Accounts - Google Chrome",true,false
17,4113,"Sign in - Google Accounts - Google Chrome",true,false
17,4217,"Sign in - Google Accounts - Google Chrome",true,false
17,4320,"Sign in - Google Accounts - Google Chrome",true,false
17,4432,"Sign in - Google Accounts - Google Chrome",true,false
17,4545,"Sign in - Google Accounts - Google Chrome",true,false
17,4654,"Sign in - Google Accounts - Google Chrome",true,false
17,4769,"Sign in - Google Accounts - Google Chrome",true,false
17,4878,"Sign in - Google Accounts - Google Chrome",true,false
17,4986,"Sign in - Google Accounts - Google Chrome",true,false
17,5099,"Sign in - Google Accounts - Google Chrome",true,false
17,5212,"Sign in - Google Accounts - Google Chrome",true,false
17,5319,"Sign in - Google Accounts - Google Chrome",true,false
17,5435,"Sign in - Google Accounts - Google Chrome",true,false
17,5542,"Sign in - Google Accounts - Google Chrome",true,false
17,5649,"Sign in - Google Accounts - Google Chrome",true,false
17,5762,"Sign in - Google Accounts - Google Chrome",true,false
17,5872,"Sign in - Google Accounts - Google Chrome",true,false
17,5988,"Hi RAJA MUHAMMAD AZRIEN BIN RAJA AZAMAN SHAH - Google Chrome",true,false
17,6098,"Hi RAJA MUHAMMAD AZRIEN BIN RAJA AZAMAN SHAH - Google Chrome",true,false
17,6204,"Hi RAJA MUHAMMAD AZRIEN BIN RAJA AZAMAN SHAH - Google Chrome",true,true
17,6408,"Hi RAJA MUHAMMAD AZRIEN BIN RAJA AZAMAN SHAH - Google Chrome",true,true
17,6516,"Hi RAJA MUHAMMAD AZRIEN BIN RAJA AZAMAN SHAH - Google Chrome",true,true
17,6624,"Hi RAJA MUHAMMAD AZRIEN BIN RAJA AZAMAN SHAH - Google Chrome",true,true
17,6732,"Hi RAJA MUHAMMAD AZRIEN BIN RAJA AZAMAN SHAH - Google Chrome",false,
18,0,"Delima-AutoLogin - Antigravity IDE - README.md",true,false
18,103,"Delima-AutoLogin - Antigravity IDE - README.md",true,false
18,210,"Untitled - Google Chrome",true,false
18,351,"Untitled - Google Chrome",true,false
18,459,"Untitled - Google Chrome",true,false
18,564,"DELIMa 3.0 Digital Educational Learning Initiative Malaysia - Google Chrome",true,false
18,670,"DELIMa 3.0 Digital Educational Learning Initiative Malaysia - Google Chrome",true,false
18,786,"DELIMa 3.0 Digital Educational Learning Initiative Malaysia - Google Chrome",true,false
18,893,"DELIMa 3.0 Digital Educational Learning Initiative Malaysia - Google Chrome",true,false
18,1007,"DELIMa 3.0 Digital Educational Learning Initiative Malaysia - Google Chrome",true,false
18,1112,"DELIMa 3.0 Digital Educational Learning Initiative Malaysia - Google Chrome",true,false
18,1228,"DELIMa 3.0 Digital Educational Learning Initiative Malaysia - Google Chrome",true,false
18,1330,"DELIMa 3.0 Digital Educational Learning Initiative Malaysia - Google Chrome",true,false
18,1432,"DELIMa 3.0 Digital Educational Learning Initiative Malaysia - Google Chrome",true,false
18,1537,"DELIMa 3.0 Digital Educational Learning Initiative Malaysia - Google Chrome",true,false
18,1639,"DELIMa 3.0 Digital Educational Learning Initiative Malaysia - Google Chrome",true,false
18,1746,"DELIMa 3.0 Digital Educational Learning Initiative Malaysia - Google Chrome",true,false
18,1854,"DELIMa 3.0 Digital Educational Learning Initiative Malaysia - Google Chrome",true,false
18,1958,"DELIMa 3.0 Digital Educational Learning Initiative Malaysia - Google Chrome",true,false
18,2062,"DELIMa 3.0 Digital Educational Learning Initiative Malaysia - Google Chrome",true,false
18,2175,"DELIMa 3.0 Digital Educational Learning Initiative Malaysia - Google Chrome",true,false
18,2279,"DELIMa 3.0 Digital Educational Learning Initiative Malaysia - Google Chrome",true,false
18,2404,"DELIMa 3.0 Digital Educational Learning Initiative Malaysia - Google Chrome",true,false
18,2510,"DELIMa 3.0 Digital Educational Learning Initiative Malaysia - Google Chrome",true,false
18,2622,"DELIMa 3.0 Digital Educational Learning Initiative Malaysia - Google Chrome",true,false
18,2735,"DELIMa 3.0 Digital Educational Learning Initiative Malaysia - Google Chrome",true,false
18,2847,"DELIMa 3.0 Digital Educational Learning Initiative Malaysia - Google Chrome",true,false
18,2957,"DELIMa 3.0 Digital Educational Learning Initiative Malaysia - Google Chrome",true,false
18,3062,"DELIMa 3.0 Digital Educational Learning Initiative Malaysia - Google Chrome",true,false
18,3164,"DELIMa 3.0 Digital Educational Learning Initiative Malaysia - Google Chrome",true,false
18,3276,"DELIMa 3.0 Digital Educational Learning Initiative Malaysia - Google Chrome",true,false
18,3381,"DELIMa 3.0 Digital Educational Learning Initiative Malaysia - Google Chrome",true,false
18,3497,"DELIMa 3.0 Digital Educational Learning Initiative Malaysia - Google Chrome",true,false
18,3602,"Sign in - Google Accounts - Google Chrome",true,false
18,3705,"Sign in - Google Accounts - Google Chrome",true,false
18,4001,"Sign in - Google Accounts - Google Chrome",true,false
18,4110,"Sign in - Google Accounts - Google Chrome",true,false
18,4214,"Sign in - Google Accounts - Google Chrome",true,false
18,4323,"Sign in - Google Accounts - Google Chrome",true,false
18,4430,"Sign in - Google Accounts - Google Chrome",true,false
18,4535,"Sign in - Google Accounts - Google Chrome",true,false
18,4642,"Sign in - Google Accounts - Google Chrome",true,false
18,4756,"Sign in - Google Accounts - Google Chrome",true,false
18,4862,"Sign in - Google Accounts - Google Chrome",true,false
18,4967,"Sign in - Google Accounts - Google Chrome",true,false
18,5071,"Sign in - Google Accounts - Google Chrome",true,false
18,5184,"Sign in - Google Accounts - Google Chrome",true,false
18,5297,"Sign in - Google Accounts - Google Chrome",true,false
18,5400,"Sign in - Google Accounts - Google Chrome",true,false
18,5505,"Sign in - Google Accounts - Google Chrome",true,false
18,5622,"Sign in - Google Accounts - Google Chrome",true,false
18,5736,"Sign in - Google Accounts - Google Chrome",true,false
18,5843,"Sign in - Google Accounts - Google Chrome",true,false
18,5951,"Sign in - Google Accounts - Google Chrome",true,false
18,6055,"Sign in - Google Accounts - Google Chrome",true,false
18,6162,"Sign in - Google Accounts - Google Chrome",true,false
18,6267,"Sign in - Google Accounts - Google Chrome",true,false
18,6372,"Sign in - Google Accounts - Google Chrome",true,false
18,6488,"Sign in - Google Accounts - Google Chrome",true,false
18,6592,"Sign in - Google Accounts - Google Chrome",true,false
18,6701,"Sign in - Google Accounts - Google Chrome",true,false
18,6817,"Sign in - Google Accounts - Google Chrome",true,false
18,6929,"Sign in - Google Accounts - Google Chrome",true,false
18,7170,"Sign in - Google Accounts - Google Chrome",true,false
18,7276,"Hi RAJA MUHAMMAD AZRIEN BIN RAJA AZAMAN SHAH - Google Chrome",true,false
18,7388,"Hi RAJA MUHAMMAD AZRIEN BIN RAJA AZAMAN SHAH - Google Chrome",true,false
18,7495,"Hi RAJA MUHAMMAD AZRIEN BIN RAJA AZAMAN SHAH - Google Chrome",true,false
18,7608,"Hi RAJA MUHAMMAD AZRIEN BIN RAJA AZAMAN SHAH - Google Chrome",true,true
18,7714,"Hi RAJA MUHAMMAD AZRIEN BIN RAJA AZAMAN SHAH - Google Chrome",true,true
18,7824,"Hi RAJA MUHAMMAD AZRIEN BIN RAJA AZAMAN SHAH - Google Chrome",true,true
18,7930,"Hi RAJA MUHAMMAD AZRIEN BIN RAJA AZAMAN SHAH - Google Chrome",true,true
18,8040,"Hi RAJA MUHAMMAD AZRIEN BIN RAJA AZAMAN SHAH - Google Chrome",true,true
18,8147,"Hi RAJA MUHAMMAD AZRIEN BIN RAJA AZAMAN SHAH - Google Chrome",true,true
18,8251,"Hi RAJA MUHAMMAD AZRIEN BIN RAJA AZAMAN SHAH - Google Chrome",true,true
18,8356,"Delima-AutoLogin - Antigravity IDE - README.md",true,false
18,8472,"Delima-AutoLogin - Antigravity IDE - README.md",true,false
18,8578,"Delima-AutoLogin - Antigravity IDE - README.md",true,false
18,8684,"Delima-AutoLogin - Antigravity IDE - README.md",true,false
18,8787,"Delima-AutoLogin - Antigravity IDE - README.md",true,false
18,8900,"Delima-AutoLogin - Antigravity IDE - README.md",true,false
18,9002,"Delima-AutoLogin - Antigravity IDE - README.md",true,false
18,9104,"Delima-AutoLogin - Antigravity IDE - README.md",true,false
18,9216,"Delima-AutoLogin - Antigravity IDE - README.md",true,false
18,9323,"Delima-AutoLogin - Antigravity IDE - README.md",true,false
18,9427,"Delima-AutoLogin - Antigravity IDE - README.md",true,false
18,9532,"Delima-AutoLogin - Antigravity IDE - README.md",true,false
18,9643,"Delima-AutoLogin - Antigravity IDE - README.md",true,false
18,9756,"Delima-AutoLogin - Antigravity IDE - README.md",true,false
18,9873,"Delima-AutoLogin - Antigravity IDE - README.md",true,false
18,9976,"Delima-AutoLogin - Antigravity IDE - README.md",true,false
18,10081,"Delima-AutoLogin - Antigravity IDE - README.md",true,false
18,10190,"Delima-AutoLogin - Antigravity IDE - README.md",true,false
18,10293,"Delima-AutoLogin - Antigravity IDE - README.md",true,false
18,10397,"Delima-AutoLogin - Antigravity IDE - README.md",true,false
18,10508,"Delima-AutoLogin - Antigravity IDE - README.md",true,false
18,10613,"Delima-AutoLogin - Antigravity IDE - README.md",true,false
18,10718,"Delima-AutoLogin - Antigravity IDE - README.md",true,false
18,10825,"Delima-AutoLogin - Antigravity IDE - README.md",true,false
18,10930,"Delima-AutoLogin - Antigravity IDE - README.md",true,false
18,11036,"Delima-AutoLogin - Antigravity IDE - README.md",true,false
18,11143,"Delima-AutoLogin - Antigravity IDE - README.md",true,false
18,11247,"Delima-AutoLogin - Antigravity IDE - README.md",true,false
18,11352,"Delima-AutoLogin - Antigravity IDE - README.md",true,false
18,11454,"Delima-AutoLogin - Antigravity IDE - README.md",true,false
18,11561,"Delima-AutoLogin - Antigravity IDE - README.md",true,false
18,11666,"Delima-AutoLogin - Antigravity IDE - README.md",true,false
18,11772,"Delima-AutoLogin - Antigravity IDE - README.md",true,false
18,11877,"Delima-AutoLogin - Antigravity IDE - README.md",true,false
18,11982,"Delima-AutoLogin - Antigravity IDE - README.md",true,false
18,12095,"Delima-AutoLogin - Antigravity IDE - README.md",true,false
18,12206,"Delima-AutoLogin - Antigravity IDE - README.md",true,false
18,12317,"Delima-AutoLogin - Antigravity IDE - README.md",true,false
18,12427,"Delima-AutoLogin - Antigravity IDE - README.md",true,false
18,12531,"Delima-AutoLogin - Antigravity IDE - README.md",true,false
18,12643,"Delima-AutoLogin - Antigravity IDE - README.md",true,false
18,12752,"Delima-AutoLogin - Antigravity IDE - README.md",true,false
18,12856,"Hi RAJA MUHAMMAD AZRIEN BIN RAJA AZAMAN SHAH - Google Chrome",true,true
18,12961,"Hi RAJA MUHAMMAD AZRIEN BIN RAJA AZAMAN SHAH - Google Chrome",true,true
18,13069,"Hi RAJA MUHAMMAD AZRIEN BIN RAJA AZAMAN SHAH - Google Chrome",true,true
18,13174,"Hi RAJA MUHAMMAD AZRIEN BIN RAJA AZAMAN SHAH - Google Chrome",true,true
18,13284,"Hi RAJA MUHAMMAD AZRIEN BIN RAJA AZAMAN SHAH - Google Chrome",true,true
18,13399,"Hi RAJA MUHAMMAD AZRIEN BIN RAJA AZAMAN SHAH - Google Chrome",true,true
18,13509,"Hi RAJA MUHAMMAD AZRIEN BIN RAJA AZAMAN SHAH - Google Chrome",true,true
18,13614,"Hi RAJA MUHAMMAD AZRIEN BIN RAJA AZAMAN SHAH - Google Chrome",true,true
18,13726,"Hi RAJA MUHAMMAD AZRIEN BIN RAJA AZAMAN SHAH - Google Chrome",true,true
18,13837,"Hi RAJA MUHAMMAD AZRIEN BIN RAJA AZAMAN SHAH - Google Chrome",true,true
18,13943,"Hi RAJA MUHAMMAD AZRIEN BIN RAJA AZAMAN SHAH - Google Chrome",true,true
18,14047,"Hi RAJA MUHAMMAD AZRIEN BIN RAJA AZAMAN SHAH - Google Chrome",true,true
18,14149,"Hi RAJA MUHAMMAD AZRIEN BIN RAJA AZAMAN SHAH - Google Chrome",true,true
18,14266,"",true,false
19,0,"Delima-AutoLogin - Antigravity IDE - README.md",true,false
19,116,"Delima-AutoLogin - Antigravity IDE - README.md",true,false
19,219,"Untitled - Google Chrome",true,false
19,365,"Untitled - Google Chrome",true,false
19,469,"Untitled - Google Chrome",true,false
19,576,"Untitled - Google Chrome",true,false
19,682,"Untitled - Google Chrome",true,false
19,801,"Untitled - Google Chrome",true,false
19,920,"Untitled - Google Chrome",true,false
19,1040,"Untitled - Google Chrome",true,false
19,1151,"Untitled - Google Chrome",true,false
19,1258,"Untitled - Google Chrome",true,false
19,1373,"Untitled - Google Chrome",true,false
19,1484,"Untitled - Google Chrome",true,false
19,1601,"Untitled - Google Chrome",true,false
19,1706,"Untitled - Google Chrome",true,false
19,1821,"Untitled - Google Chrome",true,false
19,1936,"Untitled - Google Chrome",true,false
19,2049,"Untitled - Google Chrome",true,false
19,2167,"Untitled - Google Chrome",true,false
19,2271,"Untitled - Google Chrome",true,false
19,2389,"Untitled - Google Chrome",true,false
19,2498,"Untitled - Google Chrome",true,false
19,2603,"Untitled - Google Chrome",true,false
19,2715,"Untitled - Google Chrome",true,false
19,2829,"Untitled - Google Chrome",true,false
19,2946,"Untitled - Google Chrome",true,false
19,3054,"Untitled - Google Chrome",true,false
19,3161,"Untitled - Google Chrome",true,false
19,3266,"Untitled - Google Chrome",true,false
19,3377,"Untitled - Google Chrome",true,false
19,3496,"Delima-AutoLogin - Antigravity IDE - README.md",true,false
20,0,"Delima-AutoLogin - Antigravity IDE - README.md",true,false
20,103,"Delima-AutoLogin - Antigravity IDE - README.md",true,false
20,212,"Untitled - Google Chrome",true,false
20,355,"Untitled - Google Chrome",true,false
20,469,"Untitled - Google Chrome",true,false
20,582,"DELIMa 3.0 Digital Educational Learning Initiative Malaysia - Google Chrome",true,false
20,684,"DELIMa 3.0 Digital Educational Learning Initiative Malaysia - Google Chrome",true,false
20,802,"DELIMa 3.0 Digital Educational Learning Initiative Malaysia - Google Chrome",true,false
20,915,"DELIMa 3.0 Digital Educational Learning Initiative Malaysia - Google Chrome",true,false
20,1031,"DELIMa 3.0 Digital Educational Learning Initiative Malaysia - Google Chrome",true,false
20,1140,"DELIMa 3.0 Digital Educational Learning Initiative Malaysia - Google Chrome",true,false
20,1253,"DELIMa 3.0 Digital Educational Learning Initiative Malaysia - Google Chrome",true,false
20,1365,"DELIMa 3.0 Digital Educational Learning Initiative Malaysia - Google Chrome",true,false
20,1470,"DELIMa 3.0 Digital Educational Learning Initiative Malaysia - Google Chrome",true,false
20,1581,"DELIMa 3.0 Digital Educational Learning Initiative Malaysia - Google Chrome",true,false
20,1694,"DELIMa 3.0 Digital Educational Learning Initiative Malaysia - Google Chrome",true,false
20,1803,"DELIMa 3.0 Digital Educational Learning Initiative Malaysia - Google Chrome",true,false
20,1907,"accounts.google.com/v3/signin/identifier?opparams=%253F&dsh=S1362534667%3A1787293671060247&client_id=950472034074-acj262jqk6trve8i4ndsudqeokvh5pef.apps.googleusercontent.com&o2v=2&redirect_uri=https%3A%2F%2Fd3.delima.edu.my%2Fauthentication%2Fcode&response_type=code&scope=openid+email+profile&service=lso&state=687a83de24999c4fda167244745e11a9&flowName=GeneralOAuthFlow&continue=https%3A%2F%2Faccounts.google.com%2Fsignin%2Foauth%2Fconsent%3Fauthuser%3Dunknown%26part%3DAJi8hANpqkw_jT2AK0pva9A2Rd_PEArFd-fBSHuVUJRit1kByfNbaXCypFoEetZ-A51v8Pk5y44U6BCIKodqRfOCdnW6CuODScZXh34X1nuNRsiXM8jafeCHWz9xkVVPXkRQkcqAgzAOmbLsTc7VLjMinvskS38T_w3LusI8OdVFBvMkdvlsilmecVXeg1ydbAt3YEvElnBlIfVmAZXPuM1v6-bBTtDKg7nTTXTrxIMoR5oR9UPHzC7RgqjLfYeRAtW4bcF3TVPz-iWDQdlbD00XkaUFSx_j3h_Okktg13u0ilxZ1x_jAG7FOL-wmErhj0GFfpGvZN9CU-oW6wBuVCJOOzZXtLrDGvr4Ap99VW3doz1uQ4O6BQWteEn6-VNsTLtSTm4cH-pCAL44uqKSJbL_0ZXm9xztJRfbUMw0sAttsCaJTeFM5pgAmNIoxURtbmYe0tAb8dNzBvamm0JmAV6RK9Ipa0vNzg%26flowName%3DGeneralOAuthFlow%26as%3DS1362534667%253A1787293671060247",true,false
20,2016,"accounts.google.com/v3/signin/identifier?opparams=%253F&dsh=S1362534667%3A1787293671060247&client_id=950472034074-acj262jqk6trve8i4ndsudqeokvh5pef.apps.googleusercontent.com&o2v=2&redirect_uri=https%3A%2F%2Fd3.delima.edu.my%2Fauthentication%2Fcode&response_type=code&scope=openid+email+profile&service=lso&state=687a83de24999c4fda167244745e11a9&flowName=GeneralOAuthFlow&continue=https%3A%2F%2Faccounts.google.com%2Fsignin%2Foauth%2Fconsent%3Fauthuser%3Dunknown%26part%3DAJi8hANpqkw_jT2AK0pva9A2Rd_PEArFd-fBSHuVUJRit1kByfNbaXCypFoEetZ-A51v8Pk5y44U6BCIKodqRfOCdnW6CuODScZXh34X1nuNRsiXM8jafeCHWz9xkVVPXkRQkcqAgzAOmbLsTc7VLjMinvskS38T_w3LusI8OdVFBvMkdvlsilmecVXeg1ydbAt3YEvElnBlIfVmAZXPuM1v6-bBTtDKg7nTTXTrxIMoR5oR9UPHzC7RgqjLfYeRAtW4bcF3TVPz-iWDQdlbD00XkaUFSx_j3h_Okktg13u0ilxZ1x_jAG7FOL-wmErhj0GFfpGvZN9CU-oW6wBuVCJOOzZXtLrDGvr4Ap99VW3doz1uQ4O6BQWteEn6-VNsTLtSTm4cH-pCAL44uqKSJbL_0ZXm9xztJRfbUMw0sAttsCaJTeFM5pgAmNIoxURtbmYe0tAb8dNzBvamm0JmAV6RK9Ipa0vNzg%26flowName%3DGeneralOAuthFlow%26as%3DS1362534667%253A1787293671060247",true,false
20,2132,"Sign in - Google Accounts - Google Chrome",true,false
20,2238,"Sign in - Google Accounts - Google Chrome",true,false
20,2485,"Sign in - Google Accounts - Google Chrome",true,false
20,2590,"Sign in - Google Accounts - Google Chrome",true,false
20,2695,"Sign in - Google Accounts - Google Chrome",true,false
20,2804,"Sign in - Google Accounts - Google Chrome",true,false
20,2906,"Sign in - Google Accounts - Google Chrome",true,false
20,3009,"Sign in - Google Accounts - Google Chrome",true,false
20,3114,"Sign in - Google Accounts - Google Chrome",true,false
20,3226,"Sign in - Google Accounts - Google Chrome",true,false
20,3341,"Sign in - Google Accounts - Google Chrome",true,false
20,3449,"Sign in - Google Accounts - Google Chrome",true,false
20,3566,"Sign in - Google Accounts - Google Chrome",true,false
20,3680,"Sign in - Google Accounts - Google Chrome",true,false
20,3785,"Sign in - Google Accounts - Google Chrome",true,false
20,3889,"Sign in - Google Accounts - Google Chrome",true,false
20,3995,"Sign in - Google Accounts - Google Chrome",true,false
20,4099,"Sign in - Google Accounts - Google Chrome",true,false
20,4206,"Sign in - Google Accounts - Google Chrome",true,false
20,4307,"Sign in - Google Accounts - Google Chrome",true,false
20,4420,"Sign in - Google Accounts - Google Chrome",true,false
20,4532,"Sign in - Google Accounts - Google Chrome",true,false
20,4643,"Sign in - Google Accounts - Google Chrome",true,false
20,4745,"Sign in - Google Accounts - Google Chrome",true,false
20,4861,"Sign in - Google Accounts - Google Chrome",true,false
20,4965,"Sign in - Google Accounts - Google Chrome",true,false
20,5068,"Sign in - Google Accounts - Google Chrome",true,false
20,5181,"Sign in - Google Accounts - Google Chrome",true,false
20,5285,"Sign in - Google Accounts - Google Chrome",true,false
20,5402,"Sign in - Google Accounts - Google Chrome",true,false
20,5511,"Hi RAJA MUHAMMAD AZRIEN BIN RAJA AZAMAN SHAH - Google Chrome",true,false
20,5615,"Hi RAJA MUHAMMAD AZRIEN BIN RAJA AZAMAN SHAH - Google Chrome",true,false
20,5731,"Hi RAJA MUHAMMAD AZRIEN BIN RAJA AZAMAN SHAH - Google Chrome",true,false
20,5844,"Hi RAJA MUHAMMAD AZRIEN BIN RAJA AZAMAN SHAH - Google Chrome",true,true
20,5948,"Hi RAJA MUHAMMAD AZRIEN BIN RAJA AZAMAN SHAH - Google Chrome",true,true
20,6060,"Hi RAJA MUHAMMAD AZRIEN BIN RAJA AZAMAN SHAH - Google Chrome",true,true
20,6165,"Hi RAJA MUHAMMAD AZRIEN BIN RAJA AZAMAN SHAH - Google Chrome",true,true
20,6270,"Hi RAJA MUHAMMAD AZRIEN BIN RAJA AZAMAN SHAH - Google Chrome",true,true
20,6379,"Hi RAJA MUHAMMAD AZRIEN BIN RAJA AZAMAN SHAH - Google Chrome",true,true
20,6486,"Hi RAJA MUHAMMAD AZRIEN BIN RAJA AZAMAN SHAH - Google Chrome",true,true
20,6595,"Hi RAJA MUHAMMAD AZRIEN BIN RAJA AZAMAN SHAH - Google Chrome",true,true
20,6700,"Hi RAJA MUHAMMAD AZRIEN BIN RAJA AZAMAN SHAH - Google Chrome",true,true
20,6811,"Hi RAJA MUHAMMAD AZRIEN BIN RAJA AZAMAN SHAH - Google Chrome",true,true
20,6914,"Hi RAJA MUHAMMAD AZRIEN BIN RAJA AZAMAN SHAH - Google Chrome",true,true
20,7018,"Hi RAJA MUHAMMAD AZRIEN BIN RAJA AZAMAN SHAH - Google Chrome",true,true
20,7129,"Hi RAJA MUHAMMAD AZRIEN BIN RAJA AZAMAN SHAH - Google Chrome",true,true
20,7235,"Hi RAJA MUHAMMAD AZRIEN BIN RAJA AZAMAN SHAH - Google Chrome",true,true
20,7348,"Hi RAJA MUHAMMAD AZRIEN BIN RAJA AZAMAN SHAH - Google Chrome",true,true
20,7457,"Hi RAJA MUHAMMAD AZRIEN BIN RAJA AZAMAN SHAH - Google Chrome",true,true
20,7561,"Hi RAJA MUHAMMAD AZRIEN BIN RAJA AZAMAN SHAH - Google Chrome",true,true
20,7671,"Hi RAJA MUHAMMAD AZRIEN BIN RAJA AZAMAN SHAH - Google Chrome",true,true
20,7785,"Hi RAJA MUHAMMAD AZRIEN BIN RAJA AZAMAN SHAH - Google Chrome",true,true
20,7900,"Hi RAJA MUHAMMAD AZRIEN BIN RAJA AZAMAN SHAH - Google Chrome",true,true
20,8003,"Hi RAJA MUHAMMAD AZRIEN BIN RAJA AZAMAN SHAH - Google Chrome",true,true
20,8115,"Hi RAJA MUHAMMAD AZRIEN BIN RAJA AZAMAN SHAH - Google Chrome",true,true
20,8217,"Hi RAJA MUHAMMAD AZRIEN BIN RAJA AZAMAN SHAH - Google Chrome",true,true
20,8320,"Hi RAJA MUHAMMAD AZRIEN BIN RAJA AZAMAN SHAH - Google Chrome",true,true
20,8424,"Hi RAJA MUHAMMAD AZRIEN BIN RAJA AZAMAN SHAH - Google Chrome",true,true
20,8535,"Hi RAJA MUHAMMAD AZRIEN BIN RAJA AZAMAN SHAH - Google Chrome",true,true
20,8637,"Hi RAJA MUHAMMAD AZRIEN BIN RAJA AZAMAN SHAH - Google Chrome",true,true
20,8741,"Hi RAJA MUHAMMAD AZRIEN BIN RAJA AZAMAN SHAH - Google Chrome",true,true
20,8845,"Hi RAJA MUHAMMAD AZRIEN BIN RAJA AZAMAN SHAH - Google Chrome",true,true
20,8952,"Hi RAJA MUHAMMAD AZRIEN BIN RAJA AZAMAN SHAH - Google Chrome",true,true
20,9054,"Hi RAJA MUHAMMAD AZRIEN BIN RAJA AZAMAN SHAH - Google Chrome",true,true
20,9169,"Hi RAJA MUHAMMAD AZRIEN BIN RAJA AZAMAN SHAH - Google Chrome",true,true
20,9285,"Hi RAJA MUHAMMAD AZRIEN BIN RAJA AZAMAN SHAH - Google Chrome",true,true
20,9391,"Hi RAJA MUHAMMAD AZRIEN BIN RAJA AZAMAN SHAH - Google Chrome",true,true
20,9504,"Hi RAJA MUHAMMAD AZRIEN BIN RAJA AZAMAN SHAH - Google Chrome",true,true
20,9611,"Hi RAJA MUHAMMAD AZRIEN BIN RAJA AZAMAN SHAH - Google Chrome",true,true
20,9724,"Hi RAJA MUHAMMAD AZRIEN BIN RAJA AZAMAN SHAH - Google Chrome",true,true
20,9840,"Hi RAJA MUHAMMAD AZRIEN BIN RAJA AZAMAN SHAH - Google Chrome",true,true
20,9945,"Hi RAJA MUHAMMAD AZRIEN BIN RAJA AZAMAN SHAH - Google Chrome",true,true
20,10060,"Hi RAJA MUHAMMAD AZRIEN BIN RAJA AZAMAN SHAH - Google Chrome",true,true
20,10165,"Hi RAJA MUHAMMAD AZRIEN BIN RAJA AZAMAN SHAH - Google Chrome",true,true
20,10281,"Hi RAJA MUHAMMAD AZRIEN BIN RAJA AZAMAN SHAH - Google Chrome",true,true
20,10384,"Hi RAJA MUHAMMAD AZRIEN BIN RAJA AZAMAN SHAH - Google Chrome",true,true
20,10491,"Hi RAJA MUHAMMAD AZRIEN BIN RAJA AZAMAN SHAH - Google Chrome",true,true
20,10605,"Hi RAJA MUHAMMAD AZRIEN BIN RAJA AZAMAN SHAH - Google Chrome",true,true
20,10709,"Hi RAJA MUHAMMAD AZRIEN BIN RAJA AZAMAN SHAH - Google Chrome",true,true
20,10821,"Hi RAJA MUHAMMAD AZRIEN BIN RAJA AZAMAN SHAH - Google Chrome",true,true
20,10936,"Hi RAJA MUHAMMAD AZRIEN BIN RAJA AZAMAN SHAH - Google Chrome",true,true
20,11040,"Hi RAJA MUHAMMAD AZRIEN BIN RAJA AZAMAN SHAH - Google Chrome",true,true
20,11144,"Hi RAJA MUHAMMAD AZRIEN BIN RAJA AZAMAN SHAH - Google Chrome",true,true
20,11248,"Hi RAJA MUHAMMAD AZRIEN BIN RAJA AZAMAN SHAH - Google Chrome",true,true
20,11354,"Hi RAJA MUHAMMAD AZRIEN BIN RAJA AZAMAN SHAH - Google Chrome",true,true
20,11460,"Hi RAJA MUHAMMAD AZRIEN BIN RAJA AZAMAN SHAH - Google Chrome",true,true
20,11567,"Hi RAJA MUHAMMAD AZRIEN BIN RAJA AZAMAN SHAH - Google Chrome",true,true
20,11677,"Hi RAJA MUHAMMAD AZRIEN BIN RAJA AZAMAN SHAH - Google Chrome",true,true
20,11781,"Hi RAJA MUHAMMAD AZRIEN BIN RAJA AZAMAN SHAH - Google Chrome",true,true
20,11886,"Hi RAJA MUHAMMAD AZRIEN BIN RAJA AZAMAN SHAH - Google Chrome",true,true
20,11990,"Hi RAJA MUHAMMAD AZRIEN BIN RAJA AZAMAN SHAH - Google Chrome",true,true
20,12096,"Hi RAJA MUHAMMAD AZRIEN BIN RAJA AZAMAN SHAH - Google Chrome",true,true
20,12210,"Hi RAJA MUHAMMAD AZRIEN BIN RAJA AZAMAN SHAH - Google Chrome",true,true
20,12314,"Hi RAJA MUHAMMAD AZRIEN BIN RAJA AZAMAN SHAH - Google Chrome",true,true
20,12419,"Hi RAJA MUHAMMAD AZRIEN BIN RAJA AZAMAN SHAH - Google Chrome",true,true
20,12524,"Hi RAJA MUHAMMAD AZRIEN BIN RAJA AZAMAN SHAH - Google Chrome",true,true
20,12629,"Hi RAJA MUHAMMAD AZRIEN BIN RAJA AZAMAN SHAH - Google Chrome",true,true
20,12739,"Hi RAJA MUHAMMAD AZRIEN BIN RAJA AZAMAN SHAH - Google Chrome",true,true
20,12841,"Hi RAJA MUHAMMAD AZRIEN BIN RAJA AZAMAN SHAH - Google Chrome",true,true
20,12950,"Hi RAJA MUHAMMAD AZRIEN BIN RAJA AZAMAN SHAH - Google Chrome",true,true
20,13061,"Hi RAJA MUHAMMAD AZRIEN BIN RAJA AZAMAN SHAH - Google Chrome",true,true
20,13168,"Hi RAJA MUHAMMAD AZRIEN BIN RAJA AZAMAN SHAH - Google Chrome",true,true
20,13281,"Hi RAJA MUHAMMAD AZRIEN BIN RAJA AZAMAN SHAH - Google Chrome",true,true
20,13393,"Hi RAJA MUHAMMAD AZRIEN BIN RAJA AZAMAN SHAH - Google Chrome",true,true
20,13505,"Hi RAJA MUHAMMAD AZRIEN BIN RAJA AZAMAN SHAH - Google Chrome",true,true
20,13608,"Hi RAJA MUHAMMAD AZRIEN BIN RAJA AZAMAN SHAH - Google Chrome",true,true
20,13716,"Hi RAJA MUHAMMAD AZRIEN BIN RAJA AZAMAN SHAH - Google Chrome",true,true
20,13819,"Hi RAJA MUHAMMAD AZRIEN BIN RAJA AZAMAN SHAH - Google Chrome",true,true
20,13929,"Hi RAJA MUHAMMAD AZRIEN BIN RAJA AZAMAN SHAH - Google Chrome",true,true
20,14035,"Hi RAJA MUHAMMAD AZRIEN BIN RAJA AZAMAN SHAH - Google Chrome",true,true
20,14145,"Hi RAJA MUHAMMAD AZRIEN BIN RAJA AZAMAN SHAH - Google Chrome",true,true
20,14251,"Hi RAJA MUHAMMAD AZRIEN BIN RAJA AZAMAN SHAH - Google Chrome",true,true
20,14353,"Hi RAJA MUHAMMAD AZRIEN BIN RAJA AZAMAN SHAH - Google Chrome",true,true
20,14461,"Hi RAJA MUHAMMAD AZRIEN BIN RAJA AZAMAN SHAH - Google Chrome",true,true
20,14569,"Hi RAJA MUHAMMAD AZRIEN BIN RAJA AZAMAN SHAH - Google Chrome",true,true
20,14673,"Hi RAJA MUHAMMAD AZRIEN BIN RAJA AZAMAN SHAH - Google Chrome",true,true
20,14775,"Hi RAJA MUHAMMAD AZRIEN BIN RAJA AZAMAN SHAH - Google Chrome",true,true
20,14890,"Hi RAJA MUHAMMAD AZRIEN BIN RAJA AZAMAN SHAH - Google Chrome",true,true
20,14995,"Hi RAJA MUHAMMAD AZRIEN BIN RAJA AZAMAN SHAH - Google Chrome",true,true
20,15111,"Hi RAJA MUHAMMAD AZRIEN BIN RAJA AZAMAN SHAH - Google Chrome",true,true
20,15216,"Hi RAJA MUHAMMAD AZRIEN BIN RAJA AZAMAN SHAH - Google Chrome",true,true
20,15320,"Hi RAJA MUHAMMAD AZRIEN BIN RAJA AZAMAN SHAH - Google Chrome",true,true
20,15424,"Hi RAJA MUHAMMAD AZRIEN BIN RAJA AZAMAN SHAH - Google Chrome",true,true
20,15530,"Hi RAJA MUHAMMAD AZRIEN BIN RAJA AZAMAN SHAH - Google Chrome",true,true
20,15634,"Hi RAJA MUHAMMAD AZRIEN BIN RAJA AZAMAN SHAH - Google Chrome",true,true
20,15740,"Hi RAJA MUHAMMAD AZRIEN BIN RAJA AZAMAN SHAH - Google Chrome",true,true
20,15844,"Hi RAJA MUHAMMAD AZRIEN BIN RAJA AZAMAN SHAH - Google Chrome",true,true
20,15956,"Hi RAJA MUHAMMAD AZRIEN BIN RAJA AZAMAN SHAH - Google Chrome",true,true
20,16064,"Hi RAJA MUHAMMAD AZRIEN BIN RAJA AZAMAN SHAH - Google Chrome",true,true
20,16170,"Hi RAJA MUHAMMAD AZRIEN BIN RAJA AZAMAN SHAH - Google Chrome",true,true
20,16284,"Hi RAJA MUHAMMAD AZRIEN BIN RAJA AZAMAN SHAH - Google Chrome",true,true
20,16394,"Hi RAJA MUHAMMAD AZRIEN BIN RAJA AZAMAN SHAH - Google Chrome",true,true
20,16496,"Hi RAJA MUHAMMAD AZRIEN BIN RAJA AZAMAN SHAH - Google Chrome",true,true
20,16608,"Hi RAJA MUHAMMAD AZRIEN BIN RAJA AZAMAN SHAH - Google Chrome",true,true
20,16712,"Hi RAJA MUHAMMAD AZRIEN BIN RAJA AZAMAN SHAH - Google Chrome",true,true
20,16825,"Hi RAJA MUHAMMAD AZRIEN BIN RAJA AZAMAN SHAH - Google Chrome",true,true
20,16937,"Hi RAJA MUHAMMAD AZRIEN BIN RAJA AZAMAN SHAH - Google Chrome",true,true
20,17041,"Hi RAJA MUHAMMAD AZRIEN BIN RAJA AZAMAN SHAH - Google Chrome",true,true
20,17146,"Hi RAJA MUHAMMAD AZRIEN BIN RAJA AZAMAN SHAH - Google Chrome",true,true
20,17250,"Hi RAJA MUHAMMAD AZRIEN BIN RAJA AZAMAN SHAH - Google Chrome",true,true
20,17354,"Hi RAJA MUHAMMAD AZRIEN BIN RAJA AZAMAN SHAH - Google Chrome",true,true
20,17467,"Hi RAJA MUHAMMAD AZRIEN BIN RAJA AZAMAN SHAH - Google Chrome",true,true
20,17571,"Hi RAJA MUHAMMAD AZRIEN BIN RAJA AZAMAN SHAH - Google Chrome",true,true
20,17680,"Hi RAJA MUHAMMAD AZRIEN BIN RAJA AZAMAN SHAH - Google Chrome",true,true
20,17785,"Hi RAJA MUHAMMAD AZRIEN BIN RAJA AZAMAN SHAH - Google Chrome",true,true
20,17890,"Hi RAJA MUHAMMAD AZRIEN BIN RAJA AZAMAN SHAH - Google Chrome",true,true
20,17998,"Hi RAJA MUHAMMAD AZRIEN BIN RAJA AZAMAN SHAH - Google Chrome",true,true
20,18100,"Hi RAJA MUHAMMAD AZRIEN BIN RAJA AZAMAN SHAH - Google Chrome",true,true
20,18204,"Hi RAJA MUHAMMAD AZRIEN BIN RAJA AZAMAN SHAH - Google Chrome",true,true
20,18314,"Hi RAJA MUHAMMAD AZRIEN BIN RAJA AZAMAN SHAH - Google Chrome",true,true
20,18424,"Hi RAJA MUHAMMAD AZRIEN BIN RAJA AZAMAN SHAH - Google Chrome",true,true
20,18532,"Hi RAJA MUHAMMAD AZRIEN BIN RAJA AZAMAN SHAH - Google Chrome",true,true
20,18636,"Hi RAJA MUHAMMAD AZRIEN BIN RAJA AZAMAN SHAH - Google Chrome",true,true
20,18744,"Hi RAJA MUHAMMAD AZRIEN BIN RAJA AZAMAN SHAH - Google Chrome",true,true
20,18857,"Hi RAJA MUHAMMAD AZRIEN BIN RAJA AZAMAN SHAH - Google Chrome",true,true
20,18960,"Hi RAJA MUHAMMAD AZRIEN BIN RAJA AZAMAN SHAH - Google Chrome",true,true
20,19070,"Hi RAJA MUHAMMAD AZRIEN BIN RAJA AZAMAN SHAH - Google Chrome",true,true
20,19177,"Hi RAJA MUHAMMAD AZRIEN BIN RAJA AZAMAN SHAH - Google Chrome",true,true
20,19280,"Hi RAJA MUHAMMAD AZRIEN BIN RAJA AZAMAN SHAH - Google Chrome",true,true
20,19383,"Hi RAJA MUHAMMAD AZRIEN BIN RAJA AZAMAN SHAH - Google Chrome",true,true
20,19491,"Hi RAJA MUHAMMAD AZRIEN BIN RAJA AZAMAN SHAH - Google Chrome",true,true
20,19594,"Hi RAJA MUHAMMAD AZRIEN BIN RAJA AZAMAN SHAH - Google Chrome",true,true
20,19702,"Hi RAJA MUHAMMAD AZRIEN BIN RAJA AZAMAN SHAH - Google Chrome",true,true
20,19816,"Hi RAJA MUHAMMAD AZRIEN BIN RAJA AZAMAN SHAH - Google Chrome",true,true
20,19930,"Hi RAJA MUHAMMAD AZRIEN BIN RAJA AZAMAN SHAH - Google Chrome",true,true
20,20040,"Hi RAJA MUHAMMAD AZRIEN BIN RAJA AZAMAN SHAH - Google Chrome",true,true
20,20157,"Hi RAJA MUHAMMAD AZRIEN BIN RAJA AZAMAN SHAH - Google Chrome",true,true
20,20260,"Hi RAJA MUHAMMAD AZRIEN BIN RAJA AZAMAN SHAH - Google Chrome",true,true
20,20366,"Hi RAJA MUHAMMAD AZRIEN BIN RAJA AZAMAN SHAH - Google Chrome",true,true
20,20470,"Hi RAJA MUHAMMAD AZRIEN BIN RAJA AZAMAN SHAH - Google Chrome",true,true
20,20580,"Hi RAJA MUHAMMAD AZRIEN BIN RAJA AZAMAN SHAH - Google Chrome",true,true
20,20691,"Hi RAJA MUHAMMAD AZRIEN BIN RAJA AZAMAN SHAH - Google Chrome",true,true
20,20794,"Hi RAJA MUHAMMAD AZRIEN BIN RAJA AZAMAN SHAH - Google Chrome",true,true
20,20900,"Hi RAJA MUHAMMAD AZRIEN BIN RAJA AZAMAN SHAH - Google Chrome",true,true
20,21010,"Hi RAJA MUHAMMAD AZRIEN BIN RAJA AZAMAN SHAH - Google Chrome",true,true
20,21113,"Hi RAJA MUHAMMAD AZRIEN BIN RAJA AZAMAN SHAH - Google Chrome",true,true
20,21223,"Hi RAJA MUHAMMAD AZRIEN BIN RAJA AZAMAN SHAH - Google Chrome",true,true
20,21328,"Hi RAJA MUHAMMAD AZRIEN BIN RAJA AZAMAN SHAH - Google Chrome",true,true
20,21435,"Hi RAJA MUHAMMAD AZRIEN BIN RAJA AZAMAN SHAH - Google Chrome",true,true
20,21541,"Hi RAJA MUHAMMAD AZRIEN BIN RAJA AZAMAN SHAH - Google Chrome",true,true
20,21644,"Hi RAJA MUHAMMAD AZRIEN BIN RAJA AZAMAN SHAH - Google Chrome",true,true
20,21745,"Hi RAJA MUHAMMAD AZRIEN BIN RAJA AZAMAN SHAH - Google Chrome",true,true
20,21861,"Hi RAJA MUHAMMAD AZRIEN BIN RAJA AZAMAN SHAH - Google Chrome",true,true
20,21966,"Hi RAJA MUHAMMAD AZRIEN BIN RAJA AZAMAN SHAH - Google Chrome",true,true
20,22070,"Hi RAJA MUHAMMAD AZRIEN BIN RAJA AZAMAN SHAH - Google Chrome",true,true
20,22173,"Hi RAJA MUHAMMAD AZRIEN BIN RAJA AZAMAN SHAH - Google Chrome",true,true
20,22293,"Hi RAJA MUHAMMAD AZRIEN BIN RAJA AZAMAN SHAH - Google Chrome",true,true
20,22405,"Hi RAJA MUHAMMAD AZRIEN BIN RAJA AZAMAN SHAH - Google Chrome",true,true
20,22518,"Hi RAJA MUHAMMAD AZRIEN BIN RAJA AZAMAN SHAH - Google Chrome",true,true
20,22631,"Hi RAJA MUHAMMAD AZRIEN BIN RAJA AZAMAN SHAH - Google Chrome",true,true
20,22742,"Hi RAJA MUHAMMAD AZRIEN BIN RAJA AZAMAN SHAH - Google Chrome",true,true
20,22855,"Hi RAJA MUHAMMAD AZRIEN BIN RAJA AZAMAN SHAH - Google Chrome",true,true
20,22969,"Delima-AutoLogin - Antigravity IDE - README.md",true,false
21,0,"Delima-AutoLogin - Antigravity IDE - README.md",true,false
21,105,"Delima-AutoLogin - Antigravity IDE - README.md",true,false
21,213,"Untitled - Google Chrome",true,false
21,352,"Untitled - Google Chrome",true,false
21,470,"Untitled - Google Chrome",true,false
21,584,"DELIMa 3.0 Digital Educational Learning Initiative Malaysia - Google Chrome",true,false
21,689,"DELIMa 3.0 Digital Educational Learning Initiative Malaysia - Google Chrome",true,false
21,793,"DELIMa 3.0 Digital Educational Learning Initiative Malaysia - Google Chrome",true,false
21,905,"DELIMa 3.0 Digital Educational Learning Initiative Malaysia - Google Chrome",true,false
21,1017,"DELIMa 3.0 Digital Educational Learning Initiative Malaysia - Google Chrome",true,false
21,1125,"DELIMa 3.0 Digital Educational Learning Initiative Malaysia - Google Chrome",true,false
21,1226,"DELIMa 3.0 Digital Educational Learning Initiative Malaysia - Google Chrome",true,false
21,1338,"DELIMa 3.0 Digital Educational Learning Initiative Malaysia - Google Chrome",true,false
21,1446,"DELIMa 3.0 Digital Educational Learning Initiative Malaysia - Google Chrome",true,false
21,1561,"DELIMa 3.0 Digital Educational Learning Initiative Malaysia - Google Chrome",true,false
21,1674,"DELIMa 3.0 Digital Educational Learning Initiative Malaysia - Google Chrome",true,false
21,1777,"DELIMa 3.0 Digital Educational Learning Initiative Malaysia - Google Chrome",true,false
21,1885,"DELIMa 3.0 Digital Educational Learning Initiative Malaysia - Google Chrome",true,false
21,1996,"DELIMa 3.0 Digital Educational Learning Initiative Malaysia - Google Chrome",true,false
21,2109,"DELIMa 3.0 Digital Educational Learning Initiative Malaysia - Google Chrome",true,false
21,2222,"Translate this page?",true,false
21,2325,"Translate this page?",true,false
21,2430,"Translate this page?",true,false
21,2547,"DELIMa 3.0 Digital Educational Learning Initiative Malaysia - Google Chrome",true,false
21,2659,"DELIMa 3.0 Digital Educational Learning Initiative Malaysia - Google Chrome",true,false
21,2771,"DELIMa 3.0 Digital Educational Learning Initiative Malaysia - Google Chrome",true,false
21,2901,"Sign in - Google Accounts - Google Chrome",true,false
21,3003,"Sign in - Google Accounts - Google Chrome",true,false
21,3110,"Sign in - Google Accounts - Google Chrome",true,false
21,3445,"Sign in - Google Accounts - Google Chrome",true,false
21,3549,"Sign in - Google Accounts - Google Chrome",true,false
21,3660,"Sign in - Google Accounts - Google Chrome",true,false
21,3773,"Sign in - Google Accounts - Google Chrome",true,false
21,3886,"Sign in - Google Accounts - Google Chrome",true,false
21,3999,"Sign in - Google Accounts - Google Chrome",true,false
21,4108,"Sign in - Google Accounts - Google Chrome",true,false
21,4216,"Sign in - Google Accounts - Google Chrome",true,false
21,4319,"Sign in - Google Accounts - Google Chrome",true,false
21,4425,"Sign in - Google Accounts - Google Chrome",true,false
21,4534,"Sign in - Google Accounts - Google Chrome",true,false
21,4647,"Sign in - Google Accounts - Google Chrome",true,false
21,4750,"Sign in - Google Accounts - Google Chrome",true,false
21,4859,"Sign in - Google Accounts - Google Chrome",true,false
21,4963,"Sign in - Google Accounts - Google Chrome",true,false
21,5066,"Sign in - Google Accounts - Google Chrome",true,false
21,5171,"Sign in - Google Accounts - Google Chrome",true,false
21,5284,"Sign in - Google Accounts - Google Chrome",true,false
21,5389,"Sign in - Google Accounts - Google Chrome",true,false
21,5497,"Sign in - Google Accounts - Google Chrome",true,false
21,5610,"Sign in - Google Accounts - Google Chrome",true,false
21,5725,"Sign in - Google Accounts - Google Chrome",true,false
21,5834,"Sign in - Google Accounts - Google Chrome",true,false
21,5938,"Sign in - Google Accounts - Google Chrome",true,false
21,6043,"Sign in - Google Accounts - Google Chrome",true,false
21,6158,"Sign in - Google Accounts - Google Chrome",true,false
21,6261,"Sign in - Google Accounts - Google Chrome",true,false
21,6375,"Hi RAJA MUHAMMAD AZRIEN BIN RAJA AZAMAN SHAH - Google Chrome",true,false
21,6477,"Hi RAJA MUHAMMAD AZRIEN BIN RAJA AZAMAN SHAH - Google Chrome",true,false
21,6580,"Hi RAJA MUHAMMAD AZRIEN BIN RAJA AZAMAN SHAH - Google Chrome",true,false
21,6684,"Hi RAJA MUHAMMAD AZRIEN BIN RAJA AZAMAN SHAH - Google Chrome",true,true
21,6795,"Hi RAJA MUHAMMAD AZRIEN BIN RAJA AZAMAN SHAH - Google Chrome",true,true
21,6903,"Hi RAJA MUHAMMAD AZRIEN BIN RAJA AZAMAN SHAH - Google Chrome",true,true
21,7012,"Hi RAJA MUHAMMAD AZRIEN BIN RAJA AZAMAN SHAH - Google Chrome",true,true
21,7126,"Delima-AutoLogin - Antigravity IDE - README.md",true,false
22,0,"Delima-AutoLogin - Antigravity IDE - README.md",true,false
22,103,"Delima-AutoLogin - Antigravity IDE - README.md",true,false
22,209,"Untitled - Google Chrome",true,false
22,355,"Untitled - Google Chrome",true,false
22,460,"Untitled - Google Chrome",true,false
22,565,"DELIMa 3.0 Digital Educational Learning Initiative Malaysia - Google Chrome",true,false
22,666,"DELIMa 3.0 Digital Educational Learning Initiative Malaysia - Google Chrome",true,false
22,779,"DELIMa 3.0 Digital Educational Learning Initiative Malaysia - Google Chrome",true,false
22,881,"DELIMa 3.0 Digital Educational Learning Initiative Malaysia - Google Chrome",true,false
22,991,"DELIMa 3.0 Digital Educational Learning Initiative Malaysia - Google Chrome",true,false
22,1098,"DELIMa 3.0 Digital Educational Learning Initiative Malaysia - Google Chrome",true,false
22,1210,"DELIMa 3.0 Digital Educational Learning Initiative Malaysia - Google Chrome",true,false
22,1321,"DELIMa 3.0 Digital Educational Learning Initiative Malaysia - Google Chrome",true,false
22,1430,"DELIMa 3.0 Digital Educational Learning Initiative Malaysia - Google Chrome",true,false
22,1544,"Translate this page?",true,false
22,1648,"Translate this page?",true,false
22,1752,"Translate this page?",true,false
22,1868,"Translate this page?",true,false
22,1973,"Translate this page?",true,false
22,2083,"Translate this page?",true,false
22,2195,"Translate this page?",true,false
22,2299,"Translate this page?",true,false
22,2403,"DELIMa 3.0 Digital Educational Learning Initiative Malaysia - Google Chrome",true,false
22,2510,"DELIMa 3.0 Digital Educational Learning Initiative Malaysia - Google Chrome",true,false
22,2616,"DELIMa 3.0 Digital Educational Learning Initiative Malaysia - Google Chrome",true,false
22,2720,"accounts.google.com/v3/signin/identifier?opparams=%253F&dsh=S-717758196%3A1787293703707522&client_id=950472034074-acj262jqk6trve8i4ndsudqeokvh5pef.apps.googleusercontent.com&o2v=2&redirect_uri=https%3A%2F%2Fd3.delima.edu.my%2Fauthentication%2Fcode&response_type=code&scope=openid+email+profile&service=lso&state=d9cc4b08becf8a7ada041ad86265e27c&flowName=GeneralOAuthFlow&continue=https%3A%2F%2Faccounts.google.com%2Fsignin%2Foauth%2Fconsent%3Fauthuser%3Dunknown%26part%3DAJi8hANEcknwzFUNGpENLLH6Ek1PnLq_WBH5ypRlrcRVqFzyviqn9MlODCDAaqxcPMna3jPe_zT0dZAuEYUYi_sNVG6EsIa1XkVSRTi4HBN8z-lwm8ZnNSQn7MRy2oYIInayK_0FFgvzmYqnHVaUeqlFY1gRlF24f2UAaL8JJOR0Wv--AqIti7S0USNweMAWgm7FZcuib6ejnGZI034I4RX_ZLeq50kXGA7KsUE3tl8lE2QhkE55-wJdWdXhK0k2p8PeUrxsmmiE8oFBBQMtnUjeEtQdNbjrWlUemYPM7hz-XT3AVtE5lwpOCyVzVqFF9Sgn_KMHKKat0iGxITyiw7Mou1jXs7OH8MTtvXsPyLJF-T4EwrpPNN6wGT3U1R4fE4up1VGS9cIwvvQRrG2bQopH_COIR-k8PXh19fEfDRp4Lp3QGPJULZzaYmKHQJ4WzoGbJ88rHA6IdajL8IOPtrZh12fQJs6Vow%26flowName%3DGeneralOAuthFlow%26as%3DS-717758196%253A1787293703707522",true,false
22,2835,"accounts.google.com/v3/signin/identifier?opparams=%253F&dsh=S-717758196%3A1787293703707522&client_id=950472034074-acj262jqk6trve8i4ndsudqeokvh5pef.apps.googleusercontent.com&o2v=2&redirect_uri=https%3A%2F%2Fd3.delima.edu.my%2Fauthentication%2Fcode&response_type=code&scope=openid+email+profile&service=lso&state=d9cc4b08becf8a7ada041ad86265e27c&flowName=GeneralOAuthFlow&continue=https%3A%2F%2Faccounts.google.com%2Fsignin%2Foauth%2Fconsent%3Fauthuser%3Dunknown%26part%3DAJi8hANEcknwzFUNGpENLLH6Ek1PnLq_WBH5ypRlrcRVqFzyviqn9MlODCDAaqxcPMna3jPe_zT0dZAuEYUYi_sNVG6EsIa1XkVSRTi4HBN8z-lwm8ZnNSQn7MRy2oYIInayK_0FFgvzmYqnHVaUeqlFY1gRlF24f2UAaL8JJOR0Wv--AqIti7S0USNweMAWgm7FZcuib6ejnGZI034I4RX_ZLeq50kXGA7KsUE3tl8lE2QhkE55-wJdWdXhK0k2p8PeUrxsmmiE8oFBBQMtnUjeEtQdNbjrWlUemYPM7hz-XT3AVtE5lwpOCyVzVqFF9Sgn_KMHKKat0iGxITyiw7Mou1jXs7OH8MTtvXsPyLJF-T4EwrpPNN6wGT3U1R4fE4up1VGS9cIwvvQRrG2bQopH_COIR-k8PXh19fEfDRp4Lp3QGPJULZzaYmKHQJ4WzoGbJ88rHA6IdajL8IOPtrZh12fQJs6Vow%26flowName%3DGeneralOAuthFlow%26as%3DS-717758196%253A1787293703707522",true,false
22,2951,"Sign in - Google Accounts - Google Chrome",true,false
22,3054,"Sign in - Google Accounts - Google Chrome",true,false
22,3307,"Sign in - Google Accounts - Google Chrome",true,false
22,3414,"Sign in - Google Accounts - Google Chrome",true,false
22,3530,"Sign in - Google Accounts - Google Chrome",true,false
22,3640,"Sign in - Google Accounts - Google Chrome",true,false
22,3743,"Sign in - Google Accounts - Google Chrome",true,false
22,3847,"Sign in - Google Accounts - Google Chrome",true,false
22,3949,"Sign in - Google Accounts - Google Chrome",true,false
22,4053,"Sign in - Google Accounts - Google Chrome",true,false
22,4161,"Sign in - Google Accounts - Google Chrome",true,false
22,4267,"Sign in - Google Accounts - Google Chrome",true,false
22,4372,"Sign in - Google Accounts - Google Chrome",true,false
22,4478,"Sign in - Google Accounts - Google Chrome",true,false
22,4580,"Sign in - Google Accounts - Google Chrome",true,false
22,4684,"Sign in - Google Accounts - Google Chrome",true,false
22,4788,"Sign in - Google Accounts - Google Chrome",true,false
22,4898,"Sign in - Google Accounts - Google Chrome",true,false
22,5013,"Sign in - Google Accounts - Google Chrome",true,false
22,5127,"Sign in - Google Accounts - Google Chrome",true,false
22,5234,"Sign in - Google Accounts - Google Chrome",true,false
22,5338,"Sign in - Google Accounts - Google Chrome",true,false
22,5445,"Sign in - Google Accounts - Google Chrome",true,false
22,5548,"Sign in - Google Accounts - Google Chrome",true,false
22,5653,"Sign in - Google Accounts - Google Chrome",true,false
22,5766,"Sign in - Google Accounts - Google Chrome",true,false
22,5878,"Sign in - Google Accounts - Google Chrome",true,false
22,5989,"Sign in - Google Accounts - Google Chrome",true,false
22,6103,"Sign in - Google Accounts - Google Chrome",true,false
22,6209,"Sign in - Google Accounts - Google Chrome",true,false
22,6314,"Sign in - Google Accounts - Google Chrome",true,false
22,6426,"Hi RAJA MUHAMMAD AZRIEN BIN RAJA AZAMAN SHAH - Google Chrome",true,false
22,6530,"Hi RAJA MUHAMMAD AZRIEN BIN RAJA AZAMAN SHAH - Google Chrome",true,false
22,6635,"Hi RAJA MUHAMMAD AZRIEN BIN RAJA AZAMAN SHAH - Google Chrome",true,false
22,6737,"Hi RAJA MUHAMMAD AZRIEN BIN RAJA AZAMAN SHAH - Google Chrome",true,true
22,6844,"Hi RAJA MUHAMMAD AZRIEN BIN RAJA AZAMAN SHAH - Google Chrome",true,true
22,6948,"Hi RAJA MUHAMMAD AZRIEN BIN RAJA AZAMAN SHAH - Google Chrome",true,true
22,7056,"Hi RAJA MUHAMMAD AZRIEN BIN RAJA AZAMAN SHAH - Google Chrome",true,true
22,7165,"Hi RAJA MUHAMMAD AZRIEN BIN RAJA AZAMAN SHAH - Google Chrome",true,true
22,7271,"Hi RAJA MUHAMMAD AZRIEN BIN RAJA AZAMAN SHAH - Google Chrome",true,true
22,7380,"Hi RAJA MUHAMMAD AZRIEN BIN RAJA AZAMAN SHAH - Google Chrome",true,true
22,7486,"Hi RAJA MUHAMMAD AZRIEN BIN RAJA AZAMAN SHAH - Google Chrome",true,true
22,7594,"Hi RAJA MUHAMMAD AZRIEN BIN RAJA AZAMAN SHAH - Google Chrome",true,true
22,7702,"Hi RAJA MUHAMMAD AZRIEN BIN RAJA AZAMAN SHAH - Google Chrome",true,true
22,7818,"Delima-AutoLogin - Antigravity IDE - README.md",true,false
23,0,"Delima-AutoLogin - Antigravity IDE - README.md",true,false
23,106,"Delima-AutoLogin - Antigravity IDE - README.md",true,false
23,209,"Untitled - Google Chrome",true,false
23,349,"Untitled - Google Chrome",true,false
23,464,"Untitled - Google Chrome",true,false
23,580,"DELIMa 3.0 Digital Educational Learning Initiative Malaysia - Google Chrome",true,false
23,684,"DELIMa 3.0 Digital Educational Learning Initiative Malaysia - Google Chrome",true,false
23,795,"DELIMa 3.0 Digital Educational Learning Initiative Malaysia - Google Chrome",true,false
23,907,"DELIMa 3.0 Digital Educational Learning Initiative Malaysia - Google Chrome",true,false
23,1009,"DELIMa 3.0 Digital Educational Learning Initiative Malaysia - Google Chrome",true,false
23,1123,"DELIMa 3.0 Digital Educational Learning Initiative Malaysia - Google Chrome",true,false
23,1235,"DELIMa 3.0 Digital Educational Learning Initiative Malaysia - Google Chrome",true,false
23,1344,"DELIMa 3.0 Digital Educational Learning Initiative Malaysia - Google Chrome",true,false
23,1458,"DELIMa 3.0 Digital Educational Learning Initiative Malaysia - Google Chrome",true,false
23,1571,"DELIMa 3.0 Digital Educational Learning Initiative Malaysia - Google Chrome",true,false
23,1676,"Translate this page?",true,false
23,1781,"Translate this page?",true,false
23,1895,"Translate this page?",true,false
23,2009,"DELIMa 3.0 Digital Educational Learning Initiative Malaysia - Google Chrome",true,false
23,2121,"DELIMa 3.0 Digital Educational Learning Initiative Malaysia - Google Chrome",true,false
23,2234,"DELIMa 3.0 Digital Educational Learning Initiative Malaysia - Google Chrome",true,false
23,2348,"DELIMa 3.0 Digital Educational Learning Initiative Malaysia - Google Chrome",true,false
23,2451,"DELIMa 3.0 Digital Educational Learning Initiative Malaysia - Google Chrome",true,false
23,2560,"DELIMa 3.0 Digital Educational Learning Initiative Malaysia - Google Chrome",true,false
23,2668,"DELIMa 3.0 Digital Educational Learning Initiative Malaysia - Google Chrome",true,false
23,2770,"DELIMa 3.0 Digital Educational Learning Initiative Malaysia - Google Chrome",true,false
23,2884,"DELIMa 3.0 Digital Educational Learning Initiative Malaysia - Google Chrome",true,false
23,3001,"DELIMa 3.0 Digital Educational Learning Initiative Malaysia - Google Chrome",true,false
23,3105,"DELIMa 3.0 Digital Educational Learning Initiative Malaysia - Google Chrome",true,false
23,3222,"DELIMa 3.0 Digital Educational Learning Initiative Malaysia - Google Chrome",true,false
23,3330,"DELIMa 3.0 Digital Educational Learning Initiative Malaysia - Google Chrome",true,false
23,3434,"DELIMa 3.0 Digital Educational Learning Initiative Malaysia - Google Chrome",true,false
23,3549,"DELIMa 3.0 Digital Educational Learning Initiative Malaysia - Google Chrome",true,false
23,3661,"DELIMa 3.0 Digital Educational Learning Initiative Malaysia - Google Chrome",true,false
23,3763,"DELIMa 3.0 Digital Educational Learning Initiative Malaysia - Google Chrome",true,false
23,3876,"DELIMa 3.0 Digital Educational Learning Initiative Malaysia - Google Chrome",true,false
23,3985,"DELIMa 3.0 Digital Educational Learning Initiative Malaysia - Google Chrome",true,false
23,4088,"DELIMa 3.0 Digital Educational Learning Initiative Malaysia - Google Chrome",true,false
23,4201,"DELIMa 3.0 Digital Educational Learning Initiative Malaysia - Google Chrome",true,false
23,4305,"DELIMa 3.0 Digital Educational Learning Initiative Malaysia - Google Chrome",true,false
23,4411,"DELIMa 3.0 Digital Educational Learning Initiative Malaysia - Google Chrome",true,false
23,4516,"DELIMa 3.0 Digital Educational Learning Initiative Malaysia - Google Chrome",true,false
23,4621,"DELIMa 3.0 Digital Educational Learning Initiative Malaysia - Google Chrome",true,false
23,4725,"DELIMa 3.0 Digital Educational Learning Initiative Malaysia - Google Chrome",true,false
23,4838,"DELIMa 3.0 Digital Educational Learning Initiative Malaysia - Google Chrome",true,false
23,4946,"DELIMa 3.0 Digital Educational Learning Initiative Malaysia - Google Chrome",true,false
23,5060,"DELIMa 3.0 Digital Educational Learning Initiative Malaysia - Google Chrome",true,false
23,5165,"DELIMa 3.0 Digital Educational Learning Initiative Malaysia - Google Chrome",true,false
23,5276,"DELIMa 3.0 Digital Educational Learning Initiative Malaysia - Google Chrome",true,false
23,5389,"DELIMa 3.0 Digital Educational Learning Initiative Malaysia - Google Chrome",true,false
23,5494,"DELIMa 3.0 Digital Educational Learning Initiative Malaysia - Google Chrome",true,false
23,5605,"DELIMa 3.0 Digital Educational Learning Initiative Malaysia - Google Chrome",true,false
23,5726,"DELIMa 3.0 Digital Educational Learning Initiative Malaysia - Google Chrome",true,false
23,5841,"DELIMa 3.0 Digital Educational Learning Initiative Malaysia - Google Chrome",true,false
23,5947,"DELIMa 3.0 Digital Educational Learning Initiative Malaysia - Google Chrome",true,false
23,6060,"DELIMa 3.0 Digital Educational Learning Initiative Malaysia - Google Chrome",true,false
23,6175,"DELIMa 3.0 Digital Educational Learning Initiative Malaysia - Google Chrome",true,false
23,6281,"DELIMa 3.0 Digital Educational Learning Initiative Malaysia - Google Chrome",true,false
23,6392,"DELIMa 3.0 Digital Educational Learning Initiative Malaysia - Google Chrome",true,false
23,6500,"DELIMa 3.0 Digital Educational Learning Initiative Malaysia - Google Chrome",true,false
23,6605,"DELIMa 3.0 Digital Educational Learning Initiative Malaysia - Google Chrome",true,false
23,6715,"DELIMa 3.0 Digital Educational Learning Initiative Malaysia - Google Chrome",true,false
23,6818,"DELIMa 3.0 Digital Educational Learning Initiative Malaysia - Google Chrome",true,false
23,6922,"DELIMa 3.0 Digital Educational Learning Initiative Malaysia - Google Chrome",true,false
23,7030,"DELIMa 3.0 Digital Educational Learning Initiative Malaysia - Google Chrome",true,false
23,7136,"DELIMa 3.0 Digital Educational Learning Initiative Malaysia - Google Chrome",true,false
23,7240,"DELIMa 3.0 Digital Educational Learning Initiative Malaysia - Google Chrome",true,false
23,7346,"DELIMa 3.0 Digital Educational Learning Initiative Malaysia - Google Chrome",true,false
23,7460,"DELIMa 3.0 Digital Educational Learning Initiative Malaysia - Google Chrome",true,false
23,7562,"DELIMa 3.0 Digital Educational Learning Initiative Malaysia - Google Chrome",true,false
23,7664,"DELIMa 3.0 Digital Educational Learning Initiative Malaysia - Google Chrome",true,false
23,7776,"DELIMa 3.0 Digital Educational Learning Initiative Malaysia - Google Chrome",true,false
23,7884,"DELIMa 3.0 Digital Educational Learning Initiative Malaysia - Google Chrome",true,false
23,7988,"DELIMa 3.0 Digital Educational Learning Initiative Malaysia - Google Chrome",true,false
23,8099,"DELIMa 3.0 Digital Educational Learning Initiative Malaysia - Google Chrome",true,false
23,8215,"DELIMa 3.0 Digital Educational Learning Initiative Malaysia - Google Chrome",true,false
23,8324,"DELIMa 3.0 Digital Educational Learning Initiative Malaysia - Google Chrome",true,false
23,8440,"DELIMa 3.0 Digital Educational Learning Initiative Malaysia - Google Chrome",true,false
23,8545,"DELIMa 3.0 Digital Educational Learning Initiative Malaysia - Google Chrome",true,false
23,8647,"DELIMa 3.0 Digital Educational Learning Initiative Malaysia - Google Chrome",true,false
23,8755,"DELIMa 3.0 Digital Educational Learning Initiative Malaysia - Google Chrome",true,false
23,8861,"DELIMa 3.0 Digital Educational Learning Initiative Malaysia - Google Chrome",true,false
23,8967,"DELIMa 3.0 Digital Educational Learning Initiative Malaysia - Google Chrome",true,false
23,9080,"DELIMa 3.0 Digital Educational Learning Initiative Malaysia - Google Chrome",true,false
23,9195,"DELIMa 3.0 Digital Educational Learning Initiative Malaysia - Google Chrome",true,false
23,9300,"DELIMa 3.0 Digital Educational Learning Initiative Malaysia - Google Chrome",true,false
23,9409,"DELIMa 3.0 Digital Educational Learning Initiative Malaysia - Google Chrome",true,false
23,9511,"DELIMa 3.0 Digital Educational Learning Initiative Malaysia - Google Chrome",true,false
23,9615,"DELIMa 3.0 Digital Educational Learning Initiative Malaysia - Google Chrome",true,false
23,9723,"DELIMa 3.0 Digital Educational Learning Initiative Malaysia - Google Chrome",true,false
23,9838,"DELIMa 3.0 Digital Educational Learning Initiative Malaysia - Google Chrome",true,false
23,9955,"DELIMa 3.0 Digital Educational Learning Initiative Malaysia - Google Chrome",true,false
23,10067,"DELIMa 3.0 Digital Educational Learning Initiative Malaysia - Google Chrome",true,false
23,10173,"Delima-AutoLogin - Antigravity IDE - README.md",true,false
24,0,"Delima-AutoLogin - Antigravity IDE - README.md",true,false
24,102,"Delima-AutoLogin - Antigravity IDE - README.md",true,false
24,219,"Untitled - Google Chrome",true,false
24,366,"Untitled - Google Chrome",true,false
24,481,"Untitled - Google Chrome",true,false
24,598,"DELIMa 3.0 Digital Educational Learning Initiative Malaysia - Google Chrome",true,false
24,711,"DELIMa 3.0 Digital Educational Learning Initiative Malaysia - Google Chrome",true,false
24,825,"DELIMa 3.0 Digital Educational Learning Initiative Malaysia - Google Chrome",true,false
24,931,"DELIMa 3.0 Digital Educational Learning Initiative Malaysia - Google Chrome",true,false
24,1040,"DELIMa 3.0 Digital Educational Learning Initiative Malaysia - Google Chrome",true,false
24,1154,"DELIMa 3.0 Digital Educational Learning Initiative Malaysia - Google Chrome",true,false
24,1263,"DELIMa 3.0 Digital Educational Learning Initiative Malaysia - Google Chrome",true,false
24,1369,"DELIMa 3.0 Digital Educational Learning Initiative Malaysia - Google Chrome",true,false
24,1483,"DELIMa 3.0 Digital Educational Learning Initiative Malaysia - Google Chrome",true,false
24,1595,"DELIMa 3.0 Digital Educational Learning Initiative Malaysia - Google Chrome",true,false
24,1708,"DELIMa 3.0 Digital Educational Learning Initiative Malaysia - Google Chrome",true,false
24,1817,"Translate this page?",true,false
24,1920,"Translate this page?",true,false
24,2024,"Translate this page?",true,false
24,2137,"DELIMa 3.0 Digital Educational Learning Initiative Malaysia - Google Chrome",true,false
24,2251,"DELIMa 3.0 Digital Educational Learning Initiative Malaysia - Google Chrome",true,false
24,2365,"DELIMa 3.0 Digital Educational Learning Initiative Malaysia - Google Chrome",true,false
24,2471,"accounts.google.com/v3/signin/identifier?opparams=%253F&dsh=S-451802488%3A1787293723207511&client_id=950472034074-acj262jqk6trve8i4ndsudqeokvh5pef.apps.googleusercontent.com&o2v=2&redirect_uri=https%3A%2F%2Fd3.delima.edu.my%2Fauthentication%2Fcode&response_type=code&scope=openid+email+profile&service=lso&state=4ed8649f2e0a0e169719c33c88ef0e36&flowName=GeneralOAuthFlow&continue=https%3A%2F%2Faccounts.google.com%2Fsignin%2Foauth%2Fconsent%3Fauthuser%3Dunknown%26part%3DAJi8hAPJE62QaJ-5ewI5AS-B_gs_78CkpQg1kn7w47fHicITuwst6vc3kRhJZy4TUqnFmionxmNDbVOcyH4nrSRVuszvdLB2nuNNfSd-RO91P6b5r0gsBn7jM955zOXWIgospE1oug-D1uk1_Tp3hp3gXalcpZJ2E8Kne6wO2AJbgYWjVQHUocDNK7_K7HtStPfnOiMXtxkKRh9tB-tYBlBbnlleRtOfblPw9CNcH1AAEFiN6RoXjQNODEIjHvQfT3oh4k8sDtZQUJh_9Dyqm1ojmojpO_DwuYbDuJb4sJB-5UJ8lJ80Dv5o-IV3X-sFfuX-Vp15cNRU5YEgHIjSDKNvsidcyLfglgUxRwPQSesvnGphatTh-obgRaQ3h-Jvni7a5YrUCt0CFpmmgNmH1uVMe4p4gPEsAwyuIvLeR0EYpaIPypQdyegcfAHMoxUMVsehguY4r4foApvs6Zm20w0mr8VwON8pPQ%26flowName%3DGeneralOAuthFlow%26as%3DS-451802488%253A1787293723207511",true,false
24,2580,"accounts.google.com/v3/signin/identifier?opparams=%253F&dsh=S-451802488%3A1787293723207511&client_id=950472034074-acj262jqk6trve8i4ndsudqeokvh5pef.apps.googleusercontent.com&o2v=2&redirect_uri=https%3A%2F%2Fd3.delima.edu.my%2Fauthentication%2Fcode&response_type=code&scope=openid+email+profile&service=lso&state=4ed8649f2e0a0e169719c33c88ef0e36&flowName=GeneralOAuthFlow&continue=https%3A%2F%2Faccounts.google.com%2Fsignin%2Foauth%2Fconsent%3Fauthuser%3Dunknown%26part%3DAJi8hAPJE62QaJ-5ewI5AS-B_gs_78CkpQg1kn7w47fHicITuwst6vc3kRhJZy4TUqnFmionxmNDbVOcyH4nrSRVuszvdLB2nuNNfSd-RO91P6b5r0gsBn7jM955zOXWIgospE1oug-D1uk1_Tp3hp3gXalcpZJ2E8Kne6wO2AJbgYWjVQHUocDNK7_K7HtStPfnOiMXtxkKRh9tB-tYBlBbnlleRtOfblPw9CNcH1AAEFiN6RoXjQNODEIjHvQfT3oh4k8sDtZQUJh_9Dyqm1ojmojpO_DwuYbDuJb4sJB-5UJ8lJ80Dv5o-IV3X-sFfuX-Vp15cNRU5YEgHIjSDKNvsidcyLfglgUxRwPQSesvnGphatTh-obgRaQ3h-Jvni7a5YrUCt0CFpmmgNmH1uVMe4p4gPEsAwyuIvLeR0EYpaIPypQdyegcfAHMoxUMVsehguY4r4foApvs6Zm20w0mr8VwON8pPQ%26flowName%3DGeneralOAuthFlow%26as%3DS-451802488%253A1787293723207511",true,false
24,2682,"Sign in - Google Accounts - Google Chrome",true,false
24,2785,"Sign in - Google Accounts - Google Chrome",true,false
24,3125,"Sign in - Google Accounts - Google Chrome",true,false
24,3232,"Sign in - Google Accounts - Google Chrome",true,false
24,3348,"Sign in - Google Accounts - Google Chrome",true,false
24,3459,"Sign in - Google Accounts - Google Chrome",true,false
24,3562,"Sign in - Google Accounts - Google Chrome",true,false
24,3675,"Sign in - Google Accounts - Google Chrome",true,false
24,3790,"Sign in - Google Accounts - Google Chrome",true,false
24,3897,"Sign in - Google Accounts - Google Chrome",true,false
24,4000,"Sign in - Google Accounts - Google Chrome",true,false
24,4105,"Sign in - Google Accounts - Google Chrome",true,false
24,4210,"Sign in - Google Accounts - Google Chrome",true,false
24,4313,"Sign in - Google Accounts - Google Chrome",true,false
24,4415,"Sign in - Google Accounts - Google Chrome",true,false
24,4525,"Sign in - Google Accounts - Google Chrome",true,false
24,4630,"Sign in - Google Accounts - Google Chrome",true,false
24,4731,"Sign in - Google Accounts - Google Chrome",true,false
24,4834,"Sign in - Google Accounts - Google Chrome",true,false
24,4938,"Sign in - Google Accounts - Google Chrome",true,false
24,5053,"Sign in - Google Accounts - Google Chrome",true,false
24,5160,"Sign in - Google Accounts - Google Chrome",true,false
24,5275,"Sign in - Google Accounts - Google Chrome",true,false
24,5384,"Sign in - Google Accounts - Google Chrome",true,false
24,5491,"Sign in - Google Accounts - Google Chrome",true,false
24,5603,"Sign in - Google Accounts - Google Chrome",true,false
24,5713,"Sign in - Google Accounts - Google Chrome",true,false
24,5820,"Sign in - Google Accounts - Google Chrome",true,false
24,5923,"Sign in - Google Accounts - Google Chrome",true,false
24,6030,"Sign in - Google Accounts - Google Chrome",true,false
24,6134,"Sign in - Google Accounts - Google Chrome",true,false
24,6240,"Sign in - Google Accounts - Google Chrome",true,false
24,6342,"Hi RAJA MUHAMMAD AZRIEN BIN RAJA AZAMAN SHAH - Google Chrome",true,true
24,6588,"Hi RAJA MUHAMMAD AZRIEN BIN RAJA AZAMAN SHAH - Google Chrome",true,true
24,6690,"Hi RAJA MUHAMMAD AZRIEN BIN RAJA AZAMAN SHAH - Google Chrome",true,true
24,6798,"Hi RAJA MUHAMMAD AZRIEN BIN RAJA AZAMAN SHAH - Google Chrome",true,true
24,6903,"Hi RAJA MUHAMMAD AZRIEN BIN RAJA AZAMAN SHAH - Google Chrome",true,true
24,7011,"Hi RAJA MUHAMMAD AZRIEN BIN RAJA AZAMAN SHAH - Google Chrome",false,
25,0,"Delima-AutoLogin - Antigravity IDE - README.md",true,false
25,115,"Delima-AutoLogin - Antigravity IDE - README.md",true,false
25,226,"Untitled - Google Chrome",true,false
25,354,"Untitled - Google Chrome",true,false
25,459,"Untitled - Google Chrome",true,false
25,564,"Untitled - Google Chrome",true,false
25,666,"DELIMa 3.0 Digital Educational Learning Initiative Malaysia - Google Chrome",true,false
25,780,"DELIMa 3.0 Digital Educational Learning Initiative Malaysia - Google Chrome",true,false
25,893,"DELIMa 3.0 Digital Educational Learning Initiative Malaysia - Google Chrome",true,false
25,996,"DELIMa 3.0 Digital Educational Learning Initiative Malaysia - Google Chrome",true,false
25,1104,"DELIMa 3.0 Digital Educational Learning Initiative Malaysia - Google Chrome",true,false
25,1208,"DELIMa 3.0 Digital Educational Learning Initiative Malaysia - Google Chrome",true,false
25,1313,"DELIMa 3.0 Digital Educational Learning Initiative Malaysia - Google Chrome",true,false
25,1416,"DELIMa 3.0 Digital Educational Learning Initiative Malaysia - Google Chrome",true,false
25,1525,"DELIMa 3.0 Digital Educational Learning Initiative Malaysia - Google Chrome",true,false
25,1641,"DELIMa 3.0 Digital Educational Learning Initiative Malaysia - Google Chrome",true,false
25,1754,"DELIMa 3.0 Digital Educational Learning Initiative Malaysia - Google Chrome",true,false
25,1859,"DELIMa 3.0 Digital Educational Learning Initiative Malaysia - Google Chrome",true,false
25,1963,"Translate this page?",true,false
25,2067,"Translate this page?",true,false
25,2171,"Translate this page?",true,false
25,2282,"DELIMa 3.0 Digital Educational Learning Initiative Malaysia - Google Chrome",true,false
25,2398,"DELIMa 3.0 Digital Educational Learning Initiative Malaysia - Google Chrome",true,false
25,2505,"DELIMa 3.0 Digital Educational Learning Initiative Malaysia - Google Chrome",true,false
25,2612,"DELIMa 3.0 Digital Educational Learning Initiative Malaysia - Google Chrome",true,false
25,2726,"DELIMa 3.0 Digital Educational Learning Initiative Malaysia - Google Chrome",true,false
25,2830,"DELIMa 3.0 Digital Educational Learning Initiative Malaysia - Google Chrome",true,false
25,2933,"DELIMa 3.0 Digital Educational Learning Initiative Malaysia - Google Chrome",true,false
25,3037,"accounts.google.com/v3/signin/identifier?opparams=%253F&dsh=S237462387%3A1787293731722902&client_id=950472034074-acj262jqk6trve8i4ndsudqeokvh5pef.apps.googleusercontent.com&o2v=2&redirect_uri=https%3A%2F%2Fd3.delima.edu.my%2Fauthentication%2Fcode&response_type=code&scope=openid+email+profile&service=lso&state=7ce06f208f6e79bf0a1784cf0636729c&flowName=GeneralOAuthFlow&continue=https%3A%2F%2Faccounts.google.com%2Fsignin%2Foauth%2Fconsent%3Fauthuser%3Dunknown%26part%3DAJi8hANSj684_CX5QYFyi4Tucu45l32ryeny3uYACmGhRGYLdgzkPBMg-Ln3P-yz6PoZ37PqlEIGNlbfjw-G-uBN2aRQpGArojkrPROGzES3mlEW_F00vMnLV73gZ9GVJrbv2PEquJq5snfyg5o7psaK_mAI091Puro0XBt4WSdu34N_Wh1MSoYe7XOA-TN3R0bvTODViAqPbWMKCKQ2FDPRltjT3iE731drLt-U9gOh6fRa9Ozp46T4LNvDqZ10bfs_1IT-eNgqbhxChzisfFHowt84bcv7Qa4qwWP9JpP7HHJixgfwAuebf6D9CuNWIV_SxfWbeHfO6vOiz6u-ELm_cVEPC-9UCiIvALNCbelU2LpvV08zc10L4-5LGpXUpXsGDXXTi2xhdbIZIHcVBuFkqYs0VohYsrHQaSRAryRYatQE-el1CljTJLFPSIimXHT9lyE00creRDMLyMxJwGl_bhITtmJKIA%26flowName%3DGeneralOAuthFlow%26as%3DS237462387%253A1787293731722902%2",true,false
25,3139,"accounts.google.com/v3/signin/identifier?opparams=%253F&dsh=S237462387%3A1787293731722902&client_id=950472034074-acj262jqk6trve8i4ndsudqeokvh5pef.apps.googleusercontent.com&o2v=2&redirect_uri=https%3A%2F%2Fd3.delima.edu.my%2Fauthentication%2Fcode&response_type=code&scope=openid+email+profile&service=lso&state=7ce06f208f6e79bf0a1784cf0636729c&flowName=GeneralOAuthFlow&continue=https%3A%2F%2Faccounts.google.com%2Fsignin%2Foauth%2Fconsent%3Fauthuser%3Dunknown%26part%3DAJi8hANSj684_CX5QYFyi4Tucu45l32ryeny3uYACmGhRGYLdgzkPBMg-Ln3P-yz6PoZ37PqlEIGNlbfjw-G-uBN2aRQpGArojkrPROGzES3mlEW_F00vMnLV73gZ9GVJrbv2PEquJq5snfyg5o7psaK_mAI091Puro0XBt4WSdu34N_Wh1MSoYe7XOA-TN3R0bvTODViAqPbWMKCKQ2FDPRltjT3iE731drLt-U9gOh6fRa9Ozp46T4LNvDqZ10bfs_1IT-eNgqbhxChzisfFHowt84bcv7Qa4qwWP9JpP7HHJixgfwAuebf6D9CuNWIV_SxfWbeHfO6vOiz6u-ELm_cVEPC-9UCiIvALNCbelU2LpvV08zc10L4-5LGpXUpXsGDXXTi2xhdbIZIHcVBuFkqYs0VohYsrHQaSRAryRYatQE-el1CljTJLFPSIimXHT9lyE00creRDMLyMxJwGl_bhITtmJKIA%26flowName%3DGeneralOAuthFlow%26as%3DS237462387%253A1787293731722902%2",true,false
25,3241,"Sign in - Google Accounts - Google Chrome",true,false
25,3349,"Sign in - Google Accounts - Google Chrome",true,false
25,3612,"Sign in - Google Accounts - Google Chrome",true,false
25,3721,"Sign in - Google Accounts - Google Chrome",true,false
25,3825,"Sign in - Google Accounts - Google Chrome",true,false
25,3929,"Sign in - Google Accounts - Google Chrome",true,false
25,4033,"Sign in - Google Accounts - Google Chrome",true,false
25,4145,"Sign in - Google Accounts - Google Chrome",true,false
25,4252,"Sign in - Google Accounts - Google Chrome",true,false
25,4361,"Sign in - Google Accounts - Google Chrome",true,false
25,4466,"Sign in - Google Accounts - Google Chrome",true,false
25,4576,"Sign in - Google Accounts - Google Chrome",true,false
25,4686,"Sign in - Google Accounts - Google Chrome",true,false
25,4800,"Sign in - Google Accounts - Google Chrome",true,false
25,4904,"Sign in - Google Accounts - Google Chrome",true,false
25,5012,"Sign in - Google Accounts - Google Chrome",true,false
25,5126,"Sign in - Google Accounts - Google Chrome",true,false
25,5228,"Sign in - Google Accounts - Google Chrome",true,false
25,5333,"Sign in - Google Accounts - Google Chrome",true,false
25,5440,"Sign in - Google Accounts - Google Chrome",true,false
25,5550,"Sign in - Google Accounts - Google Chrome",true,false
25,5655,"Sign in - Google Accounts - Google Chrome",true,false
25,5762,"Sign in - Google Accounts - Google Chrome",true,false
25,5870,"Sign in - Google Accounts - Google Chrome",true,false
25,5975,"Sign in - Google Accounts - Google Chrome",true,false
25,6082,"Sign in - Google Accounts - Google Chrome",true,false
25,6187,"Sign in - Google Accounts - Google Chrome",true,false
25,6302,"Sign in - Google Accounts - Google Chrome",true,false
25,6415,"Sign in - Google Accounts - Google Chrome",true,false
25,6520,"Sign in - Google Accounts - Google Chrome",true,false
25,6627,"Sign in - Google Accounts - Google Chrome",true,false
25,6731,"Sign in - Google Accounts - Google Chrome",true,false
25,6897,"Hi RAJA MUHAMMAD AZRIEN BIN RAJA AZAMAN SHAH - Google Chrome",true,false
25,7011,"Hi RAJA MUHAMMAD AZRIEN BIN RAJA AZAMAN SHAH - Google Chrome",true,true
25,7126,"Hi RAJA MUHAMMAD AZRIEN BIN RAJA AZAMAN SHAH - Google Chrome",true,true
25,7228,"Hi RAJA MUHAMMAD AZRIEN BIN RAJA AZAMAN SHAH - Google Chrome",true,true
25,7339,"Hi RAJA MUHAMMAD AZRIEN BIN RAJA AZAMAN SHAH - Google Chrome",true,true
25,7445,"Hi RAJA MUHAMMAD AZRIEN BIN RAJA AZAMAN SHAH - Google Chrome",true,true
25,7556,"Hi RAJA MUHAMMAD AZRIEN BIN RAJA AZAMAN SHAH - Google Chrome",true,true
25,7666,"Delima-AutoLogin - Antigravity IDE - README.md",true,false
26,0,"Delima-AutoLogin - Antigravity IDE - README.md",true,false
26,107,"Delima-AutoLogin - Antigravity IDE - README.md",true,false
26,218,"Untitled - Google Chrome",true,false
26,365,"Untitled - Google Chrome",true,false
26,479,"Untitled - Google Chrome",true,false
26,587,"DELIMa 3.0 Digital Educational Learning Initiative Malaysia - Google Chrome",true,false
26,696,"DELIMa 3.0 Digital Educational Learning Initiative Malaysia - Google Chrome",true,false
26,811,"DELIMa 3.0 Digital Educational Learning Initiative Malaysia - Google Chrome",true,false
26,918,"DELIMa 3.0 Digital Educational Learning Initiative Malaysia - Google Chrome",true,false
26,1030,"DELIMa 3.0 Digital Educational Learning Initiative Malaysia - Google Chrome",true,false
26,1142,"DELIMa 3.0 Digital Educational Learning Initiative Malaysia - Google Chrome",true,false
26,1255,"DELIMa 3.0 Digital Educational Learning Initiative Malaysia - Google Chrome",true,false
26,1360,"DELIMa 3.0 Digital Educational Learning Initiative Malaysia - Google Chrome",true,false
26,1475,"Translate this page?",true,false
26,1579,"Translate this page?",true,false
26,1692,"Translate this page?",true,false
26,1797,"Translate this page?",true,false
26,1910,"DELIMa 3.0 Digital Educational Learning Initiative Malaysia - Google Chrome",true,false
26,2025,"DELIMa 3.0 Digital Educational Learning Initiative Malaysia - Google Chrome",true,false
26,2128,"DELIMa 3.0 Digital Educational Learning Initiative Malaysia - Google Chrome",true,false
26,2234,"DELIMa 3.0 Digital Educational Learning Initiative Malaysia - Google Chrome",true,false
26,2341,"DELIMa 3.0 Digital Educational Learning Initiative Malaysia - Google Chrome",true,false
26,2443,"DELIMa 3.0 Digital Educational Learning Initiative Malaysia - Google Chrome",true,false
26,2555,"DELIMa 3.0 Digital Educational Learning Initiative Malaysia - Google Chrome",true,false
26,2664,"DELIMa 3.0 Digital Educational Learning Initiative Malaysia - Google Chrome",true,false
26,2776,"DELIMa 3.0 Digital Educational Learning Initiative Malaysia - Google Chrome",true,false
26,2888,"DELIMa 3.0 Digital Educational Learning Initiative Malaysia - Google Chrome",true,false
26,2991,"DELIMa 3.0 Digital Educational Learning Initiative Malaysia - Google Chrome",true,false
26,3096,"DELIMa 3.0 Digital Educational Learning Initiative Malaysia - Google Chrome",true,false
26,3200,"DELIMa 3.0 Digital Educational Learning Initiative Malaysia - Google Chrome",true,false
26,3310,"DELIMa 3.0 Digital Educational Learning Initiative Malaysia - Google Chrome",true,false
26,3415,"Sign in - Google Accounts - Google Chrome",true,false
26,3517,"Sign in - Google Accounts - Google Chrome",true,false
26,3796,"Sign in - Google Accounts - Google Chrome",true,false
26,3912,"Sign in - Google Accounts - Google Chrome",true,false
26,4016,"Sign in - Google Accounts - Google Chrome",true,false
26,4124,"Sign in - Google Accounts - Google Chrome",true,false
26,4231,"Sign in - Google Accounts - Google Chrome",true,false
26,4334,"Sign in - Google Accounts - Google Chrome",true,false
26,4439,"Sign in - Google Accounts - Google Chrome",true,false
26,4543,"Sign in - Google Accounts - Google Chrome",true,false
26,4645,"Sign in - Google Accounts - Google Chrome",true,false
26,4754,"Sign in - Google Accounts - Google Chrome",true,false
26,4864,"Sign in - Google Accounts - Google Chrome",true,false
26,4980,"Sign in - Google Accounts - Google Chrome",true,false
26,5084,"Sign in - Google Accounts - Google Chrome",true,false
26,5197,"Sign in - Google Accounts - Google Chrome",true,false
26,5300,"Sign in - Google Accounts - Google Chrome",true,false
26,5405,"Sign in - Google Accounts - Google Chrome",true,false
26,5511,"Sign in - Google Accounts - Google Chrome",true,false
26,5625,"Sign in - Google Accounts - Google Chrome",true,false
26,5731,"Sign in - Google Accounts - Google Chrome",true,false
26,5846,"Sign in - Google Accounts - Google Chrome",true,false
26,5949,"Sign in - Google Accounts - Google Chrome",true,false
26,6065,"Sign in - Google Accounts - Google Chrome",true,false
26,6179,"Hi RAJA MUHAMMAD AZRIEN BIN RAJA AZAMAN SHAH - Google Chrome",true,false
26,6281,"Hi RAJA MUHAMMAD AZRIEN BIN RAJA AZAMAN SHAH - Google Chrome",true,false
26,6396,"Hi RAJA MUHAMMAD AZRIEN BIN RAJA AZAMAN SHAH - Google Chrome",true,false
26,6498,"Hi RAJA MUHAMMAD AZRIEN BIN RAJA AZAMAN SHAH - Google Chrome",true,true
26,6605,"Hi RAJA MUHAMMAD AZRIEN BIN RAJA AZAMAN SHAH - Google Chrome",true,true
26,6721,"Hi RAJA MUHAMMAD AZRIEN BIN RAJA AZAMAN SHAH - Google Chrome",true,true
26,6939,"Delima-AutoLogin - Antigravity IDE - README.md",true,false
26,7050,"Delima-AutoLogin - Antigravity IDE - README.md",true,false
27,0,"Delima-AutoLogin - Antigravity IDE - README.md",true,false
27,102,"Delima-AutoLogin - Antigravity IDE - README.md",true,false
27,219,"Untitled - Google Chrome",true,false
27,345,"Untitled - Google Chrome",true,false
27,464,"Untitled - Google Chrome",true,false
27,578,"DELIMa 3.0 Digital Educational Learning Initiative Malaysia - Google Chrome",true,false
27,693,"DELIMa 3.0 Digital Educational Learning Initiative Malaysia - Google Chrome",true,false
27,798,"DELIMa 3.0 Digital Educational Learning Initiative Malaysia - Google Chrome",true,false
27,910,"DELIMa 3.0 Digital Educational Learning Initiative Malaysia - Google Chrome",true,false
27,1016,"DELIMa 3.0 Digital Educational Learning Initiative Malaysia - Google Chrome",true,false
27,1124,"DELIMa 3.0 Digital Educational Learning Initiative Malaysia - Google Chrome",true,false
27,1232,"DELIMa 3.0 Digital Educational Learning Initiative Malaysia - Google Chrome",false,
28,0,"Delima-AutoLogin - Antigravity IDE - README.md",true,false
28,104,"Delima-AutoLogin - Antigravity IDE - README.md",true,false
28,211,"Untitled - Google Chrome",true,false
28,347,"Untitled - Google Chrome",true,false
28,461,"Untitled - Google Chrome",true,false
28,567,"DELIMa 3.0 Digital Educational Learning Initiative Malaysia - Google Chrome",true,false
28,681,"DELIMa 3.0 Digital Educational Learning Initiative Malaysia - Google Chrome",true,false
28,787,"DELIMa 3.0 Digital Educational Learning Initiative Malaysia - Google Chrome",true,false
28,892,"Delima-AutoLogin - Antigravity IDE - README.md",true,false
29,0,"Delima-AutoLogin - Antigravity IDE - README.md",true,false
29,108,"Delima-AutoLogin - Antigravity IDE - README.md",true,false
29,211,"Untitled - Google Chrome",true,false
29,344,"Untitled - Google Chrome",true,false
29,460,"Untitled - Google Chrome",true,false
29,576,"DELIMa 3.0 Digital Educational Learning Initiative Malaysia - Google Chrome",true,false
29,691,"DELIMa 3.0 Digital Educational Learning Initiative Malaysia - Google Chrome",true,false
29,796,"DELIMa 3.0 Digital Educational Learning Initiative Malaysia - Google Chrome",true,false
29,899,"DELIMa 3.0 Digital Educational Learning Initiative Malaysia - Google Chrome",true,false
29,1002,"DELIMa 3.0 Digital Educational Learning Initiative Malaysia - Google Chrome",true,false
29,1110,"DELIMa 3.0 Digital Educational Learning Initiative Malaysia - Google Chrome",true,false
29,1218,"DELIMa 3.0 Digital Educational Learning Initiative Malaysia - Google Chrome",true,false
29,1329,"DELIMa 3.0 Digital Educational Learning Initiative Malaysia - Google Chrome",true,false
29,1443,"DELIMa 3.0 Digital Educational Learning Initiative Malaysia - Google Chrome",true,false
29,1551,"DELIMa 3.0 Digital Educational Learning Initiative Malaysia - Google Chrome",true,false
29,1655,"DELIMa 3.0 Digital Educational Learning Initiative Malaysia - Google Chrome",true,false
29,1766,"DELIMa 3.0 Digital Educational Learning Initiative Malaysia - Google Chrome",true,false
29,1879,"Delima-AutoLogin - Antigravity IDE - README.md",true,false
30,0,"Delima-AutoLogin - Antigravity IDE - README.md",true,false
30,115,"Delima-AutoLogin - Antigravity IDE - README.md",true,false
30,224,"Untitled - Google Chrome",true,false
30,350,"Untitled - Google Chrome",true,false
30,465,"Untitled - Google Chrome",true,false
30,572,"Untitled - Google Chrome",true,false
30,687,"DELIMa 3.0 Digital Educational Learning Initiative Malaysia - Google Chrome",true,false
30,803,"DELIMa 3.0 Digital Educational Learning Initiative Malaysia - Google Chrome",true,false
30,907,"DELIMa 3.0 Digital Educational Learning Initiative Malaysia - Google Chrome",true,false
30,1021,"DELIMa 3.0 Digital Educational Learning Initiative Malaysia - Google Chrome",true,false
30,1125,"DELIMa 3.0 Digital Educational Learning Initiative Malaysia - Google Chrome",true,false
30,1229,"DELIMa 3.0 Digital Educational Learning Initiative Malaysia - Google Chrome",true,false
30,1333,"DELIMa 3.0 Digital Educational Learning Initiative Malaysia - Google Chrome",true,false
30,1446,"DELIMa 3.0 Digital Educational Learning Initiative Malaysia - Google Chrome",true,false
30,1561,"DELIMa 3.0 Digital Educational Learning Initiative Malaysia - Google Chrome",true,false
30,1674,"DELIMa 3.0 Digital Educational Learning Initiative Malaysia - Google Chrome",true,false
30,1787,"DELIMa 3.0 Digital Educational Learning Initiative Malaysia - Google Chrome",true,false
30,1890,"DELIMa 3.0 Digital Educational Learning Initiative Malaysia - Google Chrome",true,false
30,1999,"DELIMa 3.0 Digital Educational Learning Initiative Malaysia - Google Chrome",true,false
30,2108,"DELIMa 3.0 Digital Educational Learning Initiative Malaysia - Google Chrome",true,false
30,2221,"DELIMa 3.0 Digital Educational Learning Initiative Malaysia - Google Chrome",true,false
30,2333,"DELIMa 3.0 Digital Educational Learning Initiative Malaysia - Google Chrome",true,false
30,2439,"DELIMa 3.0 Digital Educational Learning Initiative Malaysia - Google Chrome",true,false
30,2545,"DELIMa 3.0 Digital Educational Learning Initiative Malaysia - Google Chrome",true,false
30,2657,"DELIMa 3.0 Digital Educational Learning Initiative Malaysia - Google Chrome",true,false
30,2771,"DELIMa 3.0 Digital Educational Learning Initiative Malaysia - Google Chrome",true,false
30,2879,"DELIMa 3.0 Digital Educational Learning Initiative Malaysia - Google Chrome",true,false
30,2995,"DELIMa 3.0 Digital Educational Learning Initiative Malaysia - Google Chrome",true,false
30,3106,"DELIMa 3.0 Digital Educational Learning Initiative Malaysia - Google Chrome",true,false
30,3211,"DELIMa 3.0 Digital Educational Learning Initiative Malaysia - Google Chrome",true,false
30,3316,"DELIMa 3.0 Digital Educational Learning Initiative Malaysia - Google Chrome",true,false
30,3423,"DELIMa 3.0 Digital Educational Learning Initiative Malaysia - Google Chrome",true,false
30,3524,"DELIMa 3.0 Digital Educational Learning Initiative Malaysia - Google Chrome",true,false
30,3636,"DELIMa 3.0 Digital Educational Learning Initiative Malaysia - Google Chrome",true,false
30,3749,"DELIMa 3.0 Digital Educational Learning Initiative Malaysia - Google Chrome",true,false
30,3866,"DELIMa 3.0 Digital Educational Learning Initiative Malaysia - Google Chrome",true,false
30,3979,"DELIMa 3.0 Digital Educational Learning Initiative Malaysia - Google Chrome",true,false
30,4091,"DELIMa 3.0 Digital Educational Learning Initiative Malaysia - Google Chrome",true,false
30,4203,"DELIMa 3.0 Digital Educational Learning Initiative Malaysia - Google Chrome",true,false
30,4316,"DELIMa 3.0 Digital Educational Learning Initiative Malaysia - Google Chrome",true,false
30,4423,"DELIMa 3.0 Digital Educational Learning Initiative Malaysia - Google Chrome",true,false
30,4532,"DELIMa 3.0 Digital Educational Learning Initiative Malaysia - Google Chrome",true,false
30,4636,"DELIMa 3.0 Digital Educational Learning Initiative Malaysia - Google Chrome",true,false
30,4751,"DELIMa 3.0 Digital Educational Learning Initiative Malaysia - Google Chrome",true,false
30,4854,"DELIMa 3.0 Digital Educational Learning Initiative Malaysia - Google Chrome",true,false
30,4962,"DELIMa 3.0 Digital Educational Learning Initiative Malaysia - Google Chrome",true,false
30,5066,"DELIMa 3.0 Digital Educational Learning Initiative Malaysia - Google Chrome",true,false
30,5171,"DELIMa 3.0 Digital Educational Learning Initiative Malaysia - Google Chrome",true,false
30,5275,"DELIMa 3.0 Digital Educational Learning Initiative Malaysia - Google Chrome",true,false
30,5379,"DELIMa 3.0 Digital Educational Learning Initiative Malaysia - Google Chrome",true,false
30,5486,"DELIMa 3.0 Digital Educational Learning Initiative Malaysia - Google Chrome",true,false
30,5598,"DELIMa 3.0 Digital Educational Learning Initiative Malaysia - Google Chrome",true,false
30,5711,"DELIMa 3.0 Digital Educational Learning Initiative Malaysia - Google Chrome",true,false
30,5821,"DELIMa 3.0 Digital Educational Learning Initiative Malaysia - Google Chrome",true,false
30,5925,"DELIMa 3.0 Digital Educational Learning Initiative Malaysia - Google Chrome",true,false
30,6029,"DELIMa 3.0 Digital Educational Learning Initiative Malaysia - Google Chrome",true,false
30,6132,"DELIMa 3.0 Digital Educational Learning Initiative Malaysia - Google Chrome",true,false
30,6246,"DELIMa 3.0 Digital Educational Learning Initiative Malaysia - Google Chrome",true,false
30,6351,"DELIMa 3.0 Digital Educational Learning Initiative Malaysia - Google Chrome",true,false
30,6467,"DELIMa 3.0 Digital Educational Learning Initiative Malaysia - Google Chrome",true,false
30,6570,"DELIMa 3.0 Digital Educational Learning Initiative Malaysia - Google Chrome",true,false
30,6687,"Translate this page?",true,false
30,6799,"Translate this page?",true,false
30,6913,"DELIMa 3.0 Digital Educational Learning Initiative Malaysia - Google Chrome",true,false
30,7016,"DELIMa 3.0 Digital Educational Learning Initiative Malaysia - Google Chrome",true,false
30,7124,"DELIMa 3.0 Digital Educational Learning Initiative Malaysia - Google Chrome",true,false
30,7233,"DELIMa 3.0 Digital Educational Learning Initiative Malaysia - Google Chrome",true,false
30,7340,"DELIMa 3.0 Digital Educational Learning Initiative Malaysia - Google Chrome",true,false
30,7449,"DELIMa 3.0 Digital Educational Learning Initiative Malaysia - Google Chrome",true,false
30,7551,"DELIMa 3.0 Digital Educational Learning Initiative Malaysia - Google Chrome",true,false
30,7657,"DELIMa 3.0 Digital Educational Learning Initiative Malaysia - Google Chrome",true,false
30,7762,"DELIMa 3.0 Digital Educational Learning Initiative Malaysia - Google Chrome",true,false
30,7866,"DELIMa 3.0 Digital Educational Learning Initiative Malaysia - Google Chrome",true,false
30,7978,"DELIMa 3.0 Digital Educational Learning Initiative Malaysia - Google Chrome",true,false
30,8083,"DELIMa 3.0 Digital Educational Learning Initiative Malaysia - Google Chrome",true,false
30,8186,"DELIMa 3.0 Digital Educational Learning Initiative Malaysia - Google Chrome",true,false
30,8289,"DELIMa 3.0 Digital Educational Learning Initiative Malaysia - Google Chrome",true,false
30,8395,"DELIMa 3.0 Digital Educational Learning Initiative Malaysia - Google Chrome",false,
31,0,"Delima-AutoLogin - Antigravity IDE - README.md",true,false
31,106,"Delima-AutoLogin - Antigravity IDE - README.md",true,false
31,210,"Untitled - Google Chrome",true,false
31,358,"Untitled - Google Chrome",true,false
31,474,"Untitled - Google Chrome",true,false
31,580,"DELIMa 3.0 Digital Educational Learning Initiative Malaysia - Google Chrome",true,false
31,688,"DELIMa 3.0 Digital Educational Learning Initiative Malaysia - Google Chrome",true,false
31,794,"DELIMa 3.0 Digital Educational Learning Initiative Malaysia - Google Chrome",true,false
31,906,"DELIMa 3.0 Digital Educational Learning Initiative Malaysia - Google Chrome",true,false
31,1011,"DELIMa 3.0 Digital Educational Learning Initiative Malaysia - Google Chrome",true,false
31,1120,"DELIMa 3.0 Digital Educational Learning Initiative Malaysia - Google Chrome",true,false
31,1235,"DELIMa 3.0 Digital Educational Learning Initiative Malaysia - Google Chrome",true,false
31,1340,"DELIMa 3.0 Digital Educational Learning Initiative Malaysia - Google Chrome",true,false
31,1442,"DELIMa 3.0 Digital Educational Learning Initiative Malaysia - Google Chrome",true,false
31,1551,"DELIMa 3.0 Digital Educational Learning Initiative Malaysia - Google Chrome",true,false
31,1652,"DELIMa 3.0 Digital Educational Learning Initiative Malaysia - Google Chrome",true,false
31,1764,"DELIMa 3.0 Digital Educational Learning Initiative Malaysia - Google Chrome",true,false
31,1867,"Translate this page?",true,false
31,1977,"Translate this page?",true,false
31,2081,"Translate this page?",true,false
31,2195,"DELIMa 3.0 Digital Educational Learning Initiative Malaysia - Google Chrome",true,false
31,2308,"DELIMa 3.0 Digital Educational Learning Initiative Malaysia - Google Chrome",true,false
31,2410,"DELIMa 3.0 Digital Educational Learning Initiative Malaysia - Google Chrome",true,false
31,2522,"DELIMa 3.0 Digital Educational Learning Initiative Malaysia - Google Chrome",true,false
31,2627,"accounts.google.com/v3/signin/identifier?opparams=%253F&dsh=S-989009569%3A1787293763169697&client_id=950472034074-acj262jqk6trve8i4ndsudqeokvh5pef.apps.googleusercontent.com&o2v=2&redirect_uri=https%3A%2F%2Fd3.delima.edu.my%2Fauthentication%2Fcode&response_type=code&scope=openid+email+profile&service=lso&state=b1c47605f131feec507867fbc39c4c90&flowName=GeneralOAuthFlow&continue=https%3A%2F%2Faccounts.google.com%2Fsignin%2Foauth%2Fconsent%3Fauthuser%3Dunknown%26part%3DAJi8hAO9ffquKkLc_IFNSa-eWhFp3ntLqnLIk4sJzTftpZb8JZjpOZjLjLAv3e_pKCvFr4SZC1zmbp_bAgmEkZFoxS-2CuvD3X7uB_DkN-r_0HdkglrkFEiZF2B3x6PqvcYcod8ZJnrS3WXUYwBtFJzpcoUv5Y85Ifp4VASFeCy0bWPWEoCMqiIP5RXnRuGAur-K78Nh2PKGum81eZH79Ld5Wj0ayewLkxn7Jxmaj1o-2WKggmSkL8iPAQEjhg5nTSH2xWOvDk5q1S3BLQF7BdAz2z0qQCQPNd-cDGShGsj3nS3WGaDkTJTt-XcDtVs4apBRDp1KKLWcCpjX7BRHQPxM-_tydTkInWGk28gXkOYDjzMOr2fZl8BS1PtFtoyYFiZMMAL8XsutyWH8uKjF1BzqqOY82dm3pbRLGJWtVG6_AkPR1kGJi9dC6vsnw25vhqgTZEtkLwikmwrZdBHHcCyrWOeENChn0w%26flowName%3DGeneralOAuthFlow%26as%3DS-989009569%253A1787293763169697",true,false
31,2740,"accounts.google.com/v3/signin/identifier?opparams=%253F&dsh=S-989009569%3A1787293763169697&client_id=950472034074-acj262jqk6trve8i4ndsudqeokvh5pef.apps.googleusercontent.com&o2v=2&redirect_uri=https%3A%2F%2Fd3.delima.edu.my%2Fauthentication%2Fcode&response_type=code&scope=openid+email+profile&service=lso&state=b1c47605f131feec507867fbc39c4c90&flowName=GeneralOAuthFlow&continue=https%3A%2F%2Faccounts.google.com%2Fsignin%2Foauth%2Fconsent%3Fauthuser%3Dunknown%26part%3DAJi8hAO9ffquKkLc_IFNSa-eWhFp3ntLqnLIk4sJzTftpZb8JZjpOZjLjLAv3e_pKCvFr4SZC1zmbp_bAgmEkZFoxS-2CuvD3X7uB_DkN-r_0HdkglrkFEiZF2B3x6PqvcYcod8ZJnrS3WXUYwBtFJzpcoUv5Y85Ifp4VASFeCy0bWPWEoCMqiIP5RXnRuGAur-K78Nh2PKGum81eZH79Ld5Wj0ayewLkxn7Jxmaj1o-2WKggmSkL8iPAQEjhg5nTSH2xWOvDk5q1S3BLQF7BdAz2z0qQCQPNd-cDGShGsj3nS3WGaDkTJTt-XcDtVs4apBRDp1KKLWcCpjX7BRHQPxM-_tydTkInWGk28gXkOYDjzMOr2fZl8BS1PtFtoyYFiZMMAL8XsutyWH8uKjF1BzqqOY82dm3pbRLGJWtVG6_AkPR1kGJi9dC6vsnw25vhqgTZEtkLwikmwrZdBHHcCyrWOeENChn0w%26flowName%3DGeneralOAuthFlow%26as%3DS-989009569%253A1787293763169697",true,false
31,2843,"Sign in - Google Accounts - Google Chrome",true,false
31,3187,"Sign in - Google Accounts - Google Chrome",true,false
31,3296,"Sign in - Google Accounts - Google Chrome",true,false
31,3406,"Sign in - Google Accounts - Google Chrome",true,false
31,3513,"Sign in - Google Accounts - Google Chrome",true,false
31,3618,"Sign in - Google Accounts - Google Chrome",true,false
31,3734,"Sign in - Google Accounts - Google Chrome",true,false
31,3841,"Sign in - Google Accounts - Google Chrome",true,false
31,3952,"Sign in - Google Accounts - Google Chrome",true,false
31,4059,"Sign in - Google Accounts - Google Chrome",true,false
31,4170,"Sign in - Google Accounts - Google Chrome",true,false
31,4273,"Sign in - Google Accounts - Google Chrome",true,false
31,4386,"Sign in - Google Accounts - Google Chrome",true,false
31,4494,"Sign in - Google Accounts - Google Chrome",true,false
31,4610,"Sign in - Google Accounts - Google Chrome",true,false
31,4724,"Sign in - Google Accounts - Google Chrome",true,false
31,4831,"Sign in - Google Accounts - Google Chrome",true,false
31,4945,"Sign in - Google Accounts - Google Chrome",true,false
31,5047,"Sign in - Google Accounts - Google Chrome",true,false
31,5152,"Sign in - Google Accounts - Google Chrome",true,false
31,5264,"Sign in - Google Accounts - Google Chrome",true,false
31,5368,"Sign in - Google Accounts - Google Chrome",true,false
31,5472,"Sign in - Google Accounts - Google Chrome",true,false
31,5580,"Sign in - Google Accounts - Google Chrome",true,false
31,5682,"Sign in - Google Accounts - Google Chrome",true,false
31,5796,"Sign in - Google Accounts - Google Chrome",true,false
31,5906,"Sign in - Google Accounts - Google Chrome",true,false
31,6021,"Sign in - Google Accounts - Google Chrome",true,false
31,6125,"Sign in - Google Accounts - Google Chrome",true,false
31,6235,"Sign in - Google Accounts - Google Chrome",true,false
31,6339,"Hi RAJA MUHAMMAD AZRIEN BIN RAJA AZAMAN SHAH - Google Chrome",true,false
31,6451,"Hi RAJA MUHAMMAD AZRIEN BIN RAJA AZAMAN SHAH - Google Chrome",true,false
31,6561,"Hi RAJA MUHAMMAD AZRIEN BIN RAJA AZAMAN SHAH - Google Chrome",true,false
31,6672,"Hi RAJA MUHAMMAD AZRIEN BIN RAJA AZAMAN SHAH - Google Chrome",true,true
31,6786,"Hi RAJA MUHAMMAD AZRIEN BIN RAJA AZAMAN SHAH - Google Chrome",true,true
31,6894,"Hi RAJA MUHAMMAD AZRIEN BIN RAJA AZAMAN SHAH - Google Chrome",true,true
31,6998,"Delima-AutoLogin - Antigravity IDE - README.md",true,false
32,0,"Delima-AutoLogin - Antigravity IDE - README.md",true,false
32,103,"Delima-AutoLogin - Antigravity IDE - README.md",true,false
32,211,"Untitled - Google Chrome",true,false
32,371,"Untitled - Google Chrome",true,false
32,485,"Untitled - Google Chrome",true,false
32,600,"DELIMa 3.0 Digital Educational Learning Initiative Malaysia - Google Chrome",true,false
32,704,"DELIMa 3.0 Digital Educational Learning Initiative Malaysia - Google Chrome",true,false
32,819,"DELIMa 3.0 Digital Educational Learning Initiative Malaysia - Google Chrome",true,false
32,953,"DELIMa 3.0 Digital Educational Learning Initiative Malaysia - Google Chrome",true,false
32,1064,"DELIMa 3.0 Digital Educational Learning Initiative Malaysia - Google Chrome",true,false
32,1166,"DELIMa 3.0 Digital Educational Learning Initiative Malaysia - Google Chrome",true,false
32,1268,"DELIMa 3.0 Digital Educational Learning Initiative Malaysia - Google Chrome",true,false
32,1374,"DELIMa 3.0 Digital Educational Learning Initiative Malaysia - Google Chrome",true,false
32,1489,"DELIMa 3.0 Digital Educational Learning Initiative Malaysia - Google Chrome",true,false
32,1592,"Translate this page?",true,false
32,1699,"Translate this page?",true,false
32,1804,"Translate this page?",true,false
32,1919,"DELIMa 3.0 Digital Educational Learning Initiative Malaysia - Google Chrome",true,false
32,2035,"DELIMa 3.0 Digital Educational Learning Initiative Malaysia - Google Chrome",true,false
32,2140,"DELIMa 3.0 Digital Educational Learning Initiative Malaysia - Google Chrome",true,false
32,2242,"DELIMa 3.0 Digital Educational Learning Initiative Malaysia - Google Chrome",true,false
32,2346,"accounts.google.com/v3/signin/identifier?opparams=%253F&dsh=S-703442683%3A1787293770771327&client_id=950472034074-acj262jqk6trve8i4ndsudqeokvh5pef.apps.googleusercontent.com&o2v=2&redirect_uri=https%3A%2F%2Fd3.delima.edu.my%2Fauthentication%2Fcode&response_type=code&scope=openid+email+profile&service=lso&state=00e1eb136ad33d06204efd0385cf4298&flowName=GeneralOAuthFlow&continue=https%3A%2F%2Faccounts.google.com%2Fsignin%2Foauth%2Fconsent%3Fauthuser%3Dunknown%26part%3DAJi8hAM0_23QCRaWcCqKL8twsgqKm5f6xtVK_2sygUDUyQs1CZFoh_lgKit01tSXwsiqS4vSHkarhs8kg6xo0BJXJDp0HylPCJ1-DMR5LxjT3_-YeFHI7eG5Y_E0kgypRlJbKmfU0pUG6e1XauGYMmajCU_95EpJ47sD51uL3JPkZj9l6aAoWXrr_e7sDsQiRxKYJZkx_z0l1guVeHs0E-oEg-q8QcUOwaVmFIDjCteUxsnKJ_-Yj77ZXbz3fHXt9C9ISEofu_4b9yCkh_3vu0bjbxRC6scGo9Fsq9SZJTOK5zgP7tR8V36BzpCOHLraE-3wQUiU3L4CwBtF4D3rVmsZFMB9ffvGI50B5E5huDBw6kFCgmvoXYQkuzLUrOPtrxEB_YAR6j4-4bEgENe87pk1juM3gmXc7VqGD74fI7ndfeU_1M7SVGpNgpFuNizqVeKJItmUyK5EiRap6XntuKQ7-n1CjeB-RQ%26flowName%3DGeneralOAuthFlow%26as%3DS-703442683%253A1787293770771327",true,false
32,2451,"accounts.google.com/v3/signin/identifier?opparams=%253F&dsh=S-703442683%3A1787293770771327&client_id=950472034074-acj262jqk6trve8i4ndsudqeokvh5pef.apps.googleusercontent.com&o2v=2&redirect_uri=https%3A%2F%2Fd3.delima.edu.my%2Fauthentication%2Fcode&response_type=code&scope=openid+email+profile&service=lso&state=00e1eb136ad33d06204efd0385cf4298&flowName=GeneralOAuthFlow&continue=https%3A%2F%2Faccounts.google.com%2Fsignin%2Foauth%2Fconsent%3Fauthuser%3Dunknown%26part%3DAJi8hAM0_23QCRaWcCqKL8twsgqKm5f6xtVK_2sygUDUyQs1CZFoh_lgKit01tSXwsiqS4vSHkarhs8kg6xo0BJXJDp0HylPCJ1-DMR5LxjT3_-YeFHI7eG5Y_E0kgypRlJbKmfU0pUG6e1XauGYMmajCU_95EpJ47sD51uL3JPkZj9l6aAoWXrr_e7sDsQiRxKYJZkx_z0l1guVeHs0E-oEg-q8QcUOwaVmFIDjCteUxsnKJ_-Yj77ZXbz3fHXt9C9ISEofu_4b9yCkh_3vu0bjbxRC6scGo9Fsq9SZJTOK5zgP7tR8V36BzpCOHLraE-3wQUiU3L4CwBtF4D3rVmsZFMB9ffvGI50B5E5huDBw6kFCgmvoXYQkuzLUrOPtrxEB_YAR6j4-4bEgENe87pk1juM3gmXc7VqGD74fI7ndfeU_1M7SVGpNgpFuNizqVeKJItmUyK5EiRap6XntuKQ7-n1CjeB-RQ%26flowName%3DGeneralOAuthFlow%26as%3DS-703442683%253A1787293770771327",true,false
32,2569,"Sign in - Google Accounts - Google Chrome",true,false
32,2887,"Sign in - Google Accounts - Google Chrome",true,false
32,2992,"Sign in - Google Accounts - Google Chrome",true,false
32,3099,"Sign in - Google Accounts - Google Chrome",true,false
32,3211,"Sign in - Google Accounts - Google Chrome",true,false
32,3320,"Sign in - Google Accounts - Google Chrome",true,false
32,3435,"Sign in - Google Accounts - Google Chrome",true,false
32,3544,"Sign in - Google Accounts - Google Chrome",true,false
32,3654,"Sign in - Google Accounts - Google Chrome",true,false
32,3756,"Sign in - Google Accounts - Google Chrome",true,false
32,3867,"Sign in - Google Accounts - Google Chrome",true,false
32,3975,"Sign in - Google Accounts - Google Chrome",true,false
32,4086,"Sign in - Google Accounts - Google Chrome",true,false
32,4194,"Sign in - Google Accounts - Google Chrome",true,false
32,4298,"Sign in - Google Accounts - Google Chrome",true,false
32,4409,"Sign in - Google Accounts - Google Chrome",true,false
32,4527,"Sign in - Google Accounts - Google Chrome",true,false
32,4637,"Sign in - Google Accounts - Google Chrome",true,false
32,4744,"Sign in - Google Accounts - Google Chrome",true,false
32,4858,"Sign in - Google Accounts - Google Chrome",true,false
32,4963,"Sign in - Google Accounts - Google Chrome",true,false
32,5069,"Sign in - Google Accounts - Google Chrome",true,false
32,5185,"Sign in - Google Accounts - Google Chrome",true,false
32,5295,"Sign in - Google Accounts - Google Chrome",true,false
32,5404,"Sign in - Google Accounts - Google Chrome",true,false
32,5516,"Sign in - Google Accounts - Google Chrome",true,false
32,5631,"Sign in - Google Accounts - Google Chrome",true,false
32,5736,"Hi RAJA MUHAMMAD AZRIEN BIN RAJA AZAMAN SHAH - Google Chrome",true,false
32,5850,"Hi RAJA MUHAMMAD AZRIEN BIN RAJA AZAMAN SHAH - Google Chrome",true,false
32,5953,"Hi RAJA MUHAMMAD AZRIEN BIN RAJA AZAMAN SHAH - Google Chrome",true,false
32,6065,"Hi RAJA MUHAMMAD AZRIEN BIN RAJA AZAMAN SHAH - Google Chrome",true,true
32,6175,"Hi RAJA MUHAMMAD AZRIEN BIN RAJA AZAMAN SHAH - Google Chrome",true,true
32,6281,"Hi RAJA MUHAMMAD AZRIEN BIN RAJA AZAMAN SHAH - Google Chrome",true,true
32,6387,"Hi RAJA MUHAMMAD AZRIEN BIN RAJA AZAMAN SHAH - Google Chrome",false,
33,1,"Delima-AutoLogin - Antigravity IDE - README.md",true,false
33,102,"Delima-AutoLogin - Antigravity IDE - README.md",true,false
33,207,"Untitled - Google Chrome",true,false
33,351,"Untitled - Google Chrome",true,false
33,464,"Untitled - Google Chrome",true,false
33,584,"DELIMa 3.0 Digital Educational Learning Initiative Malaysia - Google Chrome",true,false
33,698,"DELIMa 3.0 Digital Educational Learning Initiative Malaysia - Google Chrome",true,false
33,802,"DELIMa 3.0 Digital Educational Learning Initiative Malaysia - Google Chrome",true,false
33,916,"DELIMa 3.0 Digital Educational Learning Initiative Malaysia - Google Chrome",true,false
33,1021,"DELIMa 3.0 Digital Educational Learning Initiative Malaysia - Google Chrome",true,false
33,1127,"DELIMa 3.0 Digital Educational Learning Initiative Malaysia - Google Chrome",true,false
33,1241,"DELIMa 3.0 Digital Educational Learning Initiative Malaysia - Google Chrome",true,false
33,1343,"DELIMa 3.0 Digital Educational Learning Initiative Malaysia - Google Chrome",true,false
33,1457,"DELIMa 3.0 Digital Educational Learning Initiative Malaysia - Google Chrome",true,false
33,1561,"DELIMa 3.0 Digital Educational Learning Initiative Malaysia - Google Chrome",true,false
33,1666,"DELIMa 3.0 Digital Educational Learning Initiative Malaysia - Google Chrome",true,false
33,1771,"DELIMa 3.0 Digital Educational Learning Initiative Malaysia - Google Chrome",true,false
33,1877,"DELIMa 3.0 Digital Educational Learning Initiative Malaysia - Google Chrome",true,false
33,1987,"DELIMa 3.0 Digital Educational Learning Initiative Malaysia - Google Chrome",true,false
33,2099,"DELIMa 3.0 Digital Educational Learning Initiative Malaysia - Google Chrome",true,false
33,2201,"DELIMa 3.0 Digital Educational Learning Initiative Malaysia - Google Chrome",true,false
33,2307,"DELIMa 3.0 Digital Educational Learning Initiative Malaysia - Google Chrome",true,false
33,2421,"DELIMa 3.0 Digital Educational Learning Initiative Malaysia - Google Chrome",true,false
33,2532,"DELIMa 3.0 Digital Educational Learning Initiative Malaysia - Google Chrome",true,false
33,2645,"DELIMa 3.0 Digital Educational Learning Initiative Malaysia - Google Chrome",true,false
33,2757,"DELIMa 3.0 Digital Educational Learning Initiative Malaysia - Google Chrome",true,false
33,2859,"DELIMa 3.0 Digital Educational Learning Initiative Malaysia - Google Chrome",true,false
33,2966,"Translate this page?",true,false
33,3082,"Translate this page?",true,false
33,3196,"Translate this page?",true,false
33,3302,"DELIMa 3.0 Digital Educational Learning Initiative Malaysia - Google Chrome",true,false
33,3417,"DELIMa 3.0 Digital Educational Learning Initiative Malaysia - Google Chrome",true,false
33,3531,"DELIMa 3.0 Digital Educational Learning Initiative Malaysia - Google Chrome",true,false
33,3637,"DELIMa 3.0 Digital Educational Learning Initiative Malaysia - Google Chrome",true,false
33,3744,"accounts.google.com/v3/signin/identifier?opparams=%253F&dsh=S-486159016%3A1787293779676647&client_id=950472034074-acj262jqk6trve8i4ndsudqeokvh5pef.apps.googleusercontent.com&o2v=2&redirect_uri=https%3A%2F%2Fd3.delima.edu.my%2Fauthentication%2Fcode&response_type=code&scope=openid+email+profile&service=lso&state=389b1cfde1717d4f3fad04dd587f58a6&flowName=GeneralOAuthFlow&continue=https%3A%2F%2Faccounts.google.com%2Fsignin%2Foauth%2Fconsent%3Fauthuser%3Dunknown%26part%3DAJi8hANCLEIIPDTfFtaQAHuqI67jsSpTtJcdB7PRpB_vJ-EUPX87mZpUHqlbqjqa3rJcW8o1PcawSyaWEJcalrPvx5s6DiZ1fHcVSO1slsSkwLhRytc8R0bpYbA54B6lAokouKP5kUTJKbAKuHxk47HcaejURcHj-UqDpv6LcDpS8Uzs_eRB7C_C9Vrtyrvk5_NXKxcELf9nPAyS7tz9gRYfc9ZxGonGmhxpFVjMxXBe3zakk0kUHIRyeBXVNNj56CwmxeZXT9S7wegofV8iri5bj913OMizi3pU5aeVPGH6giml2WsSikNXXNEDc6VCkMB7_Ah6ApBVYCyuFPlaq49w699hsTUsqvUSp23wtX5wl0UbAJ5Ez7iqHrFQAUNSXmAGKnHvaCmfVfNDi6Cib01AteY5GuYfXyhYt6qRsjv8iPGIQFfAcaBW_v-JSzIdj5WOnWhT0ZEe2jwCpjKcO9E4scrjtFcqLA%26flowName%3DGeneralOAuthFlow%26as%3DS-486159016%253A1787293779676647",true,false
33,3860,"accounts.google.com/v3/signin/identifier?opparams=%253F&dsh=S-486159016%3A1787293779676647&client_id=950472034074-acj262jqk6trve8i4ndsudqeokvh5pef.apps.googleusercontent.com&o2v=2&redirect_uri=https%3A%2F%2Fd3.delima.edu.my%2Fauthentication%2Fcode&response_type=code&scope=openid+email+profile&service=lso&state=389b1cfde1717d4f3fad04dd587f58a6&flowName=GeneralOAuthFlow&continue=https%3A%2F%2Faccounts.google.com%2Fsignin%2Foauth%2Fconsent%3Fauthuser%3Dunknown%26part%3DAJi8hANCLEIIPDTfFtaQAHuqI67jsSpTtJcdB7PRpB_vJ-EUPX87mZpUHqlbqjqa3rJcW8o1PcawSyaWEJcalrPvx5s6DiZ1fHcVSO1slsSkwLhRytc8R0bpYbA54B6lAokouKP5kUTJKbAKuHxk47HcaejURcHj-UqDpv6LcDpS8Uzs_eRB7C_C9Vrtyrvk5_NXKxcELf9nPAyS7tz9gRYfc9ZxGonGmhxpFVjMxXBe3zakk0kUHIRyeBXVNNj56CwmxeZXT9S7wegofV8iri5bj913OMizi3pU5aeVPGH6giml2WsSikNXXNEDc6VCkMB7_Ah6ApBVYCyuFPlaq49w699hsTUsqvUSp23wtX5wl0UbAJ5Ez7iqHrFQAUNSXmAGKnHvaCmfVfNDi6Cib01AteY5GuYfXyhYt6qRsjv8iPGIQFfAcaBW_v-JSzIdj5WOnWhT0ZEe2jwCpjKcO9E4scrjtFcqLA%26flowName%3DGeneralOAuthFlow%26as%3DS-486159016%253A1787293779676647",true,false
33,3964,"accounts.google.com/v3/signin/identifier?opparams=%253F&dsh=S-486159016%3A1787293779676647&client_id=950472034074-acj262jqk6trve8i4ndsudqeokvh5pef.apps.googleusercontent.com&o2v=2&redirect_uri=https%3A%2F%2Fd3.delima.edu.my%2Fauthentication%2Fcode&response_type=code&scope=openid+email+profile&service=lso&state=389b1cfde1717d4f3fad04dd587f58a6&flowName=GeneralOAuthFlow&continue=https%3A%2F%2Faccounts.google.com%2Fsignin%2Foauth%2Fconsent%3Fauthuser%3Dunknown%26part%3DAJi8hANCLEIIPDTfFtaQAHuqI67jsSpTtJcdB7PRpB_vJ-EUPX87mZpUHqlbqjqa3rJcW8o1PcawSyaWEJcalrPvx5s6DiZ1fHcVSO1slsSkwLhRytc8R0bpYbA54B6lAokouKP5kUTJKbAKuHxk47HcaejURcHj-UqDpv6LcDpS8Uzs_eRB7C_C9Vrtyrvk5_NXKxcELf9nPAyS7tz9gRYfc9ZxGonGmhxpFVjMxXBe3zakk0kUHIRyeBXVNNj56CwmxeZXT9S7wegofV8iri5bj913OMizi3pU5aeVPGH6giml2WsSikNXXNEDc6VCkMB7_Ah6ApBVYCyuFPlaq49w699hsTUsqvUSp23wtX5wl0UbAJ5Ez7iqHrFQAUNSXmAGKnHvaCmfVfNDi6Cib01AteY5GuYfXyhYt6qRsjv8iPGIQFfAcaBW_v-JSzIdj5WOnWhT0ZEe2jwCpjKcO9E4scrjtFcqLA%26flowName%3DGeneralOAuthFlow%26as%3DS-486159016%253A1787293779676647",true,false
33,4072,"Sign in - Google Accounts - Google Chrome",true,false
33,4360,"Sign in - Google Accounts - Google Chrome",true,false
33,4466,"Sign in - Google Accounts - Google Chrome",true,false
33,4581,"Sign in - Google Accounts - Google Chrome",true,false
33,4696,"Sign in - Google Accounts - Google Chrome",true,false
33,4802,"Sign in - Google Accounts - Google Chrome",true,false
33,4906,"Sign in - Google Accounts - Google Chrome",true,false
33,5013,"Sign in - Google Accounts - Google Chrome",true,false
33,5115,"Sign in - Google Accounts - Google Chrome",true,false
33,5229,"Sign in - Google Accounts - Google Chrome",true,false
33,5341,"Sign in - Google Accounts - Google Chrome",true,false
33,5445,"Sign in - Google Accounts - Google Chrome",true,false
33,5553,"Sign in - Google Accounts - Google Chrome",true,false
33,5666,"Sign in - Google Accounts - Google Chrome",true,false
33,5776,"Sign in - Google Accounts - Google Chrome",true,false
33,5882,"Sign in - Google Accounts - Google Chrome",true,false
33,5987,"Sign in - Google Accounts - Google Chrome",true,false
33,6093,"Sign in - Google Accounts - Google Chrome",true,false
33,6200,"Sign in - Google Accounts - Google Chrome",true,false
33,6310,"Delima-AutoLogin - Antigravity IDE - README.md",true,false
34,0,"Delima-AutoLogin - Antigravity IDE - README.md",true,false
34,112,"Delima-AutoLogin - Antigravity IDE - README.md",true,false
34,227,"Untitled - Google Chrome",true,false
34,352,"Untitled - Google Chrome",true,false
34,468,"Untitled - Google Chrome",true,false
34,577,"DELIMa 3.0 Digital Educational Learning Initiative Malaysia - Google Chrome",true,false
34,691,"DELIMa 3.0 Digital Educational Learning Initiative Malaysia - Google Chrome",true,false
34,801,"DELIMa 3.0 Digital Educational Learning Initiative Malaysia - Google Chrome",true,false
34,916,"DELIMa 3.0 Digital Educational Learning Initiative Malaysia - Google Chrome",true,false
34,1019,"DELIMa 3.0 Digital Educational Learning Initiative Malaysia - Google Chrome",true,false
34,1126,"DELIMa 3.0 Digital Educational Learning Initiative Malaysia - Google Chrome",true,false
34,1239,"DELIMa 3.0 Digital Educational Learning Initiative Malaysia - Google Chrome",true,false
34,1341,"DELIMa 3.0 Digital Educational Learning Initiative Malaysia - Google Chrome",true,false
34,1443,"DELIMa 3.0 Digital Educational Learning Initiative Malaysia - Google Chrome",true,false
34,1556,"Translate this page?",true,false
34,1663,"Translate this page?",true,false
34,1772,"Translate this page?",true,false
34,1878,"DELIMa 3.0 Digital Educational Learning Initiative Malaysia - Google Chrome",true,false
34,1983,"DELIMa 3.0 Digital Educational Learning Initiative Malaysia - Google Chrome",true,false
34,2093,"DELIMa 3.0 Digital Educational Learning Initiative Malaysia - Google Chrome",true,false
34,2202,"DELIMa 3.0 Digital Educational Learning Initiative Malaysia - Google Chrome",true,false
34,2306,"DELIMa 3.0 Digital Educational Learning Initiative Malaysia - Google Chrome",true,false
34,2430,"Sign in - Google Accounts - Google Chrome",true,false
34,2539,"Sign in - Google Accounts - Google Chrome",true,false
34,2645,"Sign in - Google Accounts - Google Chrome",true,false
34,2980,"Sign in - Google Accounts - Google Chrome",true,false
34,3088,"Sign in - Google Accounts - Google Chrome",true,false
34,3196,"Sign in - Google Accounts - Google Chrome",true,false
34,3312,"Sign in - Google Accounts - Google Chrome",true,false
34,3415,"Sign in - Google Accounts - Google Chrome",true,false
34,3526,"Sign in - Google Accounts - Google Chrome",true,false
34,3637,"Sign in - Google Accounts - Google Chrome",true,false
34,3740,"Sign in - Google Accounts - Google Chrome",true,false
34,3856,"Sign in - Google Accounts - Google Chrome",true,false
34,3971,"Sign in - Google Accounts - Google Chrome",true,false
34,4088,"Sign in - Google Accounts - Google Chrome",true,false
34,4190,"Sign in - Google Accounts - Google Chrome",true,false
34,4301,"Sign in - Google Accounts - Google Chrome",true,false
34,4418,"Sign in - Google Accounts - Google Chrome",true,false
34,4523,"Sign in - Google Accounts - Google Chrome",true,false
34,4630,"Sign in - Google Accounts - Google Chrome",true,false
34,4734,"Sign in - Google Accounts - Google Chrome",true,false
34,4838,"Sign in - Google Accounts - Google Chrome",true,false
34,4940,"Sign in - Google Accounts - Google Chrome",true,false
34,5043,"Sign in - Google Accounts - Google Chrome",true,false
34,5151,"Sign in - Google Accounts - Google Chrome",true,false
34,5255,"Sign in - Google Accounts - Google Chrome",true,false
34,5368,"Sign in - Google Accounts - Google Chrome",true,false
34,5477,"Sign in - Google Accounts - Google Chrome",true,false
34,5580,"Sign in - Google Accounts - Google Chrome",true,false
34,5697,"Sign in - Google Accounts - Google Chrome",true,false
34,5805,"Sign in - Google Accounts - Google Chrome",true,false
34,5918,"Hi RAJA MUHAMMAD AZRIEN BIN RAJA AZAMAN SHAH - Google Chrome",true,false
34,6022,"Hi RAJA MUHAMMAD AZRIEN BIN RAJA AZAMAN SHAH - Google Chrome",true,false
34,6132,"Hi RAJA MUHAMMAD AZRIEN BIN RAJA AZAMAN SHAH - Google Chrome",true,false
34,6235,"Hi RAJA MUHAMMAD AZRIEN BIN RAJA AZAMAN SHAH - Google Chrome",true,false
34,6344,"Hi RAJA MUHAMMAD AZRIEN BIN RAJA AZAMAN SHAH - Google Chrome",true,true
34,6447,"Hi RAJA MUHAMMAD AZRIEN BIN RAJA AZAMAN SHAH - Google Chrome",true,true
34,6549,"Hi RAJA MUHAMMAD AZRIEN BIN RAJA AZAMAN SHAH - Google Chrome",true,true
34,6656,"Hi RAJA MUHAMMAD AZRIEN BIN RAJA AZAMAN SHAH - Google Chrome",false,
35,0,"Delima-AutoLogin - Antigravity IDE - README.md",true,false
35,109,"Delima-AutoLogin - Antigravity IDE - README.md",true,false
35,228,"Untitled - Google Chrome",true,false
35,376,"Untitled - Google Chrome",true,false
35,493,"Untitled - Google Chrome",true,false
35,601,"DELIMa 3.0 Digital Educational Learning Initiative Malaysia - Google Chrome",true,false
35,718,"DELIMa 3.0 Digital Educational Learning Initiative Malaysia - Google Chrome",true,false
35,822,"DELIMa 3.0 Digital Educational Learning Initiative Malaysia - Google Chrome",true,false
35,934,"DELIMa 3.0 Digital Educational Learning Initiative Malaysia - Google Chrome",true,false
35,1038,"DELIMa 3.0 Digital Educational Learning Initiative Malaysia - Google Chrome",true,false
35,1142,"DELIMa 3.0 Digital Educational Learning Initiative Malaysia - Google Chrome",true,false
35,1245,"DELIMa 3.0 Digital Educational Learning Initiative Malaysia - Google Chrome",true,false
35,1361,"DELIMa 3.0 Digital Educational Learning Initiative Malaysia - Google Chrome",true,false
35,1470,"DELIMa 3.0 Digital Educational Learning Initiative Malaysia - Google Chrome",true,false
35,1582,"DELIMa 3.0 Digital Educational Learning Initiative Malaysia - Google Chrome",true,false
35,1686,"DELIMa 3.0 Digital Educational Learning Initiative Malaysia - Google Chrome",true,false
35,1790,"DELIMa 3.0 Digital Educational Learning Initiative Malaysia - Google Chrome",true,false
35,1892,"DELIMa 3.0 Digital Educational Learning Initiative Malaysia - Google Chrome",true,false
35,1994,"DELIMa 3.0 Digital Educational Learning Initiative Malaysia - Google Chrome",true,false
35,2101,"DELIMa 3.0 Digital Educational Learning Initiative Malaysia - Google Chrome",true,false
35,2207,"DELIMa 3.0 Digital Educational Learning Initiative Malaysia - Google Chrome",true,false
35,2316,"DELIMa 3.0 Digital Educational Learning Initiative Malaysia - Google Chrome",true,false
35,2425,"DELIMa 3.0 Digital Educational Learning Initiative Malaysia - Google Chrome",true,false
35,2528,"DELIMa 3.0 Digital Educational Learning Initiative Malaysia - Google Chrome",true,false
35,2639,"DELIMa 3.0 Digital Educational Learning Initiative Malaysia - Google Chrome",true,false
35,2751,"DELIMa 3.0 Digital Educational Learning Initiative Malaysia - Google Chrome",true,false
35,2861,"DELIMa 3.0 Digital Educational Learning Initiative Malaysia - Google Chrome",true,false
35,2964,"accounts.google.com/v3/signin/identifier?opparams=%253F&dsh=S319551988%3A1787293793704298&client_id=950472034074-acj262jqk6trve8i4ndsudqeokvh5pef.apps.googleusercontent.com&o2v=2&redirect_uri=https%3A%2F%2Fd3.delima.edu.my%2Fauthentication%2Fcode&response_type=code&scope=openid+email+profile&service=lso&state=687dd1554131263d0a34c1c976670ec2&flowName=GeneralOAuthFlow&continue=https%3A%2F%2Faccounts.google.com%2Fsignin%2Foauth%2Fv3%2Fconsent%3Fauthuser%3Dunknown%26part%3DAJi8hAOWyYdH5R2ROBHAFgQKcBn8t_n5wQnxiwhv_OyrVhnBxaCt3VR1862YsU7OffZnIXrn-_CVuy-3YZynxls9odXq2evVKMahma4x7vtJDTmC_okffv8Mkx4gv0CoDD5DgV4OU-Y7SdflUrDS75s5uUGtQ-kacf-cU8ZJtZRxSSVhWzGguTmgnFLLQv5CJi3i0eZ28ES_FK8G8GTV6VXwqNZ4qMdRIXbNlZCt-VBQjeVtrcpY_o4bw2PYECakUO8PX3_tUNsvnjAU-C1jsKuxzFFq_Vts-A5ASBd9J9wWbeOpewFabiY-e8-wm96EE2_lQy3Z4Srralw3hSH3rZw06JxEImxqfmfic7F6KUegNWEXAZ_QKPTSjijQ-5dVOW7eLCn-oRMObyi72MxbwPsEc4qKF86lWx_jC3DdNT-pAdlVmoLW_tK7ozLhWshHdbm0B6vUv68039EzDZSwF9oNfRZSDYiHEA%26flowName%3DGeneralOAuthFlow%26as%3DS319551988%253A1787293793704",true,false
35,3072,"accounts.google.com/v3/signin/identifier?opparams=%253F&dsh=S319551988%3A1787293793704298&client_id=950472034074-acj262jqk6trve8i4ndsudqeokvh5pef.apps.googleusercontent.com&o2v=2&redirect_uri=https%3A%2F%2Fd3.delima.edu.my%2Fauthentication%2Fcode&response_type=code&scope=openid+email+profile&service=lso&state=687dd1554131263d0a34c1c976670ec2&flowName=GeneralOAuthFlow&continue=https%3A%2F%2Faccounts.google.com%2Fsignin%2Foauth%2Fv3%2Fconsent%3Fauthuser%3Dunknown%26part%3DAJi8hAOWyYdH5R2ROBHAFgQKcBn8t_n5wQnxiwhv_OyrVhnBxaCt3VR1862YsU7OffZnIXrn-_CVuy-3YZynxls9odXq2evVKMahma4x7vtJDTmC_okffv8Mkx4gv0CoDD5DgV4OU-Y7SdflUrDS75s5uUGtQ-kacf-cU8ZJtZRxSSVhWzGguTmgnFLLQv5CJi3i0eZ28ES_FK8G8GTV6VXwqNZ4qMdRIXbNlZCt-VBQjeVtrcpY_o4bw2PYECakUO8PX3_tUNsvnjAU-C1jsKuxzFFq_Vts-A5ASBd9J9wWbeOpewFabiY-e8-wm96EE2_lQy3Z4Srralw3hSH3rZw06JxEImxqfmfic7F6KUegNWEXAZ_QKPTSjijQ-5dVOW7eLCn-oRMObyi72MxbwPsEc4qKF86lWx_jC3DdNT-pAdlVmoLW_tK7ozLhWshHdbm0B6vUv68039EzDZSwF9oNfRZSDYiHEA%26flowName%3DGeneralOAuthFlow%26as%3DS319551988%253A1787293793704",true,false
35,3182,"accounts.google.com/v3/signin/identifier?opparams=%253F&dsh=S319551988%3A1787293793704298&client_id=950472034074-acj262jqk6trve8i4ndsudqeokvh5pef.apps.googleusercontent.com&o2v=2&redirect_uri=https%3A%2F%2Fd3.delima.edu.my%2Fauthentication%2Fcode&response_type=code&scope=openid+email+profile&service=lso&state=687dd1554131263d0a34c1c976670ec2&flowName=GeneralOAuthFlow&continue=https%3A%2F%2Faccounts.google.com%2Fsignin%2Foauth%2Fv3%2Fconsent%3Fauthuser%3Dunknown%26part%3DAJi8hAOWyYdH5R2ROBHAFgQKcBn8t_n5wQnxiwhv_OyrVhnBxaCt3VR1862YsU7OffZnIXrn-_CVuy-3YZynxls9odXq2evVKMahma4x7vtJDTmC_okffv8Mkx4gv0CoDD5DgV4OU-Y7SdflUrDS75s5uUGtQ-kacf-cU8ZJtZRxSSVhWzGguTmgnFLLQv5CJi3i0eZ28ES_FK8G8GTV6VXwqNZ4qMdRIXbNlZCt-VBQjeVtrcpY_o4bw2PYECakUO8PX3_tUNsvnjAU-C1jsKuxzFFq_Vts-A5ASBd9J9wWbeOpewFabiY-e8-wm96EE2_lQy3Z4Srralw3hSH3rZw06JxEImxqfmfic7F6KUegNWEXAZ_QKPTSjijQ-5dVOW7eLCn-oRMObyi72MxbwPsEc4qKF86lWx_jC3DdNT-pAdlVmoLW_tK7ozLhWshHdbm0B6vUv68039EzDZSwF9oNfRZSDYiHEA%26flowName%3DGeneralOAuthFlow%26as%3DS319551988%253A1787293793704",true,false
35,3286,"Sign in - Google Accounts - Google Chrome",true,false
35,3611,"Sign in - Google Accounts - Google Chrome",true,false
35,3720,"Sign in - Google Accounts - Google Chrome",true,false
35,3832,"Sign in - Google Accounts - Google Chrome",true,false
35,3936,"Sign in - Google Accounts - Google Chrome",true,false
35,4048,"Sign in - Google Accounts - Google Chrome",true,false
35,4151,"Sign in - Google Accounts - Google Chrome",true,false
35,4259,"Sign in - Google Accounts - Google Chrome",true,false
35,4366,"Sign in - Google Accounts - Google Chrome",true,false
35,4471,"Sign in - Google Accounts - Google Chrome",true,false
35,4575,"Sign in - Google Accounts - Google Chrome",true,false
35,4678,"Sign in - Google Accounts - Google Chrome",true,false
35,4792,"Sign in - Google Accounts - Google Chrome",true,false
35,4907,"Sign in - Google Accounts - Google Chrome",true,false
35,5011,"Sign in - Google Accounts - Google Chrome",true,false
35,5116,"Sign in - Google Accounts - Google Chrome",true,false
35,5227,"Sign in - Google Accounts - Google Chrome",true,false
35,5340,"Sign in - Google Accounts - Google Chrome",true,false
35,5450,"Sign in - Google Accounts - Google Chrome",true,false
35,5565,"Sign in - Google Accounts - Google Chrome",true,false
35,5669,"Sign in - Google Accounts - Google Chrome",true,false
35,5772,"Sign in - Google Accounts - Google Chrome",true,false
35,5886,"Sign in - Google Accounts - Google Chrome",true,false
35,6002,"Sign in - Google Accounts - Google Chrome",true,false
35,6117,"Hi RAJA MUHAMMAD AZRIEN BIN RAJA AZAMAN SHAH - Google Chrome",true,false
35,6231,"Hi RAJA MUHAMMAD AZRIEN BIN RAJA AZAMAN SHAH - Google Chrome",true,false
35,6336,"Hi RAJA MUHAMMAD AZRIEN BIN RAJA AZAMAN SHAH - Google Chrome",true,false
35,6453,"Hi RAJA MUHAMMAD AZRIEN BIN RAJA AZAMAN SHAH - Google Chrome",true,true
35,6561,"Hi RAJA MUHAMMAD AZRIEN BIN RAJA AZAMAN SHAH - Google Chrome",true,true
35,6665,"Hi RAJA MUHAMMAD AZRIEN BIN RAJA AZAMAN SHAH - Google Chrome",true,true
35,6772,"Delima-AutoLogin - Antigravity IDE - README.md",true,false
35,6884,"Delima-AutoLogin - Antigravity IDE - README.md",true,false
36,0,"Delima-AutoLogin - Antigravity IDE - README.md",true,false
36,109,"Delima-AutoLogin - Antigravity IDE - README.md",true,false
36,215,"Untitled - Google Chrome",true,false
36,367,"Untitled - Google Chrome",true,false
36,486,"Untitled - Google Chrome",true,false
36,593,"DELIMa 3.0 Digital Educational Learning Initiative Malaysia - Google Chrome",true,false
36,703,"DELIMa 3.0 Digital Educational Learning Initiative Malaysia - Google Chrome",true,false
36,816,"DELIMa 3.0 Digital Educational Learning Initiative Malaysia - Google Chrome",true,false
36,927,"DELIMa 3.0 Digital Educational Learning Initiative Malaysia - Google Chrome",true,false
36,1030,"DELIMa 3.0 Digital Educational Learning Initiative Malaysia - Google Chrome",true,false
36,1132,"DELIMa 3.0 Digital Educational Learning Initiative Malaysia - Google Chrome",true,false
36,1249,"DELIMa 3.0 Digital Educational Learning Initiative Malaysia - Google Chrome",true,false
36,1364,"DELIMa 3.0 Digital Educational Learning Initiative Malaysia - Google Chrome",true,false
36,1466,"DELIMa 3.0 Digital Educational Learning Initiative Malaysia - Google Chrome",true,false
36,1581,"DELIMa 3.0 Digital Educational Learning Initiative Malaysia - Google Chrome",true,false
36,1684,"DELIMa 3.0 Digital Educational Learning Initiative Malaysia - Google Chrome",true,false
36,1788,"DELIMa 3.0 Digital Educational Learning Initiative Malaysia - Google Chrome",true,false
36,1896,"DELIMa 3.0 Digital Educational Learning Initiative Malaysia - Google Chrome",true,false
36,2008,"DELIMa 3.0 Digital Educational Learning Initiative Malaysia - Google Chrome",true,false
36,2125,"DELIMa 3.0 Digital Educational Learning Initiative Malaysia - Google Chrome",true,false
36,2240,"DELIMa 3.0 Digital Educational Learning Initiative Malaysia - Google Chrome",true,false
36,2346,"DELIMa 3.0 Digital Educational Learning Initiative Malaysia - Google Chrome",true,false
36,2450,"DELIMa 3.0 Digital Educational Learning Initiative Malaysia - Google Chrome",true,false
36,2555,"DELIMa 3.0 Digital Educational Learning Initiative Malaysia - Google Chrome",true,false
36,2660,"DELIMa 3.0 Digital Educational Learning Initiative Malaysia - Google Chrome",true,false
36,2776,"DELIMa 3.0 Digital Educational Learning Initiative Malaysia - Google Chrome",true,false
36,2888,"DELIMa 3.0 Digital Educational Learning Initiative Malaysia - Google Chrome",true,false
36,3005,"DELIMa 3.0 Digital Educational Learning Initiative Malaysia - Google Chrome",true,false
36,3110,"DELIMa 3.0 Digital Educational Learning Initiative Malaysia - Google Chrome",true,false
36,3222,"DELIMa 3.0 Digital Educational Learning Initiative Malaysia - Google Chrome",true,false
36,3325,"DELIMa 3.0 Digital Educational Learning Initiative Malaysia - Google Chrome",true,false
36,3441,"Sign in - Google Accounts - Google Chrome",true,false
36,3546,"Sign in - Google Accounts - Google Chrome",true,false
36,3651,"Sign in - Google Accounts - Google Chrome",true,false
36,3993,"Sign in - Google Accounts - Google Chrome",true,false
36,4099,"Sign in - Google Accounts - Google Chrome",true,false
36,4218,"Sign in - Google Accounts - Google Chrome",true,false
36,4323,"Sign in - Google Accounts - Google Chrome",true,false
36,4432,"Sign in - Google Accounts - Google Chrome",true,false
36,4536,"Sign in - Google Accounts - Google Chrome",true,false
36,4650,"Sign in - Google Accounts - Google Chrome",true,false
36,4755,"Sign in - Google Accounts - Google Chrome",true,false
36,4868,"Sign in - Google Accounts - Google Chrome",true,false
36,4981,"Sign in - Google Accounts - Google Chrome",true,false
36,5095,"Sign in - Google Accounts - Google Chrome",true,false
36,5200,"Sign in - Google Accounts - Google Chrome",true,false
36,5311,"Sign in - Google Accounts - Google Chrome",true,false
36,5418,"Sign in - Google Accounts - Google Chrome",true,false
36,5531,"Sign in - Google Accounts - Google Chrome",true,false
36,5634,"Sign in - Google Accounts - Google Chrome",true,false
36,5738,"Sign in - Google Accounts - Google Chrome",true,false
36,5844,"Sign in - Google Accounts - Google Chrome",true,false
36,5955,"Sign in - Google Accounts - Google Chrome",true,false
36,6059,"Sign in - Google Accounts - Google Chrome",true,false
36,6167,"Sign in - Google Accounts - Google Chrome",true,false
36,6281,"Sign in - Google Accounts - Google Chrome",true,false
36,6395,"Sign in - Google Accounts - Google Chrome",true,false
36,6499,"Sign in - Google Accounts - Google Chrome",true,false
36,6616,"Sign in - Google Accounts - Google Chrome",true,false
36,6720,"Sign in - Google Accounts - Google Chrome",true,false
36,6829,"Sign in - Google Accounts - Google Chrome",true,false
36,6936,"Sign in - Google Accounts - Google Chrome",true,false
36,7051,"Hi RAJA MUHAMMAD AZRIEN BIN RAJA AZAMAN SHAH - Google Chrome",true,false
36,7159,"Hi RAJA MUHAMMAD AZRIEN BIN RAJA AZAMAN SHAH - Google Chrome",true,false
36,7267,"Hi RAJA MUHAMMAD AZRIEN BIN RAJA AZAMAN SHAH - Google Chrome",true,true
36,7375,"Hi RAJA MUHAMMAD AZRIEN BIN RAJA AZAMAN SHAH - Google Chrome",true,true
36,7488,"Hi RAJA MUHAMMAD AZRIEN BIN RAJA AZAMAN SHAH - Google Chrome",true,true
36,7597,"Hi RAJA MUHAMMAD AZRIEN BIN RAJA AZAMAN SHAH - Google Chrome",true,true
36,7701,"Hi RAJA MUHAMMAD AZRIEN BIN RAJA AZAMAN SHAH - Google Chrome",true,true
36,7807,"Delima-AutoLogin - Antigravity IDE - README.md",true,false
37,0,"Delima-AutoLogin - Antigravity IDE - README.md",true,false
37,106,"Delima-AutoLogin - Antigravity IDE - README.md",true,false
37,218,"Untitled - Google Chrome",true,false
37,350,"Untitled - Google Chrome",true,false
37,454,"Untitled - Google Chrome",true,false
37,561,"DELIMa 3.0 Digital Educational Learning Initiative Malaysia - Google Chrome",true,false
37,675,"DELIMa 3.0 Digital Educational Learning Initiative Malaysia - Google Chrome",true,false
37,787,"DELIMa 3.0 Digital Educational Learning Initiative Malaysia - Google Chrome",true,false
37,889,"DELIMa 3.0 Digital Educational Learning Initiative Malaysia - Google Chrome",true,false
37,1005,"DELIMa 3.0 Digital Educational Learning Initiative Malaysia - Google Chrome",true,false
37,1111,"Delima-AutoLogin - Antigravity IDE - README.md",true,false
38,0,"Delima-AutoLogin - Antigravity IDE - README.md",true,false
38,110,"Delima-AutoLogin - Antigravity IDE - README.md",true,false
38,224,"Untitled - Google Chrome",true,false
38,350,"Untitled - Google Chrome",true,false
38,463,"Untitled - Google Chrome",true,false
38,569,"DELIMa 3.0 Digital Educational Learning Initiative Malaysia - Google Chrome",true,false
38,673,"DELIMa 3.0 Digital Educational Learning Initiative Malaysia - Google Chrome",true,false
38,777,"DELIMa 3.0 Digital Educational Learning Initiative Malaysia - Google Chrome",true,false
38,879,"DELIMa 3.0 Digital Educational Learning Initiative Malaysia - Google Chrome",true,false
38,984,"Delima-AutoLogin - Antigravity IDE - README.md",true,false
39,0,"Delima-AutoLogin - Antigravity IDE - README.md",true,false
39,115,"Delima-AutoLogin - Antigravity IDE - README.md",true,false
39,218,"Untitled - Google Chrome",true,false
39,343,"Untitled - Google Chrome",true,false
39,451,"Untitled - Google Chrome",true,false
39,569,"DELIMa 3.0 Digital Educational Learning Initiative Malaysia - Google Chrome",true,false
39,680,"DELIMa 3.0 Digital Educational Learning Initiative Malaysia - Google Chrome",true,false
39,797,"DELIMa 3.0 Digital Educational Learning Initiative Malaysia - Google Chrome",true,false
39,900,"Delima-AutoLogin - Antigravity IDE - README.md",true,false
40,0,"Delima-AutoLogin - Antigravity IDE - README.md",true,false
40,110,"Delima-AutoLogin - Antigravity IDE - README.md",true,false
40,214,"Untitled - Google Chrome",true,false
40,351,"Untitled - Google Chrome",true,false
40,467,"Untitled - Google Chrome",true,false
40,576,"Untitled - Google Chrome",true,false
40,692,"DELIMa 3.0 Digital Educational Learning Initiative Malaysia - Google Chrome",true,false
40,805,"DELIMa 3.0 Digital Educational Learning Initiative Malaysia - Google Chrome",true,false
40,922,"Delima-AutoLogin - Antigravity IDE - README.md",true,false
41,0,"Delima-AutoLogin - Antigravity IDE - README.md",true,false
41,108,"Delima-AutoLogin - Antigravity IDE - README.md",true,false
41,226,"Untitled - Google Chrome",true,false
41,346,"Untitled - Google Chrome",true,false
41,451,"Untitled - Google Chrome",true,false
41,557,"DELIMa 3.0 Digital Educational Learning Initiative Malaysia - Google Chrome",true,false
41,674,"DELIMa 3.0 Digital Educational Learning Initiative Malaysia - Google Chrome",true,false
41,790,"DELIMa 3.0 Digital Educational Learning Initiative Malaysia - Google Chrome",true,false
41,900,"DELIMa 3.0 Digital Educational Learning Initiative Malaysia - Google Chrome",true,false
41,1015,"Delima-AutoLogin - Antigravity IDE - README.md",true,false
42,0,"Delima-AutoLogin - Antigravity IDE - README.md",true,false
42,112,"Delima-AutoLogin - Antigravity IDE - README.md",true,false
42,225,"Untitled - Google Chrome",true,false
42,352,"Untitled - Google Chrome",true,false
42,462,"Untitled - Google Chrome",true,false
42,571,"DELIMa 3.0 Digital Educational Learning Initiative Malaysia - Google Chrome",true,false
42,684,"DELIMa 3.0 Digital Educational Learning Initiative Malaysia - Google Chrome",true,false
42,793,"DELIMa 3.0 Digital Educational Learning Initiative Malaysia - Google Chrome",true,false
42,908,"Delima-AutoLogin - Antigravity IDE - README.md",true,false
43,0,"Delima-AutoLogin - Antigravity IDE - README.md",true,false
43,108,"Delima-AutoLogin - Antigravity IDE - README.md",true,false
43,213,"Untitled - Google Chrome",true,false
43,348,"Untitled - Google Chrome",true,false
43,453,"Untitled - Google Chrome",true,false
43,560,"DELIMa 3.0 Digital Educational Learning Initiative Malaysia - Google Chrome",true,false
43,674,"DELIMa 3.0 Digital Educational Learning Initiative Malaysia - Google Chrome",true,false
43,788,"DELIMa 3.0 Digital Educational Learning Initiative Malaysia - Google Chrome",true,false
43,896,"DELIMa 3.0 Digital Educational Learning Initiative Malaysia - Google Chrome",true,false
43,1009,"DELIMa 3.0 Digital Educational Learning Initiative Malaysia - Google Chrome",true,false
43,1120,"DELIMa 3.0 Digital Educational Learning Initiative Malaysia - Google Chrome",true,false
43,1227,"DELIMa 3.0 Digital Educational Learning Initiative Malaysia - Google Chrome",true,false
43,1332,"DELIMa 3.0 Digital Educational Learning Initiative Malaysia - Google Chrome",true,false
43,1450,"Delima-AutoLogin - Antigravity IDE - README.md",true,false
44,0,"Delima-AutoLogin - Antigravity IDE - README.md",true,false
44,112,"Delima-AutoLogin - Antigravity IDE - README.md",true,false
44,218,"Untitled - Google Chrome",true,false
44,349,"Untitled - Google Chrome",true,false
44,453,"Untitled - Google Chrome",true,false
44,559,"DELIMa 3.0 Digital Educational Learning Initiative Malaysia - Google Chrome",true,false
44,687,"DELIMa 3.0 Digital Educational Learning Initiative Malaysia - Google Chrome",true,false
44,797,"DELIMa 3.0 Digital Educational Learning Initiative Malaysia - Google Chrome",true,false
44,905,"DELIMa 3.0 Digital Educational Learning Initiative Malaysia - Google Chrome",false,
45,0,"Delima-AutoLogin - Antigravity IDE - README.md",true,false
45,101,"Delima-AutoLogin - Antigravity IDE - README.md",true,false
45,208,"Untitled - Google Chrome",true,false
45,346,"Untitled - Google Chrome",true,false
45,454,"Untitled - Google Chrome",true,false
45,563,"DELIMa 3.0 Digital Educational Learning Initiative Malaysia - Google Chrome",true,false
45,679,"DELIMa 3.0 Digital Educational Learning Initiative Malaysia - Google Chrome",true,false
45,786,"DELIMa 3.0 Digital Educational Learning Initiative Malaysia - Google Chrome",true,false
45,888,"DELIMa 3.0 Digital Educational Learning Initiative Malaysia - Google Chrome",true,false
45,1001,"DELIMa 3.0 Digital Educational Learning Initiative Malaysia - Google Chrome",true,false
45,1108,"DELIMa 3.0 Digital Educational Learning Initiative Malaysia - Google Chrome",true,false
45,1213,"DELIMa 3.0 Digital Educational Learning Initiative Malaysia - Google Chrome",true,false
45,1326,"DELIMa 3.0 Digital Educational Learning Initiative Malaysia - Google Chrome",true,false
45,1429,"DELIMa 3.0 Digital Educational Learning Initiative Malaysia - Google Chrome",true,false
45,1538,"DELIMa 3.0 Digital Educational Learning Initiative Malaysia - Google Chrome",true,false
45,1655,"DELIMa 3.0 Digital Educational Learning Initiative Malaysia - Google Chrome",true,false
45,1759,"Delima-AutoLogin - Antigravity IDE - README.md",true,false
46,0,"Delima-AutoLogin - Antigravity IDE - README.md",true,false
46,113,"Delima-AutoLogin - Antigravity IDE - README.md",true,false
46,220,"Untitled - Google Chrome",true,false
46,352,"Untitled - Google Chrome",true,false
46,461,"Untitled - Google Chrome",true,false
46,567,"Untitled - Google Chrome",true,false
46,680,"DELIMa 3.0 Digital Educational Learning Initiative Malaysia - Google Chrome",true,false
46,785,"DELIMa 3.0 Digital Educational Learning Initiative Malaysia - Google Chrome",true,false
46,897,"DELIMa 3.0 Digital Educational Learning Initiative Malaysia - Google Chrome",true,false
46,1001,"DELIMa 3.0 Digital Educational Learning Initiative Malaysia - Google Chrome",true,false
46,1113,"DELIMa 3.0 Digital Educational Learning Initiative Malaysia - Google Chrome",true,false
46,1223,"DELIMa 3.0 Digital Educational Learning Initiative Malaysia - Google Chrome",true,false
46,1328,"DELIMa 3.0 Digital Educational Learning Initiative Malaysia - Google Chrome",true,false
46,1442,"DELIMa 3.0 Digital Educational Learning Initiative Malaysia - Google Chrome",true,false
46,1551,"DELIMa 3.0 Digital Educational Learning Initiative Malaysia - Google Chrome",true,false
46,1653,"DELIMa 3.0 Digital Educational Learning Initiative Malaysia - Google Chrome",true,false
46,1757,"DELIMa 3.0 Digital Educational Learning Initiative Malaysia - Google Chrome",true,false
46,1871,"DELIMa 3.0 Digital Educational Learning Initiative Malaysia - Google Chrome",true,false
46,1982,"DELIMa 3.0 Digital Educational Learning Initiative Malaysia - Google Chrome",true,false
46,2092,"DELIMa 3.0 Digital Educational Learning Initiative Malaysia - Google Chrome",true,false
46,2210,"accounts.google.com/v3/signin/identifier?opparams=%253F&dsh=S-1308166018%3A1787293825294888&client_id=950472034074-acj262jqk6trve8i4ndsudqeokvh5pef.apps.googleusercontent.com&o2v=2&redirect_uri=https%3A%2F%2Fd3.delima.edu.my%2Fauthentication%2Fcode&response_type=code&scope=openid+email+profile&service=lso&state=ae3b3c9b74c3d823fba017eac4f6cb35&flowName=GeneralOAuthFlow&continue=https%3A%2F%2Faccounts.google.com%2Fsignin%2Foauth%2Fconsent%3Fauthuser%3Dunknown%26part%3DAJi8hANn9m8z1GKqo0SlO_kMybBTvbjxPvrF5DqGdEeWGqQZT5fhQeYtKI9FiXyLjVTsLbhs8MME1cjP72e1fbgTvNKB5iFKBLoIe1r3XU0t__aXI4Z6A2b6246oiAYd70IYQrJCN3ZuPJ0l2wPibsSBmCku-9li-Onxp_oIWLBAgxMJxZCuJsP9gAMHItSgseqNpk_1c03MdmdKeI92cLt85YSdYLaSzB3Wyg0J6POyyBUqvlQgaMkHkOewf6OJdC2lWVRlGsHAVgknb82tydyAAXEtDHOyR7DFy2Vq_t6jkPAWUCeHcY5KQ3YdUzrTa2OppxCb1UWIpuBrUcQizMR4W9eWaworDs-500Wt52_EQUQyS9qDhKQZUQhKChiR7G1AYIEVhrXcZsMc16c7a4zN16c2eqmsBwcnt8zee87valZKlYBPJkbrEYh67ZIXR5nkb9IFj1kpPA9W81hlDWboms0-jZLSuw%26flowName%3DGeneralOAuthFlow%26as%3DS-1308166018%253A17872938252948",true,false
46,2321,"accounts.google.com/v3/signin/identifier?opparams=%253F&dsh=S-1308166018%3A1787293825294888&client_id=950472034074-acj262jqk6trve8i4ndsudqeokvh5pef.apps.googleusercontent.com&o2v=2&redirect_uri=https%3A%2F%2Fd3.delima.edu.my%2Fauthentication%2Fcode&response_type=code&scope=openid+email+profile&service=lso&state=ae3b3c9b74c3d823fba017eac4f6cb35&flowName=GeneralOAuthFlow&continue=https%3A%2F%2Faccounts.google.com%2Fsignin%2Foauth%2Fconsent%3Fauthuser%3Dunknown%26part%3DAJi8hANn9m8z1GKqo0SlO_kMybBTvbjxPvrF5DqGdEeWGqQZT5fhQeYtKI9FiXyLjVTsLbhs8MME1cjP72e1fbgTvNKB5iFKBLoIe1r3XU0t__aXI4Z6A2b6246oiAYd70IYQrJCN3ZuPJ0l2wPibsSBmCku-9li-Onxp_oIWLBAgxMJxZCuJsP9gAMHItSgseqNpk_1c03MdmdKeI92cLt85YSdYLaSzB3Wyg0J6POyyBUqvlQgaMkHkOewf6OJdC2lWVRlGsHAVgknb82tydyAAXEtDHOyR7DFy2Vq_t6jkPAWUCeHcY5KQ3YdUzrTa2OppxCb1UWIpuBrUcQizMR4W9eWaworDs-500Wt52_EQUQyS9qDhKQZUQhKChiR7G1AYIEVhrXcZsMc16c7a4zN16c2eqmsBwcnt8zee87valZKlYBPJkbrEYh67ZIXR5nkb9IFj1kpPA9W81hlDWboms0-jZLSuw%26flowName%3DGeneralOAuthFlow%26as%3DS-1308166018%253A17872938252948",true,false
46,2432,"Sign in - Google Accounts - Google Chrome",true,false
46,2536,"Sign in - Google Accounts - Google Chrome",true,false
46,2797,"Sign in - Google Accounts - Google Chrome",true,false
46,2915,"Sign in - Google Accounts - Google Chrome",true,false
46,3017,"Sign in - Google Accounts - Google Chrome",true,false
46,3123,"Sign in - Google Accounts - Google Chrome",true,false
46,3225,"Sign in - Google Accounts - Google Chrome",true,false
46,3337,"Sign in - Google Accounts - Google Chrome",true,false
46,3450,"Sign in - Google Accounts - Google Chrome",true,false
46,3566,"Sign in - Google Accounts - Google Chrome",true,false
46,3668,"Sign in - Google Accounts - Google Chrome",true,false
46,3771,"Sign in - Google Accounts - Google Chrome",true,false
46,3877,"Sign in - Google Accounts - Google Chrome",true,false
46,3982,"Sign in - Google Accounts - Google Chrome",true,false
46,4092,"Sign in - Google Accounts - Google Chrome",true,false
46,4197,"Sign in - Google Accounts - Google Chrome",true,false
46,4301,"Sign in - Google Accounts - Google Chrome",true,false
46,4416,"Sign in - Google Accounts - Google Chrome",true,false
46,4527,"Sign in - Google Accounts - Google Chrome",true,false
46,4633,"Sign in - Google Accounts - Google Chrome",true,false
46,4742,"Sign in - Google Accounts - Google Chrome",true,false
46,4845,"Sign in - Google Accounts - Google Chrome",true,false
46,4947,"Sign in - Google Accounts - Google Chrome",true,false
46,5050,"Sign in - Google Accounts - Google Chrome",true,false
46,5158,"Sign in - Google Accounts - Google Chrome",true,false
46,5271,"Sign in - Google Accounts - Google Chrome",true,false
46,5377,"Sign in - Google Accounts - Google Chrome",true,false
46,5492,"Sign in - Google Accounts - Google Chrome",true,false
46,5604,"Sign in - Google Accounts - Google Chrome",true,false
46,5707,"Sign in - Google Accounts - Google Chrome",true,false
46,5811,"Sign in - Google Accounts - Google Chrome",true,false
46,5916,"Sign in - Google Accounts - Google Chrome",true,false
46,6023,"Sign in - Google Accounts - Google Chrome",true,false
46,6129,"Sign in - Google Accounts - Google Chrome",true,false
46,6236,"Sign in - Google Accounts - Google Chrome",true,false
46,6340,"Sign in - Google Accounts - Google Chrome",true,false
46,6446,"Sign in - Google Accounts - Google Chrome",true,false
46,6561,"Sign in - Google Accounts - Google Chrome",true,false
46,6667,"Sign in - Google Accounts - Google Chrome",true,false
46,6769,"Sign in - Google Accounts - Google Chrome",true,false
46,6880,"Sign in - Google Accounts - Google Chrome",true,false
46,6995,"Sign in - Google Accounts - Google Chrome",true,false
46,7099,"Sign in - Google Accounts - Google Chrome",true,false
46,7202,"Sign in - Google Accounts - Google Chrome",true,false
46,7313,"Sign in - Google Accounts - Google Chrome",true,false
46,7416,"Sign in - Google Accounts - Google Chrome",true,false
46,7519,"Sign in - Google Accounts - Google Chrome",true,false
46,7629,"Sign in - Google Accounts - Google Chrome",true,false
46,7740,"Sign in - Google Accounts - Google Chrome",true,false
46,7842,"Sign in - Google Accounts - Google Chrome",true,false
46,7957,"Sign in - Google Accounts - Google Chrome",true,false
46,8071,"Sign in - Google Accounts - Google Chrome",true,false
46,8187,"Sign in - Google Accounts - Google Chrome",true,false
46,8291,"Sign in - Google Accounts - Google Chrome",true,false
46,8394,"Sign in - Google Accounts - Google Chrome",true,false
46,8508,"Sign in - Google Accounts - Google Chrome",true,false
46,8619,"Sign in - Google Accounts - Google Chrome",true,false
46,8720,"Sign in - Google Accounts - Google Chrome",true,false
46,8826,"Sign in - Google Accounts - Google Chrome",true,false
46,8942,"Sign in - Google Accounts - Google Chrome",true,false
46,9049,"Sign in - Google Accounts - Google Chrome",true,false
46,9158,"Sign in - Google Accounts - Google Chrome",true,false
46,9266,"Sign in - Google Accounts - Google Chrome",true,false
46,9370,"Sign in - Google Accounts - Google Chrome",true,false
46,9487,"Sign in - Google Accounts - Google Chrome",true,false
46,9599,"Sign in - Google Accounts - Google Chrome",true,false
46,9704,"Sign in - Google Accounts - Google Chrome",true,false
46,9816,"Sign in - Google Accounts - Google Chrome",true,false
46,9929,"Sign in - Google Accounts - Google Chrome",true,false
46,10032,"Sign in - Google Accounts - Google Chrome",true,false
46,10144,"Sign in - Google Accounts - Google Chrome",true,false
46,10256,"Sign in - Google Accounts - Google Chrome",true,false
46,10370,"Sign in - Google Accounts - Google Chrome",true,false
46,10482,"Sign in - Google Accounts - Google Chrome",true,false
46,10588,"Sign in - Google Accounts - Google Chrome",true,false
46,10696,"Sign in - Google Accounts - Google Chrome",true,false
46,10799,"Sign in - Google Accounts - Google Chrome",true,false
46,10915,"Sign in - Google Accounts - Google Chrome",true,false
46,11025,"Sign in - Google Accounts - Google Chrome",true,false
46,11128,"Sign in - Google Accounts - Google Chrome",true,false
46,11241,"Sign in - Google Accounts - Google Chrome",true,false
46,11346,"Sign in - Google Accounts - Google Chrome",true,false
46,11452,"Sign in - Google Accounts - Google Chrome",true,false
46,11554,"Sign in - Google Accounts - Google Chrome",true,false
46,11663,"Sign in - Google Accounts - Google Chrome",true,false
46,11765,"Sign in - Google Accounts - Google Chrome",true,false
46,11871,"Sign in - Google Accounts - Google Chrome",true,false
46,11975,"Sign in - Google Accounts - Google Chrome",true,false
46,12089,"Sign in - Google Accounts - Google Chrome",true,false
46,12190,"Sign in - Google Accounts - Google Chrome",true,false
46,12306,"Sign in - Google Accounts - Google Chrome",true,false
46,12411,"Sign in - Google Accounts - Google Chrome",true,false
46,12522,"Sign in - Google Accounts - Google Chrome",true,false
46,12623,"Sign in - Google Accounts - Google Chrome",true,false
46,12726,"Sign in - Google Accounts - Google Chrome",true,false
46,12830,"Sign in - Google Accounts - Google Chrome",true,false
46,12944,"Sign in - Google Accounts - Google Chrome",true,false
46,13057,"Sign in - Google Accounts - Google Chrome",true,false
46,13161,"Sign in - Google Accounts - Google Chrome",true,false
46,13275,"Sign in - Google Accounts - Google Chrome",true,false
46,13381,"Sign in - Google Accounts - Google Chrome",true,false
46,13495,"Sign in - Google Accounts - Google Chrome",true,false
46,13601,"",true,false
46,13719,"",true,false
46,13823,"",true,false
46,13935,"",true,false
46,14042,"",true,false
46,14156,"",true,false
46,14264,"",true,false
46,14370,"",true,false
46,14478,"",true,false
46,14580,"",true,false
46,14685,"",true,false
46,14793,"",true,false
46,14914,"",true,false
46,15019,"",true,false
46,15126,"",true,false
46,15231,"",true,false
46,15338,"",true,false
46,15446,"",true,false
46,15556,"",true,false
46,15665,"",true,false
46,15774,"",true,false
46,15883,"",true,false
46,15991,"",true,false
46,16100,"",true,false
46,16210,"",true,false
46,16319,"",true,false
46,16428,"",true,false
46,16537,"",true,false
46,16644,"",true,false
46,16754,"",true,false
46,16864,"",true,false
46,16973,"",true,false
46,17079,"",true,false
46,17187,"",true,false
46,17290,"",true,false
46,17399,"",true,false
46,17505,"",true,false
46,17608,"Sign in - Google Accounts - Google Chrome",true,false
46,17718,"Sign in - Google Accounts - Google Chrome",true,false
46,17828,"Sign in - Google Accounts - Google Chrome",true,false
46,17934,"Sign in - Google Accounts - Google Chrome",true,false
46,18044,"Sign in - Google Accounts - Google Chrome",true,false
46,18151,"Sign in - Google Accounts - Google Chrome",true,false
46,18261,"Sign in - Google Accounts - Google Chrome",true,false
46,18368,"Sign in - Google Accounts - Google Chrome",true,false
46,18478,"Sign in - Google Accounts - Google Chrome",true,false
46,18583,"Sign in - Google Accounts - Google Chrome",true,false
46,18689,"Sign in - Google Accounts - Google Chrome",true,false
46,18797,"Sign in - Google Accounts - Google Chrome",true,false
46,18905,"Sign in - Google Accounts - Google Chrome",true,false
46,19010,"Sign in - Google Accounts - Google Chrome",true,false
46,19118,"Sign in - Google Accounts - Google Chrome",true,false
46,19225,"Sign in - Google Accounts - Google Chrome",true,false
46,19332,"Sign in - Google Accounts - Google Chrome",true,false
46,19441,"Sign in - Google Accounts - Google Chrome",true,false
46,19551,"Sign in - Google Accounts - Google Chrome",true,false
46,19658,"Sign in - Google Accounts - Google Chrome",true,false
46,19766,"Sign in - Google Accounts - Google Chrome",true,false
46,19873,"Sign in - Google Accounts - Google Chrome",true,false
46,19979,"Sign in - Google Accounts - Google Chrome",true,false
46,20086,"Sign in - Google Accounts - Google Chrome",true,false
46,20190,"Sign in - Google Accounts - Google Chrome",true,false
46,20302,"Sign in - Google Accounts - Google Chrome",true,false
46,20412,"Sign in - Google Accounts - Google Chrome",true,false
46,20522,"Sign in - Google Accounts - Google Chrome",true,false
46,20630,"Sign in - Google Accounts - Google Chrome",true,false
46,20739,"Sign in - Google Accounts - Google Chrome",true,false
46,20848,"Sign in - Google Accounts - Google Chrome",true,false
46,20958,"Sign in - Google Accounts - Google Chrome",true,false
46,21067,"Sign in - Google Accounts - Google Chrome",true,false
46,21173,"Sign in - Google Accounts - Google Chrome",true,false
46,21283,"Sign in - Google Accounts - Google Chrome",true,false
46,21393,"Sign in - Google Accounts - Google Chrome",true,false
46,21500,"Sign in - Google Accounts - Google Chrome",true,false
46,21605,"Sign in - Google Accounts - Google Chrome",true,false
46,21713,"Sign in - Google Accounts - Google Chrome",true,false
46,21819,"Sign in - Google Accounts - Google Chrome",true,false
46,21988,"Hi RAJA MUHAMMAD AZRIEN BIN RAJA AZAMAN SHAH - Google Chrome",true,false
46,22096,"Hi RAJA MUHAMMAD AZRIEN BIN RAJA AZAMAN SHAH - Google Chrome",true,true
46,22205,"Hi RAJA MUHAMMAD AZRIEN BIN RAJA AZAMAN SHAH - Google Chrome",true,true
46,22310,"Hi RAJA MUHAMMAD AZRIEN BIN RAJA AZAMAN SHAH - Google Chrome",true,true
46,22419,"Hi RAJA MUHAMMAD AZRIEN BIN RAJA AZAMAN SHAH - Google Chrome",false,
47,0,"",true,false
47,114,"",true,false
47,219,"Delima-AutoLogin - Antigravity IDE - README.md",true,false
47,332,"Delima-AutoLogin - Antigravity IDE - README.md",true,false
47,437,"Delima-AutoLogin - Antigravity IDE - README.md",true,false
47,541,"Delima-AutoLogin - Antigravity IDE - README.md",true,false
47,647,"Delima-AutoLogin - Antigravity IDE - README.md",true,false
47,759,"Delima-AutoLogin - Antigravity IDE - README.md",true,false
47,864,"Delima-AutoLogin - Antigravity IDE - README.md",true,false
47,966,"Delima-AutoLogin - Antigravity IDE - README.md",true,false
47,1080,"Delima-AutoLogin - Antigravity IDE - README.md",true,false
47,1192,"Delima-AutoLogin - Antigravity IDE - README.md",true,false
47,1308,"Delima-AutoLogin - Antigravity IDE - README.md",true,false
47,1412,"Delima-AutoLogin - Antigravity IDE - README.md",true,false
47,1522,"Delima-AutoLogin - Antigravity IDE - README.md",true,false
47,1628,"Delima-AutoLogin - Antigravity IDE - README.md",true,false
47,1733,"Delima-AutoLogin - Antigravity IDE - README.md",true,false
47,1838,"Delima-AutoLogin - Antigravity IDE - README.md",true,false
47,1945,"",true,false
47,2060,"DELIMa 3.0 Digital Educational Learning Initiative Malaysia - Google Chrome",true,false
47,2166,"DELIMa 3.0 Digital Educational Learning Initiative Malaysia - Google Chrome",true,false
47,2268,"DELIMa 3.0 Digital Educational Learning Initiative Malaysia - Google Chrome",true,false
47,2377,"DELIMa 3.0 Digital Educational Learning Initiative Malaysia - Google Chrome",true,false
47,2485,"DELIMa 3.0 Digital Educational Learning Initiative Malaysia - Google Chrome",true,false
47,2588,"DELIMa 3.0 Digital Educational Learning Initiative Malaysia - Google Chrome",true,false
47,2697,"DELIMa 3.0 Digital Educational Learning Initiative Malaysia - Google Chrome",true,false
47,2811,"DELIMa 3.0 Digital Educational Learning Initiative Malaysia - Google Chrome",true,false
47,2926,"DELIMa 3.0 Digital Educational Learning Initiative Malaysia - Google Chrome",true,false
47,3038,"DELIMa 3.0 Digital Educational Learning Initiative Malaysia - Google Chrome",true,false
47,3150,"DELIMa 3.0 Digital Educational Learning Initiative Malaysia - Google Chrome",true,false
47,3257,"DELIMa 3.0 Digital Educational Learning Initiative Malaysia - Google Chrome",true,false
47,3371,"DELIMa 3.0 Digital Educational Learning Initiative Malaysia - Google Chrome",true,false
47,3476,"accounts.google.com/v3/signin/identifier?opparams=%253F&dsh=S1647979540%3A1787293849986017&client_id=950472034074-acj262jqk6trve8i4ndsudqeokvh5pef.apps.googleusercontent.com&o2v=2&redirect_uri=https%3A%2F%2Fd3.delima.edu.my%2Fauthentication%2Fcode&response_type=code&scope=openid+email+profile&service=lso&state=0ff972e1d46135ec723d573af9f71260&flowName=GeneralOAuthFlow&continue=https%3A%2F%2Faccounts.google.com%2Fsignin%2Foauth%2Fv3%2Fconsent%3Fauthuser%3Dunknown%26part%3DAJi8hAP5vEE0blB5zVmklcK2jMErp3W5ljlYQtrnfasoXQuPshVc7NGxeZqdkSHWSKiY9389B9YB3sj5oY_LmXTs-wWEGoK_4JxgbJcidzf6sx57TYPj0t_MoQCW81gT7hBi1CjXsVFN_gDdzJdVeY9HoZAHk2tvXVx2Q00u1leO_Ts9uG52dBctQOGx--o9SWEoujI-7Lrb12yBrDMrYnP5WC146SuT5cwkmX0BAp0uPKVWt0oVfp926WAIuGIkltl388H5-t6v0I7blOzgMAru9rkZRdn94siqHKi0M6dujuJmXM59DWhKJCaauKIY1Y98-K1k-wBytkzGLwHCja9bkDUsyAeweAhjj_mBoH-w50wyOQHdswqDr-Pb-4qpMbwBpvPpEJYy_6thdaZ4-3STe5GQl2hibTes5MT-avn6n3Qbb4qO6G69xSwFXCQmEdgtlGD5MJ3aixqm-xg6sCpihNchslzLUw%26flowName%3DGeneralOAuthFlow%26as%3DS1647979540%253A17872938499",true,false
47,3587,"accounts.google.com/v3/signin/identifier?opparams=%253F&dsh=S1647979540%3A1787293849986017&client_id=950472034074-acj262jqk6trve8i4ndsudqeokvh5pef.apps.googleusercontent.com&o2v=2&redirect_uri=https%3A%2F%2Fd3.delima.edu.my%2Fauthentication%2Fcode&response_type=code&scope=openid+email+profile&service=lso&state=0ff972e1d46135ec723d573af9f71260&flowName=GeneralOAuthFlow&continue=https%3A%2F%2Faccounts.google.com%2Fsignin%2Foauth%2Fv3%2Fconsent%3Fauthuser%3Dunknown%26part%3DAJi8hAP5vEE0blB5zVmklcK2jMErp3W5ljlYQtrnfasoXQuPshVc7NGxeZqdkSHWSKiY9389B9YB3sj5oY_LmXTs-wWEGoK_4JxgbJcidzf6sx57TYPj0t_MoQCW81gT7hBi1CjXsVFN_gDdzJdVeY9HoZAHk2tvXVx2Q00u1leO_Ts9uG52dBctQOGx--o9SWEoujI-7Lrb12yBrDMrYnP5WC146SuT5cwkmX0BAp0uPKVWt0oVfp926WAIuGIkltl388H5-t6v0I7blOzgMAru9rkZRdn94siqHKi0M6dujuJmXM59DWhKJCaauKIY1Y98-K1k-wBytkzGLwHCja9bkDUsyAeweAhjj_mBoH-w50wyOQHdswqDr-Pb-4qpMbwBpvPpEJYy_6thdaZ4-3STe5GQl2hibTes5MT-avn6n3Qbb4qO6G69xSwFXCQmEdgtlGD5MJ3aixqm-xg6sCpihNchslzLUw%26flowName%3DGeneralOAuthFlow%26as%3DS1647979540%253A17872938499",true,false
47,3701,"Sign in - Google Accounts - Google Chrome",true,false
47,3811,"Sign in - Google Accounts - Google Chrome",true,false
47,4098,"Sign in - Google Accounts - Google Chrome",true,false
47,4202,"Sign in - Google Accounts - Google Chrome",true,false
47,4316,"Sign in - Google Accounts - Google Chrome",true,false
47,4426,"Sign in - Google Accounts - Google Chrome",true,false
47,4533,"Sign in - Google Accounts - Google Chrome",true,false
47,4645,"Sign in - Google Accounts - Google Chrome",true,false
47,4759,"Sign in - Google Accounts - Google Chrome",true,false
47,4878,"Sign in - Google Accounts - Google Chrome",true,false
47,4991,"Sign in - Google Accounts - Google Chrome",true,false
47,5100,"Sign in - Google Accounts - Google Chrome",true,false
47,5211,"Sign in - Google Accounts - Google Chrome",true,false
47,5313,"Sign in - Google Accounts - Google Chrome",true,false
47,5429,"Sign in - Google Accounts - Google Chrome",true,false
47,5532,"Sign in - Google Accounts - Google Chrome",true,false
47,5637,"Sign in - Google Accounts - Google Chrome",true,false
47,5752,"Sign in - Google Accounts - Google Chrome",true,false
47,5867,"Sign in - Google Accounts - Google Chrome",true,false
47,5970,"Sign in - Google Accounts - Google Chrome",true,false
47,6083,"Sign in - Google Accounts - Google Chrome",true,false
47,6199,"Sign in - Google Accounts - Google Chrome",true,false
47,6310,"Sign in - Google Accounts - Google Chrome",true,false
47,6412,"Sign in - Google Accounts - Google Chrome",true,false
47,6527,"Sign in - Google Accounts - Google Chrome",true,false
47,6629,"Hi RAJA MUHAMMAD AZRIEN BIN RAJA AZAMAN SHAH - Google Chrome",true,false
47,6743,"Hi RAJA MUHAMMAD AZRIEN BIN RAJA AZAMAN SHAH - Google Chrome",true,false
47,6849,"Hi RAJA MUHAMMAD AZRIEN BIN RAJA AZAMAN SHAH - Google Chrome",true,false
47,6954,"Hi RAJA MUHAMMAD AZRIEN BIN RAJA AZAMAN SHAH - Google Chrome",true,true
47,7137,"Hi RAJA MUHAMMAD AZRIEN BIN RAJA AZAMAN SHAH - Google Chrome",true,true
47,7242,"Hi RAJA MUHAMMAD AZRIEN BIN RAJA AZAMAN SHAH - Google Chrome",true,true
47,7349,"Hi RAJA MUHAMMAD AZRIEN BIN RAJA AZAMAN SHAH - Google Chrome",true,true
47,7452,"",true,false
48,0,"",true,false
48,102,"",true,false
48,214,"",true,false
48,322,"",true,false
48,425,"",true,false
48,528,"",true,false
48,645,"",true,false
48,763,"",true,false
48,867,"",true,false
48,976,"",true,false
48,1082,"",true,false
48,1190,"",true,false
48,1306,"",true,false
48,1410,"",true,false
48,1512,"Translate this page?",true,false
48,1630,"Translate this page?",true,false
48,1735,"Translate this page?",true,false
48,1848,"DELIMa 3.0 Digital Educational Learning Initiative Malaysia - Google Chrome",true,false
48,1962,"DELIMa 3.0 Digital Educational Learning Initiative Malaysia - Google Chrome",true,false
48,2072,"DELIMa 3.0 Digital Educational Learning Initiative Malaysia - Google Chrome",true,false
48,2182,"accounts.google.com/v3/signin/identifier?opparams=%253F&dsh=S909499902%3A1787293857065462&client_id=950472034074-acj262jqk6trve8i4ndsudqeokvh5pef.apps.googleusercontent.com&o2v=2&redirect_uri=https%3A%2F%2Fd3.delima.edu.my%2Fauthentication%2Fcode&response_type=code&scope=openid+email+profile&service=lso&state=c134d86355c9988b193e8a538ebb4fcc&flowName=GeneralOAuthFlow&continue=https%3A%2F%2Faccounts.google.com%2Fsignin%2Foauth%2Fconsent%3Fauthuser%3Dunknown%26part%3DAJi8hAOrUXisjyLuQ7UypEWFZYvUZxyBb5b_dAk8OuW2Hccvhw02Epu39khqF3UobYUGbNry8w5WMaz16NPh8sfNhpaD73MbC_IE1CBiLbpn0OPp_-YD6kLD89VdeUXU___MCPoKY3DY3973lkL2LHZH_2Uo4-mirCa8xvaqKZlWm7eRApoysZLK8p4dyLomGQouvenTA1HQ2hSW8WrA5lnmaSPdVvI2PyXCgIDSQx-tibU6ECrgytdxlqnxu8rU53wiTqfWo-hdiAS5wFZlqNRcAfyN1uCHvPwmu7yyuUOyWWIDLoLwlMkYct324-8eYJJ8wkodSZfCPbVgbZIDInmRfHz2UAPJz0m9S7_x-F3WhCSfbKHESsBIpyWjtpE5jY13BB28XhCiAQ6ALq-6bHWeBZ_AnYBqOaeVZRqc1LsbKUrpoOHQ0mCH1FUlzE1jWpAU8daVU8xUD9Cd65MyKIrbO9htBEiJMQ%26flowName%3DGeneralOAuthFlow%26as%3DS909499902%253A1787293857065462%2",true,false
48,2297,"accounts.google.com/v3/signin/identifier?opparams=%253F&dsh=S909499902%3A1787293857065462&client_id=950472034074-acj262jqk6trve8i4ndsudqeokvh5pef.apps.googleusercontent.com&o2v=2&redirect_uri=https%3A%2F%2Fd3.delima.edu.my%2Fauthentication%2Fcode&response_type=code&scope=openid+email+profile&service=lso&state=c134d86355c9988b193e8a538ebb4fcc&flowName=GeneralOAuthFlow&continue=https%3A%2F%2Faccounts.google.com%2Fsignin%2Foauth%2Fconsent%3Fauthuser%3Dunknown%26part%3DAJi8hAOrUXisjyLuQ7UypEWFZYvUZxyBb5b_dAk8OuW2Hccvhw02Epu39khqF3UobYUGbNry8w5WMaz16NPh8sfNhpaD73MbC_IE1CBiLbpn0OPp_-YD6kLD89VdeUXU___MCPoKY3DY3973lkL2LHZH_2Uo4-mirCa8xvaqKZlWm7eRApoysZLK8p4dyLomGQouvenTA1HQ2hSW8WrA5lnmaSPdVvI2PyXCgIDSQx-tibU6ECrgytdxlqnxu8rU53wiTqfWo-hdiAS5wFZlqNRcAfyN1uCHvPwmu7yyuUOyWWIDLoLwlMkYct324-8eYJJ8wkodSZfCPbVgbZIDInmRfHz2UAPJz0m9S7_x-F3WhCSfbKHESsBIpyWjtpE5jY13BB28XhCiAQ6ALq-6bHWeBZ_AnYBqOaeVZRqc1LsbKUrpoOHQ0mCH1FUlzE1jWpAU8daVU8xUD9Cd65MyKIrbO9htBEiJMQ%26flowName%3DGeneralOAuthFlow%26as%3DS909499902%253A1787293857065462%2",true,false
48,2417,"accounts.google.com/v3/signin/identifier?opparams=%253F&dsh=S909499902%3A1787293857065462&client_id=950472034074-acj262jqk6trve8i4ndsudqeokvh5pef.apps.googleusercontent.com&o2v=2&redirect_uri=https%3A%2F%2Fd3.delima.edu.my%2Fauthentication%2Fcode&response_type=code&scope=openid+email+profile&service=lso&state=c134d86355c9988b193e8a538ebb4fcc&flowName=GeneralOAuthFlow&continue=https%3A%2F%2Faccounts.google.com%2Fsignin%2Foauth%2Fconsent%3Fauthuser%3Dunknown%26part%3DAJi8hAOrUXisjyLuQ7UypEWFZYvUZxyBb5b_dAk8OuW2Hccvhw02Epu39khqF3UobYUGbNry8w5WMaz16NPh8sfNhpaD73MbC_IE1CBiLbpn0OPp_-YD6kLD89VdeUXU___MCPoKY3DY3973lkL2LHZH_2Uo4-mirCa8xvaqKZlWm7eRApoysZLK8p4dyLomGQouvenTA1HQ2hSW8WrA5lnmaSPdVvI2PyXCgIDSQx-tibU6ECrgytdxlqnxu8rU53wiTqfWo-hdiAS5wFZlqNRcAfyN1uCHvPwmu7yyuUOyWWIDLoLwlMkYct324-8eYJJ8wkodSZfCPbVgbZIDInmRfHz2UAPJz0m9S7_x-F3WhCSfbKHESsBIpyWjtpE5jY13BB28XhCiAQ6ALq-6bHWeBZ_AnYBqOaeVZRqc1LsbKUrpoOHQ0mCH1FUlzE1jWpAU8daVU8xUD9Cd65MyKIrbO9htBEiJMQ%26flowName%3DGeneralOAuthFlow%26as%3DS909499902%253A1787293857065462%2",true,false
48,2523,"Sign in - Google Accounts - Google Chrome",true,false
48,2628,"Sign in - Google Accounts - Google Chrome",true,false
48,2890,"Sign in - Google Accounts - Google Chrome",true,false
48,2992,"Sign in - Google Accounts - Google Chrome",true,false
48,3106,"Sign in - Google Accounts - Google Chrome",true,false
48,3223,"Sign in - Google Accounts - Google Chrome",true,false
48,3331,"Sign in - Google Accounts - Google Chrome",true,false
48,3436,"Sign in - Google Accounts - Google Chrome",true,false
48,3542,"Sign in - Google Accounts - Google Chrome",true,false
48,3655,"Sign in - Google Accounts - Google Chrome",true,false
48,3772,"Sign in - Google Accounts - Google Chrome",true,false
48,3887,"Sign in - Google Accounts - Google Chrome",true,false
48,3992,"Sign in - Google Accounts - Google Chrome",true,false
48,4105,"Sign in - Google Accounts - Google Chrome",true,false
48,4222,"Sign in - Google Accounts - Google Chrome",true,false
48,4336,"Sign in - Google Accounts - Google Chrome",true,false
48,4438,"Sign in - Google Accounts - Google Chrome",true,false
48,4542,"Sign in - Google Accounts - Google Chrome",true,false
48,4657,"Sign in - Google Accounts - Google Chrome",true,false
48,4759,"Sign in - Google Accounts - Google Chrome",true,false
48,4864,"Sign in - Google Accounts - Google Chrome",true,false
48,4969,"Sign in - Google Accounts - Google Chrome",true,false
48,5072,"Sign in - Google Accounts - Google Chrome",true,false
48,5184,"Sign in - Google Accounts - Google Chrome",true,false
48,5298,"Sign in - Google Accounts - Google Chrome",true,false
48,5401,"Sign in - Google Accounts - Google Chrome",true,false
48,5618,"Sign in - Google Accounts - Google Chrome",true,false
48,5732,"Hi RAJA MUHAMMAD AZRIEN BIN RAJA AZAMAN SHAH - Google Chrome",true,false
48,5844,"Hi RAJA MUHAMMAD AZRIEN BIN RAJA AZAMAN SHAH - Google Chrome",true,false
48,5958,"Hi RAJA MUHAMMAD AZRIEN BIN RAJA AZAMAN SHAH - Google Chrome",true,false
48,6068,"Hi RAJA MUHAMMAD AZRIEN BIN RAJA AZAMAN SHAH - Google Chrome",true,true
48,6181,"Hi RAJA MUHAMMAD AZRIEN BIN RAJA AZAMAN SHAH - Google Chrome",true,true
48,6290,"Delima-AutoLogin - Antigravity IDE - README.md",true,false
49,0,"Delima-AutoLogin - Antigravity IDE - README.md",true,false
49,104,"Delima-AutoLogin - Antigravity IDE - README.md",true,false
49,212,"Untitled - Google Chrome",true,false
49,352,"Untitled - Google Chrome",true,false
49,464,"Untitled - Google Chrome",true,false
49,572,"DELIMa 3.0 Digital Educational Learning Initiative Malaysia - Google Chrome",true,false
49,689,"DELIMa 3.0 Digital Educational Learning Initiative Malaysia - Google Chrome",true,false
49,796,"DELIMa 3.0 Digital Educational Learning Initiative Malaysia - Google Chrome",true,false
49,907,"DELIMa 3.0 Digital Educational Learning Initiative Malaysia - Google Chrome",true,false
49,1010,"DELIMa 3.0 Digital Educational Learning Initiative Malaysia - Google Chrome",true,false
49,1115,"DELIMa 3.0 Digital Educational Learning Initiative Malaysia - Google Chrome",true,false
49,1229,"DELIMa 3.0 Digital Educational Learning Initiative Malaysia - Google Chrome",true,false
49,1331,"DELIMa 3.0 Digital Educational Learning Initiative Malaysia - Google Chrome",true,false
49,1445,"DELIMa 3.0 Digital Educational Learning Initiative Malaysia - Google Chrome",true,false
49,1548,"DELIMa 3.0 Digital Educational Learning Initiative Malaysia - Google Chrome",true,false
49,1651,"Translate this page?",true,false
49,1755,"Translate this page?",true,false
49,1864,"Translate this page?",true,false
49,1977,"DELIMa 3.0 Digital Educational Learning Initiative Malaysia - Google Chrome",true,false
49,2081,"DELIMa 3.0 Digital Educational Learning Initiative Malaysia - Google Chrome",true,false
49,2189,"DELIMa 3.0 Digital Educational Learning Initiative Malaysia - Google Chrome",true,false
49,2306,"accounts.google.com/v3/signin/identifier?opparams=%253F&dsh=S-956099627%3A1787293864300509&client_id=950472034074-acj262jqk6trve8i4ndsudqeokvh5pef.apps.googleusercontent.com&o2v=2&redirect_uri=https%3A%2F%2Fd3.delima.edu.my%2Fauthentication%2Fcode&response_type=code&scope=openid+email+profile&service=lso&state=98f3e7c6a83653f2276edaab36b28b4f&flowName=GeneralOAuthFlow&continue=https%3A%2F%2Faccounts.google.com%2Fsignin%2Foauth%2Fconsent%3Fauthuser%3Dunknown%26part%3DAJi8hAPFZwMk0lOAgF0tF5N5nzisSV4c7-Fg78Bm61fRwttKFt6CAZezRSSMc9pexS0aMpp45isNM-LvXvAbaHtLnfIT5wAwPlUTT9sOsH7dDxOBIbbck-wYYd754TH6fRUoM--qjUX90umi7QLUFr5ZKw2WeBbyOhoz9GHGdXdFTt89OpYIabWnIiAsMD6myzkO8TuGu_bzV6S-eJKsFPh5MxHy_VbsSGA3iAqc9WXswHPw5UIEPxRzaAxYw0xiwvXUATBd6Pr-rEQNVnbgGW4HKNxkMQGlTrVHoWmzXUCKfFX80CIkxVtI5DvenKtJN8Ta-c0dwVjpFbmV7LUbSMIGsJoKjSZkzIjDSJ850wnutHBIBPybXIHGmdwsWx_-4-m4vDQAcyiqwmHWxHx6hIaVRRWsoUD4LgdplDs93Wqngvh0avYhHMK5DmEjYVWvYeu-vhrp-jxoTyTKEFoP0K_-ATKLSIFEYw%26flowName%3DGeneralOAuthFlow%26as%3DS-956099627%253A1787293864300509",true,false
49,2410,"accounts.google.com/v3/signin/identifier?opparams=%253F&dsh=S-956099627%3A1787293864300509&client_id=950472034074-acj262jqk6trve8i4ndsudqeokvh5pef.apps.googleusercontent.com&o2v=2&redirect_uri=https%3A%2F%2Fd3.delima.edu.my%2Fauthentication%2Fcode&response_type=code&scope=openid+email+profile&service=lso&state=98f3e7c6a83653f2276edaab36b28b4f&flowName=GeneralOAuthFlow&continue=https%3A%2F%2Faccounts.google.com%2Fsignin%2Foauth%2Fconsent%3Fauthuser%3Dunknown%26part%3DAJi8hAPFZwMk0lOAgF0tF5N5nzisSV4c7-Fg78Bm61fRwttKFt6CAZezRSSMc9pexS0aMpp45isNM-LvXvAbaHtLnfIT5wAwPlUTT9sOsH7dDxOBIbbck-wYYd754TH6fRUoM--qjUX90umi7QLUFr5ZKw2WeBbyOhoz9GHGdXdFTt89OpYIabWnIiAsMD6myzkO8TuGu_bzV6S-eJKsFPh5MxHy_VbsSGA3iAqc9WXswHPw5UIEPxRzaAxYw0xiwvXUATBd6Pr-rEQNVnbgGW4HKNxkMQGlTrVHoWmzXUCKfFX80CIkxVtI5DvenKtJN8Ta-c0dwVjpFbmV7LUbSMIGsJoKjSZkzIjDSJ850wnutHBIBPybXIHGmdwsWx_-4-m4vDQAcyiqwmHWxHx6hIaVRRWsoUD4LgdplDs93Wqngvh0avYhHMK5DmEjYVWvYeu-vhrp-jxoTyTKEFoP0K_-ATKLSIFEYw%26flowName%3DGeneralOAuthFlow%26as%3DS-956099627%253A1787293864300509",true,false
49,2517,"Sign in - Google Accounts - Google Chrome",true,false
49,2624,"Sign in - Google Accounts - Google Chrome",true,false
49,2957,"Sign in - Google Accounts - Google Chrome",true,false
49,3064,"Sign in - Google Accounts - Google Chrome",true,false
49,3174,"Sign in - Google Accounts - Google Chrome",true,false
49,3290,"Sign in - Google Accounts - Google Chrome",true,false
49,3403,"Sign in - Google Accounts - Google Chrome",true,false
49,3519,"Sign in - Google Accounts - Google Chrome",true,false
49,3630,"Sign in - Google Accounts - Google Chrome",true,false
49,3735,"Sign in - Google Accounts - Google Chrome",true,false
49,3843,"Sign in - Google Accounts - Google Chrome",true,false
49,3945,"Sign in - Google Accounts - Google Chrome",true,false
49,4055,"Sign in - Google Accounts - Google Chrome",true,false
49,4160,"Sign in - Google Accounts - Google Chrome",true,false
49,4264,"Sign in - Google Accounts - Google Chrome",true,false
49,4380,"Sign in - Google Accounts - Google Chrome",true,false
49,4484,"Sign in - Google Accounts - Google Chrome",true,false
49,4590,"Sign in - Google Accounts - Google Chrome",true,false
49,4706,"Sign in - Google Accounts - Google Chrome",true,false
49,4821,"Sign in - Google Accounts - Google Chrome",true,false
49,4934,"Sign in - Google Accounts - Google Chrome",true,false
49,5042,"Sign in - Google Accounts - Google Chrome",true,false
49,5161,"Hi RAJA MUHAMMAD AZRIEN BIN RAJA AZAMAN SHAH - Google Chrome",true,false
49,5264,"Hi RAJA MUHAMMAD AZRIEN BIN RAJA AZAMAN SHAH - Google Chrome",true,false
49,5376,"Hi RAJA MUHAMMAD AZRIEN BIN RAJA AZAMAN SHAH - Google Chrome",true,false
49,5489,"Hi RAJA MUHAMMAD AZRIEN BIN RAJA AZAMAN SHAH - Google Chrome",true,true
49,5596,"Hi RAJA MUHAMMAD AZRIEN BIN RAJA AZAMAN SHAH - Google Chrome",true,true
49,5712,"Delima-AutoLogin - Antigravity IDE - README.md",true,false
49,5815,"Delima-AutoLogin - Antigravity IDE - README.md",true,false
50,0,"Delima-AutoLogin - Antigravity IDE - README.md",true,false
50,113,"Delima-AutoLogin - Antigravity IDE - README.md",true,false
50,229,"Untitled - Google Chrome",true,false
50,368,"Untitled - Google Chrome",true,false
50,486,"Untitled - Google Chrome",true,false
50,591,"DELIMa 3.0 Digital Educational Learning Initiative Malaysia - Google Chrome",true,false
50,719,"DELIMa 3.0 Digital Educational Learning Initiative Malaysia - Google Chrome",true,false
50,823,"DELIMa 3.0 Digital Educational Learning Initiative Malaysia - Google Chrome",true,false
50,936,"DELIMa 3.0 Digital Educational Learning Initiative Malaysia - Google Chrome",true,false
50,1039,"DELIMa 3.0 Digital Educational Learning Initiative Malaysia - Google Chrome",true,false
50,1152,"DELIMa 3.0 Digital Educational Learning Initiative Malaysia - Google Chrome",true,false
50,1260,"DELIMa 3.0 Digital Educational Learning Initiative Malaysia - Google Chrome",true,false
50,1363,"Translate this page?",true,false
50,1467,"Translate this page?",true,false
50,1581,"Translate this page?",true,false
50,1685,"DELIMa 3.0 Digital Educational Learning Initiative Malaysia - Google Chrome",true,false
50,1789,"DELIMa 3.0 Digital Educational Learning Initiative Malaysia - Google Chrome",true,false
50,1901,"DELIMa 3.0 Digital Educational Learning Initiative Malaysia - Google Chrome",true,false
50,2004,"DELIMa 3.0 Digital Educational Learning Initiative Malaysia - Google Chrome",true,false
50,2108,"DELIMa 3.0 Digital Educational Learning Initiative Malaysia - Google Chrome",true,false
50,2218,"DELIMa 3.0 Digital Educational Learning Initiative Malaysia - Google Chrome",true,false
50,2323,"DELIMa 3.0 Digital Educational Learning Initiative Malaysia - Google Chrome",true,false
50,2431,"DELIMa 3.0 Digital Educational Learning Initiative Malaysia - Google Chrome",true,false
50,2533,"DELIMa 3.0 Digital Educational Learning Initiative Malaysia - Google Chrome",true,false
50,2648,"DELIMa 3.0 Digital Educational Learning Initiative Malaysia - Google Chrome",true,false
50,2763,"DELIMa 3.0 Digital Educational Learning Initiative Malaysia - Google Chrome",true,false
50,2878,"DELIMa 3.0 Digital Educational Learning Initiative Malaysia - Google Chrome",true,false
50,2987,"DELIMa 3.0 Digital Educational Learning Initiative Malaysia - Google Chrome",true,false
50,3101,"DELIMa 3.0 Digital Educational Learning Initiative Malaysia - Google Chrome",true,false
50,3213,"DELIMa 3.0 Digital Educational Learning Initiative Malaysia - Google Chrome",true,false
50,3324,"DELIMa 3.0 Digital Educational Learning Initiative Malaysia - Google Chrome",true,false
50,3427,"DELIMa 3.0 Digital Educational Learning Initiative Malaysia - Google Chrome",true,false
50,3534,"DELIMa 3.0 Digital Educational Learning Initiative Malaysia - Google Chrome",true,false
50,3638,"DELIMa 3.0 Digital Educational Learning Initiative Malaysia - Google Chrome",true,false
50,3752,"DELIMa 3.0 Digital Educational Learning Initiative Malaysia - Google Chrome",true,false
50,3864,"DELIMa 3.0 Digital Educational Learning Initiative Malaysia - Google Chrome",true,false
50,3969,"DELIMa 3.0 Digital Educational Learning Initiative Malaysia - Google Chrome",true,false
50,4073,"Delima-AutoLogin - Antigravity IDE - README.md",true,false
